UDI,conjunto
1,treino
2,teste
3,treino
4,treino
5,teste
6,teste
7,treino
8,validacao
9,treino
10,teste
11,validacao
12,teste
13,treino
14,teste
15,validacao
16,treino
17,treino
18,treino
19,treino
20,treino
21,teste
22,teste
23,treino
24,treino
25,treino
26,treino
27,treino
28,teste
29,validacao
30,treino
31,treino
32,treino
33,validacao
34,validacao
35,treino
36,teste
37,treino
38,treino
39,teste
40,treino
41,validacao
42,treino
43,teste
44,treino
45,treino
46,validacao
47,treino
48,validacao
49,treino
50,treino
51,treino
52,validacao
53,validacao
54,treino
55,treino
56,teste
57,teste
58,treino
59,validacao
60,treino
61,treino
62,teste
63,treino
64,treino
65,treino
66,teste
67,treino
68,treino
69,treino
70,treino
71,treino
72,treino
73,treino
74,treino
75,treino
76,treino
77,teste
78,treino
79,treino
80,treino
81,teste
82,validacao
83,treino
84,treino
85,validacao
86,treino
87,treino
88,treino
89,validacao
90,treino
91,treino
92,treino
93,teste
94,treino
95,treino
96,treino
97,treino
98,teste
99,validacao
100,treino
101,validacao
102,teste
103,treino
104,treino
105,treino
106,treino
107,treino
108,treino
109,teste
110,treino
111,treino
112,treino
113,validacao
114,treino
115,validacao
116,validacao
117,treino
118,treino
119,validacao
120,teste
121,teste
122,treino
123,validacao
124,treino
125,treino
126,treino
127,treino
128,treino
129,teste
130,teste
131,validacao
132,teste
133,teste
134,teste
135,validacao
136,treino
137,teste
138,treino
139,treino
140,treino
141,teste
142,treino
143,treino
144,teste
145,validacao
146,treino
147,treino
148,treino
149,teste
150,validacao
151,validacao
152,validacao
153,treino
154,treino
155,treino
156,treino
157,teste
158,teste
159,treino
160,validacao
161,validacao
162,treino
163,treino
164,teste
165,validacao
166,treino
167,teste
168,treino
169,treino
170,validacao
171,treino
172,treino
173,treino
174,treino
175,treino
176,treino
177,treino
178,treino
179,treino
180,treino
181,validacao
182,validacao
183,treino
184,treino
185,validacao
186,treino
187,treino
188,validacao
189,treino
190,treino
191,treino
192,treino
193,treino
194,validacao
195,validacao
196,treino
197,teste
198,teste
199,validacao
200,validacao
201,validacao
202,treino
203,treino
204,validacao
205,teste
206,treino
207,validacao
208,treino
209,treino
210,validacao
211,teste
212,validacao
213,validacao
214,validacao
215,teste
216,teste
217,validacao
218,treino
219,treino
220,validacao
221,treino
222,teste
223,treino
224,treino
225,treino
226,treino
227,treino
228,treino
229,treino
230,validacao
231,validacao
232,treino
233,teste
234,teste
235,treino
236,treino
237,treino
238,treino
239,treino
240,treino
241,teste
242,treino
243,teste
244,treino
245,teste
246,validacao
247,treino
248,treino
249,teste
250,teste
251,treino
252,treino
253,treino
254,validacao
255,treino
256,treino
257,treino
258,treino
259,treino
260,treino
261,validacao
262,teste
263,treino
264,treino
265,treino
266,treino
267,treino
268,teste
269,treino
270,treino
271,validacao
272,treino
273,teste
274,treino
275,teste
276,treino
277,treino
278,treino
279,treino
280,validacao
281,treino
282,teste
283,treino
284,teste
285,treino
286,treino
287,treino
288,teste
289,validacao
290,teste
291,treino
292,treino
293,validacao
294,teste
295,treino
296,treino
297,treino
298,treino
299,treino
300,treino
301,validacao
302,treino
303,treino
304,treino
305,validacao
306,treino
307,teste
308,treino
309,treino
310,treino
311,validacao
312,treino
313,treino
314,teste
315,teste
316,treino
317,treino
318,treino
319,teste
320,treino
321,validacao
322,treino
323,treino
324,teste
325,treino
326,treino
327,treino
328,teste
329,validacao
330,treino
331,teste
332,validacao
333,treino
334,treino
335,validacao
336,treino
337,validacao
338,treino
339,treino
340,treino
341,treino
342,treino
343,teste
344,validacao
345,validacao
346,treino
347,treino
348,treino
349,treino
350,treino
351,validacao
352,teste
353,validacao
354,treino
355,teste
356,treino
357,treino
358,treino
359,teste
360,treino
361,treino
362,validacao
363,treino
364,treino
365,treino
366,teste
367,treino
368,treino
369,treino
370,treino
371,treino
372,treino
373,validacao
374,treino
375,treino
376,teste
377,validacao
378,teste
379,validacao
380,treino
381,teste
382,treino
383,validacao
384,treino
385,treino
386,treino
387,teste
388,validacao
389,teste
390,treino
391,validacao
392,treino
393,treino
394,treino
395,treino
396,treino
397,treino
398,treino
399,teste
400,treino
401,treino
402,validacao
403,treino
404,validacao
405,teste
406,teste
407,treino
408,treino
409,treino
410,teste
411,validacao
412,validacao
413,validacao
414,treino
415,treino
416,treino
417,treino
418,teste
419,teste
420,validacao
421,teste
422,treino
423,treino
424,validacao
425,validacao
426,treino
427,teste
428,treino
429,treino
430,treino
431,treino
432,teste
433,validacao
434,teste
435,treino
436,treino
437,treino
438,validacao
439,treino
440,treino
441,validacao
442,validacao
443,treino
444,validacao
445,treino
446,treino
447,treino
448,validacao
449,treino
450,treino
451,validacao
452,treino
453,validacao
454,treino
455,treino
456,treino
457,validacao
458,treino
459,validacao
460,teste
461,validacao
462,treino
463,treino
464,validacao
465,validacao
466,treino
467,treino
468,treino
469,treino
470,treino
471,teste
472,treino
473,treino
474,treino
475,teste
476,treino
477,validacao
478,treino
479,validacao
480,treino
481,treino
482,treino
483,teste
484,validacao
485,treino
486,validacao
487,treino
488,treino
489,treino
490,treino
491,treino
492,treino
493,treino
494,validacao
495,validacao
496,treino
497,treino
498,teste
499,treino
500,treino
501,treino
502,validacao
503,treino
504,treino
505,teste
506,treino
507,treino
508,treino
509,validacao
510,treino
511,treino
512,treino
513,treino
514,treino
515,treino
516,treino
517,validacao
518,treino
519,teste
520,treino
521,teste
522,validacao
523,treino
524,treino
525,treino
526,treino
527,treino
528,validacao
529,teste
530,treino
531,teste
532,treino
533,treino
534,treino
535,treino
536,treino
537,treino
538,treino
539,treino
540,teste
541,validacao
542,teste
543,teste
544,validacao
545,treino
546,teste
547,treino
548,treino
549,treino
550,treino
551,validacao
552,treino
553,teste
554,teste
555,validacao
556,teste
557,treino
558,treino
559,treino
560,validacao
561,treino
562,teste
563,treino
564,treino
565,treino
566,treino
567,treino
568,treino
569,teste
570,treino
571,treino
572,treino
573,teste
574,treino
575,validacao
576,teste
577,treino
578,validacao
579,treino
580,treino
581,validacao
582,treino
583,treino
584,treino
585,treino
586,teste
587,treino
588,treino
589,teste
590,validacao
591,treino
592,teste
593,teste
594,treino
595,treino
596,validacao
597,treino
598,teste
599,validacao
600,treino
601,teste
602,treino
603,treino
604,validacao
605,treino
606,treino
607,treino
608,validacao
609,treino
610,treino
611,treino
612,validacao
613,validacao
614,treino
615,treino
616,treino
617,validacao
618,treino
619,teste
620,treino
621,treino
622,treino
623,validacao
624,treino
625,teste
626,treino
627,validacao
628,treino
629,treino
630,treino
631,treino
632,treino
633,teste
634,validacao
635,treino
636,treino
637,treino
638,teste
639,validacao
640,treino
641,treino
642,validacao
643,validacao
644,treino
645,validacao
646,treino
647,treino
648,teste
649,treino
650,treino
651,treino
652,validacao
653,teste
654,teste
655,validacao
656,validacao
657,teste
658,treino
659,validacao
660,validacao
661,treino
662,treino
663,treino
664,teste
665,treino
666,treino
667,validacao
668,treino
669,treino
670,treino
671,treino
672,validacao
673,treino
674,treino
675,validacao
676,treino
677,treino
678,teste
679,treino
680,teste
681,treino
682,teste
683,treino
684,validacao
685,teste
686,teste
687,treino
688,validacao
689,treino
690,teste
691,treino
692,treino
693,treino
694,treino
695,validacao
696,treino
697,treino
698,validacao
699,treino
700,validacao
701,validacao
702,treino
703,treino
704,treino
705,teste
706,treino
707,teste
708,treino
709,treino
710,validacao
711,treino
712,treino
713,treino
714,treino
715,treino
716,validacao
717,teste
718,teste
719,treino
720,treino
721,treino
722,teste
723,treino
724,treino
725,validacao
726,validacao
727,validacao
728,treino
729,validacao
730,treino
731,treino
732,validacao
733,teste
734,treino
735,teste
736,teste
737,treino
738,treino
739,validacao
740,treino
741,treino
742,treino
743,treino
744,validacao
745,teste
746,validacao
747,treino
748,teste
749,treino
750,validacao
751,validacao
752,validacao
753,treino
754,treino
755,teste
756,treino
757,treino
758,treino
759,treino
760,treino
761,treino
762,treino
763,treino
764,treino
765,validacao
766,treino
767,treino
768,treino
769,teste
770,treino
771,validacao
772,treino
773,treino
774,teste
775,treino
776,treino
777,treino
778,validacao
779,treino
780,teste
781,treino
782,treino
783,treino
784,treino
785,validacao
786,treino
787,treino
788,teste
789,teste
790,teste
791,treino
792,treino
793,treino
794,treino
795,teste
796,validacao
797,treino
798,teste
799,treino
800,treino
801,treino
802,treino
803,validacao
804,teste
805,treino
806,treino
807,treino
808,treino
809,validacao
810,treino
811,teste
812,validacao
813,teste
814,validacao
815,treino
816,treino
817,treino
818,treino
819,validacao
820,validacao
821,treino
822,treino
823,treino
824,teste
825,treino
826,teste
827,treino
828,treino
829,treino
830,validacao
831,treino
832,treino
833,validacao
834,teste
835,treino
836,treino
837,treino
838,treino
839,treino
840,validacao
841,teste
842,teste
843,teste
844,teste
845,teste
846,validacao
847,teste
848,treino
849,treino
850,treino
851,teste
852,treino
853,teste
854,treino
855,treino
856,treino
857,treino
858,treino
859,treino
860,treino
861,treino
862,treino
863,validacao
864,treino
865,treino
866,treino
867,teste
868,treino
869,treino
870,validacao
871,teste
872,teste
873,treino
874,teste
875,teste
876,treino
877,treino
878,validacao
879,treino
880,treino
881,treino
882,teste
883,treino
884,treino
885,teste
886,validacao
887,treino
888,validacao
889,treino
890,validacao
891,treino
892,treino
893,treino
894,treino
895,validacao
896,validacao
897,validacao
898,teste
899,validacao
900,teste
901,treino
902,validacao
903,treino
904,treino
905,treino
906,treino
907,validacao
908,treino
909,validacao
910,treino
911,treino
912,treino
913,validacao
914,teste
915,teste
916,treino
917,teste
918,treino
919,treino
920,treino
921,treino
922,teste
923,treino
924,validacao
925,teste
926,treino
927,teste
928,treino
929,treino
930,treino
931,validacao
932,treino
933,treino
934,treino
935,validacao
936,treino
937,treino
938,treino
939,treino
940,teste
941,teste
942,teste
943,treino
944,teste
945,validacao
946,teste
947,treino
948,teste
949,treino
950,treino
951,treino
952,teste
953,treino
954,validacao
955,treino
956,treino
957,teste
958,treino
959,treino
960,teste
961,validacao
962,treino
963,teste
964,treino
965,treino
966,validacao
967,teste
968,treino
969,treino
970,treino
971,treino
972,treino
973,validacao
974,teste
975,teste
976,validacao
977,teste
978,teste
979,teste
980,teste
981,treino
982,treino
983,teste
984,validacao
985,teste
986,treino
987,teste
988,treino
989,treino
990,teste
991,treino
992,teste
993,treino
994,treino
995,treino
996,validacao
997,treino
998,teste
999,treino
1000,treino
1001,treino
1002,treino
1003,validacao
1004,teste
1005,treino
1006,treino
1007,validacao
1008,teste
1009,treino
1010,teste
1011,validacao
1012,teste
1013,treino
1014,treino
1015,validacao
1016,treino
1017,treino
1018,treino
1019,treino
1020,teste
1021,treino
1022,treino
1023,validacao
1024,validacao
1025,teste
1026,treino
1027,validacao
1028,treino
1029,teste
1030,validacao
1031,treino
1032,teste
1033,teste
1034,validacao
1035,treino
1036,validacao
1037,validacao
1038,validacao
1039,teste
1040,teste
1041,teste
1042,treino
1043,treino
1044,validacao
1045,validacao
1046,teste
1047,treino
1048,treino
1049,treino
1050,treino
1051,teste
1052,validacao
1053,teste
1054,treino
1055,treino
1056,treino
1057,treino
1058,treino
1059,treino
1060,teste
1061,treino
1062,treino
1063,treino
1064,treino
1065,teste
1066,treino
1067,treino
1068,teste
1069,treino
1070,teste
1071,treino
1072,treino
1073,treino
1074,treino
1075,teste
1076,treino
1077,treino
1078,treino
1079,validacao
1080,treino
1081,treino
1082,treino
1083,teste
1084,teste
1085,teste
1086,teste
1087,validacao
1088,treino
1089,teste
1090,teste
1091,treino
1092,teste
1093,teste
1094,validacao
1095,treino
1096,validacao
1097,teste
1098,treino
1099,treino
1100,treino
1101,validacao
1102,treino
1103,treino
1104,treino
1105,teste
1106,treino
1107,treino
1108,treino
1109,teste
1110,teste
1111,validacao
1112,treino
1113,validacao
1114,treino
1115,validacao
1116,treino
1117,treino
1118,treino
1119,treino
1120,treino
1121,treino
1122,treino
1123,treino
1124,treino
1125,treino
1126,treino
1127,treino
1128,teste
1129,treino
1130,treino
1131,validacao
1132,treino
1133,treino
1134,treino
1135,validacao
1136,treino
1137,treino
1138,treino
1139,validacao
1140,treino
1141,treino
1142,treino
1143,treino
1144,treino
1145,treino
1146,treino
1147,treino
1148,validacao
1149,treino
1150,validacao
1151,teste
1152,treino
1153,teste
1154,validacao
1155,treino
1156,treino
1157,treino
1158,validacao
1159,treino
1160,validacao
1161,validacao
1162,treino
1163,validacao
1164,validacao
1165,validacao
1166,treino
1167,treino
1168,treino
1169,validacao
1170,teste
1171,treino
1172,validacao
1173,validacao
1174,validacao
1175,treino
1176,treino
1177,treino
1178,treino
1179,treino
1180,treino
1181,validacao
1182,teste
1183,treino
1184,teste
1185,validacao
1186,treino
1187,treino
1188,teste
1189,validacao
1190,treino
1191,treino
1192,treino
1193,treino
1194,treino
1195,validacao
1196,treino
1197,treino
1198,treino
1199,teste
1200,validacao
1201,teste
1202,validacao
1203,treino
1204,treino
1205,treino
1206,treino
1207,treino
1208,validacao
1209,validacao
1210,treino
1211,teste
1212,treino
1213,treino
1214,treino
1215,validacao
1216,treino
1217,treino
1218,teste
1219,treino
1220,treino
1221,treino
1222,treino
1223,treino
1224,treino
1225,teste
1226,validacao
1227,treino
1228,validacao
1229,treino
1230,treino
1231,treino
1232,teste
1233,validacao
1234,validacao
1235,treino
1236,teste
1237,validacao
1238,treino
1239,teste
1240,treino
1241,treino
1242,teste
1243,treino
1244,validacao
1245,validacao
1246,treino
1247,treino
1248,teste
1249,treino
1250,treino
1251,validacao
1252,teste
1253,treino
1254,treino
1255,treino
1256,validacao
1257,validacao
1258,treino
1259,treino
1260,validacao
1261,treino
1262,treino
1263,teste
1264,treino
1265,treino
1266,treino
1267,treino
1268,validacao
1269,treino
1270,treino
1271,validacao
1272,treino
1273,teste
1274,teste
1275,validacao
1276,validacao
1277,validacao
1278,validacao
1279,treino
1280,treino
1281,treino
1282,teste
1283,treino
1284,treino
1285,treino
1286,validacao
1287,teste
1288,treino
1289,treino
1290,treino
1291,teste
1292,treino
1293,treino
1294,validacao
1295,validacao
1296,validacao
1297,validacao
1298,validacao
1299,treino
1300,teste
1301,teste
1302,teste
1303,treino
1304,teste
1305,validacao
1306,treino
1307,validacao
1308,teste
1309,teste
1310,treino
1311,teste
1312,validacao
1313,treino
1314,teste
1315,teste
1316,treino
1317,validacao
1318,treino
1319,treino
1320,treino
1321,teste
1322,treino
1323,treino
1324,treino
1325,treino
1326,teste
1327,teste
1328,treino
1329,treino
1330,validacao
1331,validacao
1332,teste
1333,treino
1334,treino
1335,treino
1336,treino
1337,treino
1338,teste
1339,teste
1340,treino
1341,treino
1342,teste
1343,treino
1344,teste
1345,teste
1346,teste
1347,treino
1348,treino
1349,treino
1350,teste
1351,treino
1352,treino
1353,treino
1354,teste
1355,treino
1356,validacao
1357,treino
1358,treino
1359,treino
1360,treino
1361,treino
1362,teste
1363,treino
1364,treino
1365,teste
1366,validacao
1367,validacao
1368,treino
1369,teste
1370,treino
1371,teste
1372,validacao
1373,treino
1374,validacao
1375,treino
1376,treino
1377,validacao
1378,treino
1379,teste
1380,teste
1381,validacao
1382,validacao
1383,treino
1384,treino
1385,teste
1386,treino
1387,treino
1388,treino
1389,treino
1390,treino
1391,teste
1392,teste
1393,validacao
1394,treino
1395,treino
1396,validacao
1397,treino
1398,treino
1399,treino
1400,treino
1401,treino
1402,treino
1403,teste
1404,teste
1405,validacao
1406,teste
1407,validacao
1408,treino
1409,treino
1410,validacao
1411,treino
1412,treino
1413,treino
1414,validacao
1415,validacao
1416,treino
1417,treino
1418,treino
1419,teste
1420,validacao
1421,validacao
1422,treino
1423,treino
1424,treino
1425,validacao
1426,teste
1427,teste
1428,teste
1429,teste
1430,teste
1431,treino
1432,treino
1433,treino
1434,teste
1435,treino
1436,treino
1437,validacao
1438,treino
1439,treino
1440,validacao
1441,treino
1442,treino
1443,treino
1444,treino
1445,treino
1446,treino
1447,validacao
1448,treino
1449,teste
1450,teste
1451,validacao
1452,treino
1453,treino
1454,treino
1455,treino
1456,validacao
1457,treino
1458,treino
1459,treino
1460,treino
1461,validacao
1462,validacao
1463,treino
1464,validacao
1465,treino
1466,validacao
1467,validacao
1468,treino
1469,validacao
1470,treino
1471,treino
1472,treino
1473,validacao
1474,treino
1475,treino
1476,teste
1477,treino
1478,validacao
1479,treino
1480,treino
1481,teste
1482,teste
1483,treino
1484,treino
1485,treino
1486,treino
1487,treino
1488,validacao
1489,treino
1490,treino
1491,validacao
1492,treino
1493,treino
1494,treino
1495,treino
1496,treino
1497,validacao
1498,treino
1499,treino
1500,treino
1501,validacao
1502,treino
1503,teste
1504,treino
1505,treino
1506,validacao
1507,validacao
1508,treino
1509,teste
1510,validacao
1511,validacao
1512,treino
1513,validacao
1514,treino
1515,treino
1516,treino
1517,validacao
1518,treino
1519,teste
1520,treino
1521,treino
1522,treino
1523,treino
1524,treino
1525,teste
1526,validacao
1527,treino
1528,teste
1529,treino
1530,treino
1531,treino
1532,treino
1533,validacao
1534,treino
1535,treino
1536,treino
1537,treino
1538,validacao
1539,teste
1540,treino
1541,treino
1542,validacao
1543,treino
1544,teste
1545,treino
1546,validacao
1547,validacao
1548,treino
1549,treino
1550,validacao
1551,validacao
1552,treino
1553,treino
1554,validacao
1555,treino
1556,treino
1557,validacao
1558,validacao
1559,treino
1560,treino
1561,treino
1562,teste
1563,treino
1564,validacao
1565,teste
1566,validacao
1567,treino
1568,teste
1569,teste
1570,treino
1571,treino
1572,teste
1573,treino
1574,treino
1575,teste
1576,treino
1577,treino
1578,validacao
1579,validacao
1580,treino
1581,validacao
1582,validacao
1583,validacao
1584,treino
1585,teste
1586,validacao
1587,teste
1588,treino
1589,treino
1590,validacao
1591,validacao
1592,treino
1593,treino
1594,validacao
1595,treino
1596,validacao
1597,validacao
1598,treino
1599,validacao
1600,treino
1601,teste
1602,treino
1603,treino
1604,treino
1605,treino
1606,teste
1607,treino
1608,treino
1609,treino
1610,validacao
1611,treino
1612,validacao
1613,validacao
1614,treino
1615,treino
1616,validacao
1617,teste
1618,validacao
1619,treino
1620,treino
1621,treino
1622,treino
1623,treino
1624,treino
1625,teste
1626,treino
1627,teste
1628,validacao
1629,treino
1630,treino
1631,teste
1632,treino
1633,treino
1634,treino
1635,treino
1636,treino
1637,teste
1638,treino
1639,treino
1640,treino
1641,validacao
1642,treino
1643,treino
1644,validacao
1645,validacao
1646,treino
1647,treino
1648,treino
1649,treino
1650,teste
1651,teste
1652,treino
1653,teste
1654,treino
1655,treino
1656,treino
1657,treino
1658,treino
1659,treino
1660,treino
1661,validacao
1662,treino
1663,treino
1664,treino
1665,teste
1666,treino
1667,treino
1668,teste
1669,treino
1670,teste
1671,teste
1672,treino
1673,validacao
1674,validacao
1675,treino
1676,treino
1677,treino
1678,treino
1679,teste
1680,treino
1681,treino
1682,teste
1683,treino
1684,teste
1685,treino
1686,teste
1687,teste
1688,validacao
1689,validacao
1690,treino
1691,validacao
1692,teste
1693,teste
1694,validacao
1695,teste
1696,treino
1697,treino
1698,validacao
1699,treino
1700,treino
1701,treino
1702,teste
1703,validacao
1704,treino
1705,treino
1706,treino
1707,treino
1708,treino
1709,treino
1710,teste
1711,teste
1712,treino
1713,treino
1714,teste
1715,treino
1716,treino
1717,validacao
1718,treino
1719,validacao
1720,treino
1721,validacao
1722,treino
1723,treino
1724,treino
1725,teste
1726,teste
1727,treino
1728,teste
1729,teste
1730,validacao
1731,treino
1732,teste
1733,teste
1734,teste
1735,treino
1736,treino
1737,treino
1738,validacao
1739,teste
1740,teste
1741,treino
1742,validacao
1743,validacao
1744,treino
1745,treino
1746,validacao
1747,treino
1748,validacao
1749,treino
1750,validacao
1751,teste
1752,treino
1753,treino
1754,teste
1755,teste
1756,teste
1757,validacao
1758,treino
1759,teste
1760,treino
1761,validacao
1762,validacao
1763,treino
1764,validacao
1765,treino
1766,validacao
1767,treino
1768,treino
1769,treino
1770,validacao
1771,treino
1772,treino
1773,validacao
1774,validacao
1775,treino
1776,validacao
1777,treino
1778,treino
1779,treino
1780,treino
1781,teste
1782,teste
1783,validacao
1784,validacao
1785,validacao
1786,validacao
1787,treino
1788,validacao
1789,treino
1790,treino
1791,treino
1792,teste
1793,treino
1794,treino
1795,treino
1796,treino
1797,treino
1798,validacao
1799,treino
1800,teste
1801,treino
1802,treino
1803,treino
1804,treino
1805,validacao
1806,treino
1807,teste
1808,treino
1809,validacao
1810,teste
1811,treino
1812,teste
1813,teste
1814,teste
1815,treino
1816,treino
1817,treino
1818,validacao
1819,validacao
1820,treino
1821,treino
1822,teste
1823,validacao
1824,treino
1825,treino
1826,treino
1827,treino
1828,treino
1829,treino
1830,treino
1831,treino
1832,validacao
1833,treino
1834,teste
1835,treino
1836,treino
1837,treino
1838,validacao
1839,treino
1840,treino
1841,treino
1842,validacao
1843,treino
1844,teste
1845,treino
1846,treino
1847,treino
1848,teste
1849,teste
1850,teste
1851,teste
1852,treino
1853,treino
1854,teste
1855,treino
1856,treino
1857,treino
1858,treino
1859,treino
1860,treino
1861,treino
1862,teste
1863,treino
1864,validacao
1865,treino
1866,treino
1867,validacao
1868,teste
1869,treino
1870,treino
1871,treino
1872,treino
1873,validacao
1874,treino
1875,teste
1876,treino
1877,treino
1878,treino
1879,treino
1880,teste
1881,treino
1882,treino
1883,validacao
1884,treino
1885,validacao
1886,treino
1887,treino
1888,treino
1889,treino
1890,teste
1891,validacao
1892,validacao
1893,teste
1894,validacao
1895,teste
1896,treino
1897,teste
1898,validacao
1899,treino
1900,treino
1901,treino
1902,validacao
1903,treino
1904,teste
1905,teste
1906,teste
1907,treino
1908,treino
1909,treino
1910,treino
1911,treino
1912,treino
1913,treino
1914,treino
1915,teste
1916,treino
1917,teste
1918,treino
1919,validacao
1920,teste
1921,treino
1922,treino
1923,treino
1924,treino
1925,validacao
1926,treino
1927,teste
1928,validacao
1929,validacao
1930,treino
1931,treino
1932,treino
1933,treino
1934,treino
1935,treino
1936,validacao
1937,treino
1938,treino
1939,teste
1940,treino
1941,treino
1942,treino
1943,validacao
1944,treino
1945,treino
1946,treino
1947,teste
1948,treino
1949,treino
1950,treino
1951,teste
1952,treino
1953,treino
1954,treino
1955,treino
1956,validacao
1957,validacao
1958,teste
1959,validacao
1960,teste
1961,treino
1962,treino
1963,validacao
1964,treino
1965,teste
1966,treino
1967,validacao
1968,treino
1969,teste
1970,treino
1971,treino
1972,treino
1973,treino
1974,treino
1975,treino
1976,treino
1977,teste
1978,treino
1979,teste
1980,treino
1981,treino
1982,teste
1983,teste
1984,validacao
1985,teste
1986,validacao
1987,treino
1988,treino
1989,treino
1990,treino
1991,teste
1992,treino
1993,treino
1994,treino
1995,treino
1996,treino
1997,teste
1998,treino
1999,validacao
2000,teste
2001,treino
2002,teste
2003,treino
2004,treino
2005,validacao
2006,treino
2007,validacao
2008,validacao
2009,validacao
2010,validacao
2011,validacao
2012,teste
2013,treino
2014,validacao
2015,treino
2016,treino
2017,treino
2018,treino
2019,treino
2020,treino
2021,treino
2022,treino
2023,teste
2024,teste
2025,treino
2026,validacao
2027,validacao
2028,treino
2029,validacao
2030,teste
2031,teste
2032,treino
2033,validacao
2034,teste
2035,treino
2036,treino
2037,validacao
2038,treino
2039,treino
2040,teste
2041,validacao
2042,treino
2043,teste
2044,teste
2045,validacao
2046,validacao
2047,teste
2048,teste
2049,treino
2050,treino
2051,teste
2052,teste
2053,treino
2054,teste
2055,treino
2056,validacao
2057,treino
2058,treino
2059,treino
2060,validacao
2061,treino
2062,treino
2063,treino
2064,treino
2065,treino
2066,validacao
2067,treino
2068,treino
2069,validacao
2070,treino
2071,validacao
2072,validacao
2073,treino
2074,treino
2075,treino
2076,treino
2077,treino
2078,treino
2079,treino
2080,treino
2081,teste
2082,teste
2083,validacao
2084,treino
2085,validacao
2086,treino
2087,teste
2088,teste
2089,treino
2090,treino
2091,treino
2092,treino
2093,validacao
2094,treino
2095,teste
2096,validacao
2097,treino
2098,teste
2099,treino
2100,treino
2101,teste
2102,teste
2103,teste
2104,teste
2105,teste
2106,teste
2107,validacao
2108,treino
2109,treino
2110,treino
2111,teste
2112,treino
2113,validacao
2114,treino
2115,teste
2116,validacao
2117,teste
2118,treino
2119,teste
2120,teste
2121,treino
2122,treino
2123,validacao
2124,validacao
2125,treino
2126,treino
2127,teste
2128,validacao
2129,treino
2130,teste
2131,treino
2132,treino
2133,treino
2134,treino
2135,teste
2136,treino
2137,treino
2138,teste
2139,treino
2140,treino
2141,treino
2142,treino
2143,treino
2144,validacao
2145,validacao
2146,treino
2147,validacao
2148,treino
2149,validacao
2150,treino
2151,validacao
2152,treino
2153,treino
2154,validacao
2155,validacao
2156,validacao
2157,treino
2158,treino
2159,validacao
2160,validacao
2161,teste
2162,teste
2163,treino
2164,treino
2165,treino
2166,treino
2167,validacao
2168,treino
2169,treino
2170,teste
2171,treino
2172,treino
2173,teste
2174,treino
2175,validacao
2176,treino
2177,teste
2178,treino
2179,treino
2180,treino
2181,treino
2182,teste
2183,validacao
2184,treino
2185,validacao
2186,treino
2187,treino
2188,treino
2189,treino
2190,validacao
2191,teste
2192,validacao
2193,teste
2194,teste
2195,treino
2196,teste
2197,treino
2198,teste
2199,validacao
2200,teste
2201,treino
2202,treino
2203,treino
2204,teste
2205,treino
2206,treino
2207,treino
2208,treino
2209,treino
2210,treino
2211,treino
2212,treino
2213,teste
2214,treino
2215,treino
2216,treino
2217,treino
2218,treino
2219,teste
2220,treino
2221,treino
2222,validacao
2223,treino
2224,treino
2225,treino
2226,teste
2227,treino
2228,treino
2229,validacao
2230,treino
2231,validacao
2232,treino
2233,treino
2234,treino
2235,treino
2236,treino
2237,treino
2238,teste
2239,validacao
2240,treino
2241,treino
2242,treino
2243,validacao
2244,treino
2245,treino
2246,validacao
2247,treino
2248,treino
2249,teste
2250,treino
2251,teste
2252,teste
2253,treino
2254,treino
2255,validacao
2256,treino
2257,teste
2258,validacao
2259,teste
2260,treino
2261,treino
2262,teste
2263,teste
2264,teste
2265,treino
2266,treino
2267,validacao
2268,treino
2269,treino
2270,treino
2271,teste
2272,validacao
2273,treino
2274,treino
2275,validacao
2276,treino
2277,treino
2278,teste
2279,treino
2280,treino
2281,treino
2282,treino
2283,treino
2284,treino
2285,treino
2286,treino
2287,treino
2288,treino
2289,validacao
2290,treino
2291,treino
2292,treino
2293,treino
2294,treino
2295,treino
2296,treino
2297,treino
2298,treino
2299,validacao
2300,treino
2301,treino
2302,treino
2303,teste
2304,treino
2305,treino
2306,validacao
2307,treino
2308,treino
2309,validacao
2310,validacao
2311,treino
2312,treino
2313,treino
2314,validacao
2315,teste
2316,treino
2317,treino
2318,validacao
2319,validacao
2320,treino
2321,validacao
2322,treino
2323,treino
2324,validacao
2325,teste
2326,validacao
2327,treino
2328,treino
2329,treino
2330,treino
2331,treino
2332,validacao
2333,validacao
2334,treino
2335,treino
2336,treino
2337,treino
2338,treino
2339,treino
2340,teste
2341,treino
2342,treino
2343,treino
2344,treino
2345,treino
2346,treino
2347,treino
2348,treino
2349,treino
2350,treino
2351,teste
2352,treino
2353,treino
2354,validacao
2355,treino
2356,treino
2357,treino
2358,treino
2359,treino
2360,treino
2361,treino
2362,treino
2363,treino
2364,validacao
2365,treino
2366,treino
2367,treino
2368,validacao
2369,treino
2370,treino
2371,treino
2372,validacao
2373,treino
2374,treino
2375,treino
2376,treino
2377,validacao
2378,treino
2379,validacao
2380,treino
2381,validacao
2382,validacao
2383,treino
2384,teste
2385,validacao
2386,treino
2387,treino
2388,treino
2389,teste
2390,treino
2391,validacao
2392,treino
2393,treino
2394,treino
2395,treino
2396,validacao
2397,teste
2398,teste
2399,treino
2400,treino
2401,treino
2402,teste
2403,treino
2404,validacao
2405,teste
2406,treino
2407,treino
2408,treino
2409,validacao
2410,treino
2411,treino
2412,treino
2413,treino
2414,teste
2415,teste
2416,validacao
2417,validacao
2418,teste
2419,treino
2420,treino
2421,teste
2422,teste
2423,treino
2424,validacao
2425,treino
2426,treino
2427,validacao
2428,teste
2429,treino
2430,treino
2431,teste
2432,treino
2433,validacao
2434,teste
2435,treino
2436,validacao
2437,treino
2438,treino
2439,validacao
2440,treino
2441,validacao
2442,treino
2443,validacao
2444,teste
2445,teste
2446,teste
2447,teste
2448,treino
2449,teste
2450,treino
2451,treino
2452,validacao
2453,treino
2454,teste
2455,treino
2456,treino
2457,teste
2458,treino
2459,validacao
2460,teste
2461,treino
2462,treino
2463,treino
2464,treino
2465,treino
2466,treino
2467,teste
2468,treino
2469,treino
2470,treino
2471,treino
2472,teste
2473,treino
2474,treino
2475,teste
2476,treino
2477,treino
2478,treino
2479,treino
2480,validacao
2481,treino
2482,treino
2483,teste
2484,treino
2485,teste
2486,treino
2487,validacao
2488,treino
2489,treino
2490,treino
2491,teste
2492,teste
2493,treino
2494,teste
2495,validacao
2496,validacao
2497,treino
2498,teste
2499,treino
2500,validacao
2501,treino
2502,treino
2503,treino
2504,treino
2505,validacao
2506,treino
2507,validacao
2508,treino
2509,teste
2510,treino
2511,treino
2512,treino
2513,treino
2514,treino
2515,treino
2516,treino
2517,treino
2518,treino
2519,treino
2520,teste
2521,treino
2522,treino
2523,treino
2524,treino
2525,treino
2526,validacao
2527,treino
2528,treino
2529,treino
2530,treino
2531,treino
2532,teste
2533,treino
2534,validacao
2535,teste
2536,treino
2537,treino
2538,teste
2539,validacao
2540,teste
2541,treino
2542,treino
2543,treino
2544,treino
2545,teste
2546,treino
2547,treino
2548,teste
2549,treino
2550,validacao
2551,treino
2552,treino
2553,treino
2554,treino
2555,teste
2556,treino
2557,teste
2558,treino
2559,treino
2560,treino
2561,treino
2562,treino
2563,validacao
2564,treino
2565,treino
2566,validacao
2567,teste
2568,teste
2569,treino
2570,teste
2571,treino
2572,treino
2573,validacao
2574,treino
2575,treino
2576,treino
2577,teste
2578,treino
2579,validacao
2580,treino
2581,treino
2582,treino
2583,treino
2584,treino
2585,validacao
2586,treino
2587,treino
2588,validacao
2589,treino
2590,treino
2591,treino
2592,treino
2593,treino
2594,validacao
2595,treino
2596,treino
2597,treino
2598,validacao
2599,treino
2600,teste
2601,treino
2602,treino
2603,validacao
2604,treino
2605,treino
2606,teste
2607,teste
2608,treino
2609,teste
2610,treino
2611,validacao
2612,validacao
2613,teste
2614,treino
2615,treino
2616,treino
2617,treino
2618,treino
2619,teste
2620,treino
2621,treino
2622,treino
2623,treino
2624,treino
2625,teste
2626,teste
2627,treino
2628,teste
2629,treino
2630,treino
2631,treino
2632,treino
2633,treino
2634,validacao
2635,treino
2636,teste
2637,validacao
2638,treino
2639,validacao
2640,validacao
2641,teste
2642,treino
2643,treino
2644,treino
2645,treino
2646,treino
2647,treino
2648,validacao
2649,validacao
2650,treino
2651,treino
2652,treino
2653,treino
2654,treino
2655,validacao
2656,validacao
2657,treino
2658,teste
2659,treino
2660,treino
2661,teste
2662,treino
2663,treino
2664,treino
2665,treino
2666,treino
2667,teste
2668,validacao
2669,treino
2670,validacao
2671,treino
2672,teste
2673,teste
2674,treino
2675,validacao
2676,treino
2677,validacao
2678,treino
2679,treino
2680,validacao
2681,teste
2682,treino
2683,treino
2684,treino
2685,treino
2686,treino
2687,treino
2688,treino
2689,treino
2690,treino
2691,treino
2692,validacao
2693,treino
2694,teste
2695,treino
2696,treino
2697,validacao
2698,treino
2699,treino
2700,treino
2701,teste
2702,treino
2703,treino
2704,teste
2705,teste
2706,treino
2707,validacao
2708,teste
2709,treino
2710,treino
2711,treino
2712,treino
2713,validacao
2714,teste
2715,treino
2716,treino
2717,treino
2718,treino
2719,treino
2720,validacao
2721,treino
2722,treino
2723,treino
2724,treino
2725,treino
2726,validacao
2727,validacao
2728,treino
2729,validacao
2730,treino
2731,treino
2732,treino
2733,validacao
2734,treino
2735,treino
2736,teste
2737,treino
2738,treino
2739,treino
2740,validacao
2741,validacao
2742,treino
2743,teste
2744,treino
2745,validacao
2746,treino
2747,validacao
2748,teste
2749,treino
2750,treino
2751,teste
2752,treino
2753,treino
2754,treino
2755,validacao
2756,treino
2757,treino
2758,treino
2759,validacao
2760,treino
2761,treino
2762,validacao
2763,treino
2764,teste
2765,treino
2766,teste
2767,validacao
2768,validacao
2769,treino
2770,treino
2771,treino
2772,treino
2773,validacao
2774,teste
2775,treino
2776,treino
2777,treino
2778,treino
2779,teste
2780,validacao
2781,treino
2782,teste
2783,teste
2784,teste
2785,treino
2786,treino
2787,treino
2788,teste
2789,treino
2790,teste
2791,teste
2792,validacao
2793,treino
2794,treino
2795,treino
2796,validacao
2797,treino
2798,treino
2799,treino
2800,treino
2801,validacao
2802,teste
2803,treino
2804,teste
2805,teste
2806,treino
2807,teste
2808,treino
2809,teste
2810,teste
2811,teste
2812,treino
2813,treino
2814,treino
2815,teste
2816,teste
2817,treino
2818,teste
2819,treino
2820,treino
2821,treino
2822,treino
2823,teste
2824,validacao
2825,validacao
2826,treino
2827,validacao
2828,treino
2829,treino
2830,treino
2831,validacao
2832,treino
2833,treino
2834,validacao
2835,treino
2836,treino
2837,treino
2838,validacao
2839,teste
2840,treino
2841,treino
2842,treino
2843,teste
2844,treino
2845,treino
2846,treino
2847,validacao
2848,treino
2849,treino
2850,teste
2851,treino
2852,treino
2853,teste
2854,treino
2855,treino
2856,treino
2857,teste
2858,treino
2859,treino
2860,treino
2861,treino
2862,teste
2863,validacao
2864,treino
2865,teste
2866,teste
2867,treino
2868,validacao
2869,treino
2870,teste
2871,validacao
2872,treino
2873,treino
2874,treino
2875,treino
2876,treino
2877,treino
2878,treino
2879,teste
2880,treino
2881,treino
2882,teste
2883,treino
2884,treino
2885,teste
2886,treino
2887,treino
2888,teste
2889,treino
2890,treino
2891,validacao
2892,treino
2893,validacao
2894,validacao
2895,validacao
2896,treino
2897,treino
2898,teste
2899,treino
2900,treino
2901,treino
2902,treino
2903,validacao
2904,teste
2905,treino
2906,teste
2907,treino
2908,treino
2909,validacao
2910,treino
2911,treino
2912,teste
2913,teste
2914,treino
2915,treino
2916,validacao
2917,validacao
2918,teste
2919,validacao
2920,treino
2921,validacao
2922,treino
2923,teste
2924,treino
2925,treino
2926,treino
2927,treino
2928,treino
2929,validacao
2930,treino
2931,treino
2932,treino
2933,treino
2934,treino
2935,validacao
2936,treino
2937,teste
2938,treino
2939,treino
2940,teste
2941,validacao
2942,teste
2943,validacao
2944,teste
2945,treino
2946,teste
2947,teste
2948,treino
2949,treino
2950,teste
2951,treino
2952,treino
2953,teste
2954,treino
2955,treino
2956,treino
2957,treino
2958,validacao
2959,treino
2960,validacao
2961,treino
2962,treino
2963,validacao
2964,teste
2965,treino
2966,teste
2967,treino
2968,treino
2969,validacao
2970,validacao
2971,teste
2972,treino
2973,teste
2974,treino
2975,validacao
2976,validacao
2977,treino
2978,validacao
2979,treino
2980,treino
2981,treino
2982,validacao
2983,validacao
2984,treino
2985,treino
2986,teste
2987,validacao
2988,treino
2989,teste
2990,treino
2991,treino
2992,treino
2993,treino
2994,validacao
2995,teste
2996,treino
2997,treino
2998,teste
2999,validacao
3000,treino
3001,treino
3002,treino
3003,treino
3004,validacao
3005,treino
3006,validacao
3007,teste
3008,treino
3009,treino
3010,treino
3011,treino
3012,treino
3013,treino
3014,teste
3015,treino
3016,treino
3017,validacao
3018,treino
3019,treino
3020,treino
3021,treino
3022,validacao
3023,teste
3024,treino
3025,treino
3026,treino
3027,teste
3028,validacao
3029,treino
3030,treino
3031,validacao
3032,validacao
3033,teste
3034,treino
3035,teste
3036,treino
3037,validacao
3038,teste
3039,validacao
3040,treino
3041,treino
3042,treino
3043,treino
3044,teste
3045,treino
3046,teste
3047,treino
3048,teste
3049,treino
3050,treino
3051,treino
3052,teste
3053,teste
3054,treino
3055,treino
3056,teste
3057,treino
3058,validacao
3059,treino
3060,teste
3061,treino
3062,treino
3063,validacao
3064,treino
3065,treino
3066,teste
3067,validacao
3068,validacao
3069,treino
3070,treino
3071,treino
3072,treino
3073,treino
3074,treino
3075,treino
3076,treino
3077,validacao
3078,treino
3079,treino
3080,treino
3081,teste
3082,teste
3083,treino
3084,treino
3085,treino
3086,teste
3087,treino
3088,treino
3089,treino
3090,treino
3091,treino
3092,teste
3093,validacao
3094,treino
3095,treino
3096,validacao
3097,teste
3098,validacao
3099,teste
3100,treino
3101,treino
3102,treino
3103,treino
3104,treino
3105,teste
3106,treino
3107,teste
3108,treino
3109,validacao
3110,treino
3111,treino
3112,treino
3113,treino
3114,validacao
3115,treino
3116,validacao
3117,treino
3118,teste
3119,teste
3120,validacao
3121,treino
3122,treino
3123,treino
3124,treino
3125,validacao
3126,validacao
3127,validacao
3128,teste
3129,teste
3130,treino
3131,teste
3132,treino
3133,teste
3134,validacao
3135,validacao
3136,treino
3137,treino
3138,treino
3139,treino
3140,treino
3141,treino
3142,treino
3143,treino
3144,validacao
3145,teste
3146,treino
3147,treino
3148,treino
3149,treino
3150,teste
3151,teste
3152,treino
3153,treino
3154,validacao
3155,treino
3156,treino
3157,treino
3158,treino
3159,teste
3160,validacao
3161,treino
3162,treino
3163,treino
3164,teste
3165,validacao
3166,treino
3167,treino
3168,treino
3169,validacao
3170,treino
3171,teste
3172,validacao
3173,treino
3174,treino
3175,treino
3176,treino
3177,teste
3178,treino
3179,treino
3180,treino
3181,treino
3182,teste
3183,treino
3184,treino
3185,treino
3186,teste
3187,treino
3188,treino
3189,treino
3190,treino
3191,treino
3192,validacao
3193,validacao
3194,treino
3195,teste
3196,treino
3197,treino
3198,treino
3199,treino
3200,treino
3201,treino
3202,teste
3203,treino
3204,treino
3205,treino
3206,treino
3207,validacao
3208,validacao
3209,treino
3210,treino
3211,validacao
3212,treino
3213,validacao
3214,validacao
3215,treino
3216,treino
3217,validacao
3218,treino
3219,teste
3220,treino
3221,treino
3222,teste
3223,validacao
3224,treino
3225,teste
3226,validacao
3227,validacao
3228,treino
3229,treino
3230,teste
3231,treino
3232,treino
3233,teste
3234,validacao
3235,teste
3236,treino
3237,treino
3238,treino
3239,treino
3240,treino
3241,treino
3242,treino
3243,treino
3244,treino
3245,treino
3246,treino
3247,treino
3248,treino
3249,teste
3250,treino
3251,treino
3252,teste
3253,teste
3254,treino
3255,treino
3256,teste
3257,teste
3258,teste
3259,treino
3260,treino
3261,treino
3262,treino
3263,validacao
3264,validacao
3265,teste
3266,treino
3267,treino
3268,teste
3269,treino
3270,treino
3271,treino
3272,teste
3273,treino
3274,validacao
3275,treino
3276,treino
3277,treino
3278,validacao
3279,validacao
3280,treino
3281,treino
3282,treino
3283,treino
3284,validacao
3285,treino
3286,validacao
3287,treino
3288,treino
3289,validacao
3290,treino
3291,treino
3292,treino
3293,treino
3294,treino
3295,treino
3296,teste
3297,treino
3298,treino
3299,validacao
3300,validacao
3301,validacao
3302,validacao
3303,teste
3304,teste
3305,treino
3306,treino
3307,treino
3308,teste
3309,validacao
3310,teste
3311,validacao
3312,teste
3313,treino
3314,validacao
3315,treino
3316,treino
3317,treino
3318,treino
3319,teste
3320,treino
3321,teste
3322,teste
3323,treino
3324,treino
3325,treino
3326,treino
3327,validacao
3328,treino
3329,teste
3330,treino
3331,treino
3332,treino
3333,treino
3334,treino
3335,treino
3336,treino
3337,validacao
3338,treino
3339,validacao
3340,treino
3341,treino
3342,validacao
3343,treino
3344,validacao
3345,validacao
3346,teste
3347,teste
3348,validacao
3349,treino
3350,treino
3351,treino
3352,validacao
3353,treino
3354,validacao
3355,validacao
3356,treino
3357,treino
3358,treino
3359,treino
3360,validacao
3361,treino
3362,validacao
3363,treino
3364,treino
3365,treino
3366,treino
3367,validacao
3368,validacao
3369,validacao
3370,treino
3371,treino
3372,validacao
3373,treino
3374,teste
3375,treino
3376,treino
3377,teste
3378,validacao
3379,treino
3380,treino
3381,treino
3382,validacao
3383,teste
3384,validacao
3385,treino
3386,treino
3387,teste
3388,treino
3389,treino
3390,validacao
3391,validacao
3392,treino
3393,teste
3394,treino
3395,validacao
3396,treino
3397,treino
3398,treino
3399,treino
3400,validacao
3401,validacao
3402,treino
3403,treino
3404,treino
3405,validacao
3406,treino
3407,teste
3408,validacao
3409,treino
3410,teste
3411,validacao
3412,treino
3413,teste
3414,treino
3415,validacao
3416,treino
3417,treino
3418,teste
3419,treino
3420,validacao
3421,teste
3422,treino
3423,treino
3424,treino
3425,teste
3426,teste
3427,treino
3428,teste
3429,validacao
3430,validacao
3431,treino
3432,treino
3433,treino
3434,treino
3435,treino
3436,treino
3437,teste
3438,treino
3439,teste
3440,treino
3441,validacao
3442,treino
3443,treino
3444,treino
3445,treino
3446,validacao
3447,teste
3448,validacao
3449,treino
3450,treino
3451,teste
3452,teste
3453,treino
3454,teste
3455,treino
3456,teste
3457,teste
3458,treino
3459,treino
3460,teste
3461,validacao
3462,validacao
3463,treino
3464,teste
3465,treino
3466,treino
3467,treino
3468,treino
3469,teste
3470,validacao
3471,treino
3472,treino
3473,teste
3474,treino
3475,teste
3476,validacao
3477,treino
3478,teste
3479,treino
3480,validacao
3481,treino
3482,treino
3483,treino
3484,treino
3485,treino
3486,treino
3487,treino
3488,validacao
3489,treino
3490,treino
3491,treino
3492,treino
3493,validacao
3494,treino
3495,validacao
3496,validacao
3497,treino
3498,treino
3499,validacao
3500,teste
3501,teste
3502,treino
3503,teste
3504,teste
3505,treino
3506,validacao
3507,treino
3508,treino
3509,validacao
3510,validacao
3511,teste
3512,treino
3513,treino
3514,teste
3515,treino
3516,teste
3517,treino
3518,treino
3519,treino
3520,teste
3521,treino
3522,treino
3523,treino
3524,teste
3525,treino
3526,treino
3527,treino
3528,teste
3529,treino
3530,treino
3531,treino
3532,teste
3533,treino
3534,treino
3535,treino
3536,treino
3537,teste
3538,teste
3539,teste
3540,validacao
3541,treino
3542,treino
3543,validacao
3544,treino
3545,validacao
3546,treino
3547,treino
3548,teste
3549,treino
3550,treino
3551,treino
3552,teste
3553,treino
3554,treino
3555,treino
3556,treino
3557,treino
3558,teste
3559,treino
3560,treino
3561,treino
3562,teste
3563,treino
3564,treino
3565,treino
3566,validacao
3567,treino
3568,treino
3569,treino
3570,treino
3571,teste
3572,teste
3573,treino
3574,treino
3575,treino
3576,teste
3577,treino
3578,treino
3579,treino
3580,treino
3581,validacao
3582,treino
3583,teste
3584,treino
3585,treino
3586,treino
3587,treino
3588,treino
3589,treino
3590,treino
3591,treino
3592,treino
3593,teste
3594,teste
3595,treino
3596,treino
3597,teste
3598,teste
3599,validacao
3600,treino
3601,treino
3602,treino
3603,validacao
3604,teste
3605,treino
3606,treino
3607,treino
3608,treino
3609,treino
3610,treino
3611,treino
3612,treino
3613,treino
3614,treino
3615,treino
3616,treino
3617,treino
3618,teste
3619,teste
3620,validacao
3621,treino
3622,treino
3623,treino
3624,treino
3625,treino
3626,treino
3627,validacao
3628,treino
3629,treino
3630,treino
3631,validacao
3632,treino
3633,treino
3634,treino
3635,treino
3636,treino
3637,teste
3638,treino
3639,treino
3640,treino
3641,teste
3642,treino
3643,validacao
3644,teste
3645,validacao
3646,validacao
3647,treino
3648,validacao
3649,teste
3650,treino
3651,treino
3652,teste
3653,treino
3654,validacao
3655,treino
3656,teste
3657,treino
3658,treino
3659,treino
3660,teste
3661,treino
3662,treino
3663,treino
3664,treino
3665,treino
3666,validacao
3667,teste
3668,treino
3669,teste
3670,validacao
3671,validacao
3672,teste
3673,treino
3674,treino
3675,validacao
3676,treino
3677,treino
3678,validacao
3679,teste
3680,treino
3681,treino
3682,teste
3683,teste
3684,teste
3685,treino
3686,treino
3687,teste
3688,validacao
3689,teste
3690,treino
3691,treino
3692,treino
3693,validacao
3694,validacao
3695,treino
3696,teste
3697,treino
3698,treino
3699,treino
3700,teste
3701,treino
3702,validacao
3703,treino
3704,treino
3705,treino
3706,treino
3707,treino
3708,treino
3709,validacao
3710,treino
3711,treino
3712,treino
3713,teste
3714,treino
3715,treino
3716,treino
3717,teste
3718,treino
3719,teste
3720,treino
3721,treino
3722,validacao
3723,teste
3724,treino
3725,teste
3726,teste
3727,validacao
3728,teste
3729,validacao
3730,teste
3731,treino
3732,treino
3733,treino
3734,teste
3735,validacao
3736,validacao
3737,treino
3738,treino
3739,treino
3740,treino
3741,validacao
3742,treino
3743,treino
3744,teste
3745,treino
3746,treino
3747,validacao
3748,treino
3749,treino
3750,treino
3751,treino
3752,treino
3753,treino
3754,treino
3755,teste
3756,validacao
3757,treino
3758,validacao
3759,treino
3760,treino
3761,validacao
3762,treino
3763,teste
3764,teste
3765,validacao
3766,teste
3767,teste
3768,validacao
3769,validacao
3770,treino
3771,treino
3772,teste
3773,validacao
3774,treino
3775,treino
3776,treino
3777,treino
3778,teste
3779,treino
3780,treino
3781,validacao
3782,treino
3783,treino
3784,treino
3785,treino
3786,teste
3787,teste
3788,validacao
3789,validacao
3790,treino
3791,treino
3792,validacao
3793,teste
3794,treino
3795,teste
3796,validacao
3797,treino
3798,treino
3799,treino
3800,treino
3801,treino
3802,teste
3803,treino
3804,treino
3805,teste
3806,treino
3807,teste
3808,teste
3809,treino
3810,treino
3811,treino
3812,validacao
3813,teste
3814,treino
3815,teste
3816,treino
3817,treino
3818,treino
3819,treino
3820,treino
3821,teste
3822,treino
3823,validacao
3824,treino
3825,treino
3826,treino
3827,treino
3828,treino
3829,treino
3830,treino
3831,teste
3832,treino
3833,validacao
3834,teste
3835,treino
3836,treino
3837,teste
3838,treino
3839,validacao
3840,teste
3841,treino
3842,treino
3843,validacao
3844,teste
3845,treino
3846,validacao
3847,treino
3848,treino
3849,treino
3850,treino
3851,treino
3852,teste
3853,treino
3854,treino
3855,treino
3856,treino
3857,teste
3858,treino
3859,teste
3860,teste
3861,validacao
3862,treino
3863,teste
3864,treino
3865,validacao
3866,treino
3867,teste
3868,treino
3869,treino
3870,treino
3871,treino
3872,treino
3873,treino
3874,teste
3875,treino
3876,treino
3877,teste
3878,treino
3879,validacao
3880,treino
3881,treino
3882,treino
3883,treino
3884,treino
3885,validacao
3886,validacao
3887,teste
3888,validacao
3889,treino
3890,treino
3891,treino
3892,treino
3893,treino
3894,validacao
3895,validacao
3896,teste
3897,treino
3898,treino
3899,treino
3900,treino
3901,treino
3902,validacao
3903,teste
3904,treino
3905,treino
3906,treino
3907,treino
3908,validacao
3909,teste
3910,teste
3911,teste
3912,treino
3913,teste
3914,treino
3915,validacao
3916,validacao
3917,teste
3918,treino
3919,validacao
3920,treino
3921,validacao
3922,treino
3923,validacao
3924,treino
3925,treino
3926,treino
3927,teste
3928,treino
3929,treino
3930,treino
3931,treino
3932,validacao
3933,validacao
3934,treino
3935,validacao
3936,teste
3937,validacao
3938,treino
3939,treino
3940,treino
3941,teste
3942,treino
3943,treino
3944,treino
3945,teste
3946,treino
3947,teste
3948,validacao
3949,treino
3950,teste
3951,validacao
3952,teste
3953,treino
3954,treino
3955,treino
3956,teste
3957,validacao
3958,validacao
3959,validacao
3960,validacao
3961,treino
3962,treino
3963,validacao
3964,validacao
3965,teste
3966,validacao
3967,teste
3968,treino
3969,treino
3970,teste
3971,validacao
3972,treino
3973,treino
3974,validacao
3975,teste
3976,treino
3977,treino
3978,teste
3979,treino
3980,treino
3981,treino
3982,treino
3983,treino
3984,treino
3985,treino
3986,treino
3987,treino
3988,validacao
3989,validacao
3990,teste
3991,treino
3992,teste
3993,treino
3994,treino
3995,validacao
3996,treino
3997,treino
3998,validacao
3999,treino
4000,treino
4001,treino
4002,teste
4003,validacao
4004,treino
4005,treino
4006,treino
4007,treino
4008,treino
4009,treino
4010,treino
4011,validacao
4012,validacao
4013,validacao
4014,teste
4015,treino
4016,teste
4017,treino
4018,validacao
4019,treino
4020,treino
4021,treino
4022,treino
4023,treino
4024,validacao
4025,treino
4026,treino
4027,teste
4028,validacao
4029,teste
4030,treino
4031,treino
4032,teste
4033,treino
4034,validacao
4035,teste
4036,teste
4037,treino
4038,treino
4039,treino
4040,treino
4041,treino
4042,treino
4043,treino
4044,validacao
4045,treino
4046,treino
4047,treino
4048,treino
4049,treino
4050,treino
4051,teste
4052,treino
4053,treino
4054,validacao
4055,treino
4056,treino
4057,treino
4058,treino
4059,treino
4060,teste
4061,teste
4062,treino
4063,treino
4064,validacao
4065,teste
4066,treino
4067,treino
4068,treino
4069,treino
4070,validacao
4071,validacao
4072,treino
4073,treino
4074,validacao
4075,treino
4076,treino
4077,treino
4078,treino
4079,teste
4080,treino
4081,teste
4082,teste
4083,treino
4084,teste
4085,treino
4086,teste
4087,treino
4088,treino
4089,treino
4090,treino
4091,treino
4092,validacao
4093,validacao
4094,treino
4095,treino
4096,validacao
4097,treino
4098,treino
4099,treino
4100,teste
4101,teste
4102,validacao
4103,treino
4104,treino
4105,treino
4106,treino
4107,teste
4108,validacao
4109,treino
4110,treino
4111,treino
4112,teste
4113,treino
4114,teste
4115,treino
4116,treino
4117,treino
4118,validacao
4119,treino
4120,validacao
4121,teste
4122,validacao
4123,teste
4124,treino
4125,treino
4126,validacao
4127,teste
4128,treino
4129,treino
4130,treino
4131,teste
4132,treino
4133,teste
4134,validacao
4135,teste
4136,validacao
4137,teste
4138,treino
4139,treino
4140,treino
4141,treino
4142,teste
4143,treino
4144,teste
4145,treino
4146,treino
4147,treino
4148,treino
4149,treino
4150,treino
4151,treino
4152,treino
4153,validacao
4154,treino
4155,treino
4156,treino
4157,teste
4158,treino
4159,treino
4160,treino
4161,teste
4162,treino
4163,treino
4164,treino
4165,validacao
4166,treino
4167,validacao
4168,validacao
4169,treino
4170,treino
4171,teste
4172,validacao
4173,treino
4174,treino
4175,treino
4176,validacao
4177,teste
4178,treino
4179,treino
4180,teste
4181,validacao
4182,treino
4183,treino
4184,treino
4185,treino
4186,treino
4187,treino
4188,treino
4189,validacao
4190,treino
4191,treino
4192,validacao
4193,teste
4194,treino
4195,validacao
4196,treino
4197,teste
4198,treino
4199,treino
4200,treino
4201,treino
4202,teste
4203,validacao
4204,validacao
4205,treino
4206,treino
4207,treino
4208,treino
4209,treino
4210,validacao
4211,treino
4212,treino
4213,teste
4214,treino
4215,treino
4216,treino
4217,treino
4218,treino
4219,treino
4220,treino
4221,treino
4222,treino
4223,teste
4224,teste
4225,treino
4226,treino
4227,validacao
4228,validacao
4229,treino
4230,treino
4231,treino
4232,teste
4233,treino
4234,validacao
4235,validacao
4236,validacao
4237,treino
4238,treino
4239,treino
4240,treino
4241,validacao
4242,teste
4243,treino
4244,teste
4245,treino
4246,treino
4247,treino
4248,treino
4249,treino
4250,validacao
4251,teste
4252,treino
4253,treino
4254,treino
4255,treino
4256,teste
4257,validacao
4258,treino
4259,teste
4260,treino
4261,treino
4262,treino
4263,treino
4264,treino
4265,teste
4266,validacao
4267,treino
4268,validacao
4269,treino
4270,validacao
4271,teste
4272,teste
4273,validacao
4274,validacao
4275,teste
4276,treino
4277,treino
4278,treino
4279,treino
4280,validacao
4281,treino
4282,validacao
4283,treino
4284,teste
4285,validacao
4286,treino
4287,validacao
4288,teste
4289,teste
4290,validacao
4291,validacao
4292,teste
4293,treino
4294,treino
4295,treino
4296,treino
4297,teste
4298,teste
4299,treino
4300,treino
4301,treino
4302,treino
4303,treino
4304,treino
4305,treino
4306,teste
4307,treino
4308,teste
4309,validacao
4310,treino
4311,treino
4312,treino
4313,teste
4314,treino
4315,treino
4316,teste
4317,treino
4318,treino
4319,treino
4320,teste
4321,treino
4322,validacao
4323,treino
4324,treino
4325,teste
4326,treino
4327,treino
4328,teste
4329,treino
4330,teste
4331,teste
4332,validacao
4333,teste
4334,validacao
4335,treino
4336,treino
4337,treino
4338,teste
4339,treino
4340,teste
4341,treino
4342,treino
4343,teste
4344,validacao
4345,validacao
4346,treino
4347,validacao
4348,treino
4349,treino
4350,teste
4351,treino
4352,teste
4353,treino
4354,validacao
4355,treino
4356,treino
4357,treino
4358,teste
4359,treino
4360,treino
4361,teste
4362,treino
4363,treino
4364,teste
4365,treino
4366,treino
4367,treino
4368,teste
4369,treino
4370,validacao
4371,treino
4372,treino
4373,treino
4374,validacao
4375,teste
4376,treino
4377,validacao
4378,validacao
4379,treino
4380,teste
4381,treino
4382,teste
4383,treino
4384,treino
4385,teste
4386,treino
4387,treino
4388,treino
4389,treino
4390,treino
4391,treino
4392,treino
4393,teste
4394,treino
4395,teste
4396,treino
4397,treino
4398,treino
4399,validacao
4400,treino
4401,treino
4402,treino
4403,treino
4404,teste
4405,teste
4406,treino
4407,treino
4408,treino
4409,treino
4410,treino
4411,treino
4412,validacao
4413,validacao
4414,teste
4415,treino
4416,treino
4417,validacao
4418,treino
4419,treino
4420,treino
4421,treino
4422,treino
4423,validacao
4424,validacao
4425,treino
4426,treino
4427,treino
4428,teste
4429,treino
4430,teste
4431,treino
4432,teste
4433,treino
4434,treino
4435,treino
4436,validacao
4437,validacao
4438,teste
4439,treino
4440,validacao
4441,treino
4442,treino
4443,treino
4444,treino
4445,treino
4446,treino
4447,treino
4448,treino
4449,treino
4450,teste
4451,teste
4452,treino
4453,treino
4454,teste
4455,teste
4456,treino
4457,treino
4458,validacao
4459,teste
4460,treino
4461,treino
4462,teste
4463,validacao
4464,treino
4465,treino
4466,treino
4467,teste
4468,validacao
4469,treino
4470,treino
4471,validacao
4472,teste
4473,treino
4474,treino
4475,teste
4476,treino
4477,treino
4478,validacao
4479,treino
4480,validacao
4481,treino
4482,treino
4483,validacao
4484,validacao
4485,validacao
4486,treino
4487,treino
4488,teste
4489,teste
4490,treino
4491,treino
4492,treino
4493,validacao
4494,treino
4495,validacao
4496,teste
4497,treino
4498,treino
4499,validacao
4500,treino
4501,validacao
4502,validacao
4503,teste
4504,validacao
4505,treino
4506,treino
4507,treino
4508,treino
4509,teste
4510,validacao
4511,treino
4512,treino
4513,treino
4514,treino
4515,treino
4516,treino
4517,treino
4518,validacao
4519,treino
4520,validacao
4521,validacao
4522,treino
4523,treino
4524,validacao
4525,treino
4526,teste
4527,treino
4528,treino
4529,treino
4530,treino
4531,treino
4532,treino
4533,treino
4534,treino
4535,validacao
4536,treino
4537,treino
4538,treino
4539,teste
4540,treino
4541,treino
4542,validacao
4543,teste
4544,teste
4545,teste
4546,treino
4547,teste
4548,treino
4549,validacao
4550,treino
4551,validacao
4552,treino
4553,treino
4554,treino
4555,treino
4556,treino
4557,treino
4558,treino
4559,treino
4560,treino
4561,treino
4562,validacao
4563,validacao
4564,treino
4565,treino
4566,teste
4567,teste
4568,treino
4569,treino
4570,treino
4571,treino
4572,treino
4573,treino
4574,validacao
4575,validacao
4576,teste
4577,teste
4578,teste
4579,validacao
4580,treino
4581,treino
4582,treino
4583,validacao
4584,treino
4585,teste
4586,validacao
4587,treino
4588,teste
4589,teste
4590,treino
4591,treino
4592,teste
4593,treino
4594,treino
4595,validacao
4596,validacao
4597,validacao
4598,treino
4599,treino
4600,treino
4601,teste
4602,teste
4603,treino
4604,treino
4605,teste
4606,treino
4607,validacao
4608,validacao
4609,treino
4610,treino
4611,teste
4612,treino
4613,treino
4614,treino
4615,teste
4616,treino
4617,validacao
4618,teste
4619,teste
4620,teste
4621,treino
4622,treino
4623,validacao
4624,treino
4625,treino
4626,teste
4627,teste
4628,teste
4629,teste
4630,treino
4631,teste
4632,treino
4633,teste
4634,treino
4635,treino
4636,treino
4637,teste
4638,treino
4639,validacao
4640,treino
4641,validacao
4642,teste
4643,treino
4644,treino
4645,treino
4646,treino
4647,treino
4648,treino
4649,treino
4650,treino
4651,teste
4652,validacao
4653,teste
4654,treino
4655,treino
4656,treino
4657,validacao
4658,treino
4659,treino
4660,treino
4661,treino
4662,teste
4663,treino
4664,treino
4665,treino
4666,treino
4667,treino
4668,teste
4669,treino
4670,treino
4671,treino
4672,teste
4673,validacao
4674,teste
4675,treino
4676,treino
4677,teste
4678,validacao
4679,treino
4680,teste
4681,treino
4682,validacao
4683,validacao
4684,treino
4685,treino
4686,validacao
4687,treino
4688,validacao
4689,treino
4690,treino
4691,treino
4692,treino
4693,teste
4694,treino
4695,validacao
4696,teste
4697,teste
4698,teste
4699,teste
4700,teste
4701,teste
4702,teste
4703,treino
4704,treino
4705,teste
4706,validacao
4707,validacao
4708,treino
4709,treino
4710,validacao
4711,validacao
4712,treino
4713,validacao
4714,validacao
4715,treino
4716,validacao
4717,treino
4718,treino
4719,validacao
4720,treino
4721,teste
4722,treino
4723,treino
4724,validacao
4725,treino
4726,treino
4727,treino
4728,teste
4729,treino
4730,treino
4731,treino
4732,treino
4733,validacao
4734,treino
4735,validacao
4736,teste
4737,validacao
4738,validacao
4739,validacao
4740,treino
4741,treino
4742,treino
4743,validacao
4744,teste
4745,treino
4746,treino
4747,treino
4748,treino
4749,treino
4750,validacao
4751,treino
4752,validacao
4753,treino
4754,treino
4755,teste
4756,teste
4757,treino
4758,validacao
4759,teste
4760,treino
4761,teste
4762,treino
4763,treino
4764,treino
4765,treino
4766,teste
4767,teste
4768,treino
4769,validacao
4770,treino
4771,treino
4772,treino
4773,treino
4774,treino
4775,treino
4776,teste
4777,validacao
4778,treino
4779,teste
4780,treino
4781,treino
4782,treino
4783,treino
4784,treino
4785,validacao
4786,treino
4787,teste
4788,teste
4789,validacao
4790,validacao
4791,teste
4792,validacao
4793,treino
4794,treino
4795,teste
4796,treino
4797,treino
4798,treino
4799,treino
4800,treino
4801,treino
4802,validacao
4803,treino
4804,validacao
4805,treino
4806,treino
4807,teste
4808,treino
4809,treino
4810,treino
4811,teste
4812,treino
4813,validacao
4814,treino
4815,treino
4816,validacao
4817,validacao
4818,validacao
4819,validacao
4820,treino
4821,treino
4822,validacao
4823,teste
4824,treino
4825,treino
4826,treino
4827,treino
4828,treino
4829,treino
4830,treino
4831,validacao
4832,treino
4833,treino
4834,treino
4835,treino
4836,treino
4837,treino
4838,teste
4839,teste
4840,validacao
4841,treino
4842,validacao
4843,treino
4844,treino
4845,treino
4846,treino
4847,treino
4848,treino
4849,treino
4850,teste
4851,treino
4852,teste
4853,treino
4854,treino
4855,treino
4856,treino
4857,validacao
4858,treino
4859,treino
4860,treino
4861,treino
4862,teste
4863,treino
4864,treino
4865,treino
4866,teste
4867,teste
4868,treino
4869,treino
4870,treino
4871,treino
4872,teste
4873,treino
4874,teste
4875,treino
4876,treino
4877,treino
4878,teste
4879,treino
4880,treino
4881,treino
4882,treino
4883,validacao
4884,validacao
4885,validacao
4886,treino
4887,validacao
4888,teste
4889,validacao
4890,validacao
4891,treino
4892,teste
4893,validacao
4894,treino
4895,treino
4896,validacao
4897,treino
4898,treino
4899,treino
4900,teste
4901,treino
4902,validacao
4903,teste
4904,validacao
4905,teste
4906,treino
4907,validacao
4908,treino
4909,treino
4910,treino
4911,treino
4912,treino
4913,teste
4914,treino
4915,validacao
4916,treino
4917,treino
4918,treino
4919,treino
4920,treino
4921,treino
4922,treino
4923,treino
4924,treino
4925,treino
4926,treino
4927,validacao
4928,validacao
4929,treino
4930,treino
4931,treino
4932,validacao
4933,treino
4934,teste
4935,treino
4936,treino
4937,treino
4938,treino
4939,validacao
4940,treino
4941,treino
4942,validacao
4943,treino
4944,treino
4945,treino
4946,validacao
4947,treino
4948,treino
4949,validacao
4950,treino
4951,teste
4952,treino
4953,treino
4954,treino
4955,treino
4956,treino
4957,treino
4958,treino
4959,treino
4960,treino
4961,teste
4962,validacao
4963,treino
4964,teste
4965,validacao
4966,treino
4967,teste
4968,teste
4969,teste
4970,treino
4971,treino
4972,treino
4973,validacao
4974,treino
4975,treino
4976,treino
4977,treino
4978,treino
4979,treino
4980,treino
4981,teste
4982,validacao
4983,validacao
4984,validacao
4985,treino
4986,teste
4987,treino
4988,validacao
4989,treino
4990,treino
4991,validacao
4992,teste
4993,treino
4994,validacao
4995,teste
4996,treino
4997,treino
4998,treino
4999,treino
5000,treino
5001,treino
5002,treino
5003,treino
5004,validacao
5005,treino
5006,treino
5007,treino
5008,treino
5009,treino
5010,treino
5011,validacao
5012,treino
5013,teste
5014,treino
5015,treino
5016,teste
5017,treino
5018,treino
5019,teste
5020,teste
5021,validacao
5022,treino
5023,treino
5024,teste
5025,treino
5026,teste
5027,treino
5028,treino
5029,validacao
5030,treino
5031,teste
5032,treino
5033,validacao
5034,treino
5035,teste
5036,treino
5037,treino
5038,treino
5039,treino
5040,teste
5041,teste
5042,teste
5043,treino
5044,treino
5045,teste
5046,treino
5047,teste
5048,treino
5049,treino
5050,treino
5051,treino
5052,validacao
5053,treino
5054,treino
5055,treino
5056,treino
5057,teste
5058,validacao
5059,treino
5060,treino
5061,treino
5062,treino
5063,treino
5064,treino
5065,treino
5066,treino
5067,treino
5068,treino
5069,teste
5070,treino
5071,treino
5072,treino
5073,teste
5074,treino
5075,treino
5076,validacao
5077,treino
5078,validacao
5079,teste
5080,treino
5081,treino
5082,treino
5083,treino
5084,teste
5085,treino
5086,validacao
5087,teste
5088,teste
5089,treino
5090,treino
5091,teste
5092,teste
5093,treino
5094,validacao
5095,treino
5096,teste
5097,teste
5098,treino
5099,treino
5100,treino
5101,treino
5102,validacao
5103,validacao
5104,treino
5105,treino
5106,validacao
5107,teste
5108,validacao
5109,treino
5110,validacao
5111,teste
5112,treino
5113,treino
5114,teste
5115,treino
5116,treino
5117,validacao
5118,treino
5119,validacao
5120,teste
5121,treino
5122,teste
5123,treino
5124,validacao
5125,teste
5126,treino
5127,teste
5128,validacao
5129,treino
5130,teste
5131,teste
5132,validacao
5133,treino
5134,treino
5135,validacao
5136,treino
5137,validacao
5138,treino
5139,treino
5140,treino
5141,treino
5142,treino
5143,teste
5144,treino
5145,validacao
5146,treino
5147,treino
5148,teste
5149,teste
5150,teste
5151,treino
5152,treino
5153,treino
5154,treino
5155,treino
5156,treino
5157,treino
5158,treino
5159,treino
5160,validacao
5161,treino
5162,treino
5163,validacao
5164,treino
5165,teste
5166,validacao
5167,validacao
5168,treino
5169,treino
5170,teste
5171,treino
5172,teste
5173,validacao
5174,treino
5175,treino
5176,treino
5177,validacao
5178,validacao
5179,treino
5180,treino
5181,treino
5182,treino
5183,teste
5184,treino
5185,teste
5186,validacao
5187,treino
5188,treino
5189,treino
5190,treino
5191,treino
5192,validacao
5193,treino
5194,treino
5195,treino
5196,teste
5197,treino
5198,treino
5199,treino
5200,treino
5201,validacao
5202,validacao
5203,teste
5204,validacao
5205,treino
5206,validacao
5207,teste
5208,teste
5209,treino
5210,teste
5211,treino
5212,teste
5213,treino
5214,treino
5215,teste
5216,treino
5217,validacao
5218,treino
5219,teste
5220,treino
5221,treino
5222,treino
5223,validacao
5224,treino
5225,validacao
5226,teste
5227,treino
5228,treino
5229,validacao
5230,treino
5231,treino
5232,validacao
5233,treino
5234,validacao
5235,validacao
5236,treino
5237,treino
5238,treino
5239,treino
5240,treino
5241,treino
5242,treino
5243,treino
5244,treino
5245,teste
5246,treino
5247,treino
5248,treino
5249,treino
5250,treino
5251,treino
5252,treino
5253,treino
5254,treino
5255,treino
5256,teste
5257,validacao
5258,treino
5259,treino
5260,validacao
5261,treino
5262,treino
5263,treino
5264,treino
5265,treino
5266,treino
5267,treino
5268,validacao
5269,teste
5270,treino
5271,teste
5272,validacao
5273,treino
5274,treino
5275,validacao
5276,treino
5277,treino
5278,validacao
5279,validacao
5280,validacao
5281,treino
5282,treino
5283,teste
5284,treino
5285,treino
5286,treino
5287,teste
5288,treino
5289,treino
5290,treino
5291,teste
5292,teste
5293,treino
5294,treino
5295,validacao
5296,teste
5297,treino
5298,treino
5299,treino
5300,validacao
5301,treino
5302,validacao
5303,teste
5304,treino
5305,validacao
5306,teste
5307,treino
5308,teste
5309,treino
5310,treino
5311,treino
5312,treino
5313,treino
5314,teste
5315,treino
5316,validacao
5317,treino
5318,treino
5319,treino
5320,treino
5321,treino
5322,treino
5323,treino
5324,teste
5325,teste
5326,teste
5327,treino
5328,treino
5329,teste
5330,validacao
5331,treino
5332,treino
5333,treino
5334,validacao
5335,treino
5336,validacao
5337,treino
5338,validacao
5339,treino
5340,treino
5341,treino
5342,treino
5343,treino
5344,treino
5345,treino
5346,teste
5347,teste
5348,treino
5349,treino
5350,treino
5351,teste
5352,validacao
5353,treino
5354,validacao
5355,treino
5356,validacao
5357,teste
5358,teste
5359,treino
5360,treino
5361,validacao
5362,treino
5363,treino
5364,teste
5365,validacao
5366,teste
5367,validacao
5368,teste
5369,treino
5370,treino
5371,treino
5372,validacao
5373,treino
5374,validacao
5375,treino
5376,teste
5377,validacao
5378,teste
5379,validacao
5380,treino
5381,treino
5382,treino
5383,treino
5384,teste
5385,treino
5386,treino
5387,validacao
5388,treino
5389,treino
5390,treino
5391,treino
5392,teste
5393,validacao
5394,treino
5395,treino
5396,validacao
5397,treino
5398,treino
5399,treino
5400,teste
5401,treino
5402,treino
5403,treino
5404,teste
5405,validacao
5406,validacao
5407,teste
5408,treino
5409,treino
5410,treino
5411,treino
5412,treino
5413,treino
5414,treino
5415,validacao
5416,treino
5417,treino
5418,teste
5419,treino
5420,validacao
5421,treino
5422,treino
5423,teste
5424,teste
5425,teste
5426,treino
5427,treino
5428,teste
5429,treino
5430,treino
5431,treino
5432,treino
5433,validacao
5434,teste
5435,treino
5436,treino
5437,teste
5438,validacao
5439,validacao
5440,treino
5441,treino
5442,validacao
5443,treino
5444,treino
5445,treino
5446,treino
5447,validacao
5448,treino
5449,teste
5450,treino
5451,validacao
5452,treino
5453,teste
5454,teste
5455,treino
5456,treino
5457,treino
5458,treino
5459,validacao
5460,validacao
5461,treino
5462,treino
5463,treino
5464,treino
5465,treino
5466,treino
5467,validacao
5468,teste
5469,treino
5470,treino
5471,treino
5472,validacao
5473,treino
5474,validacao
5475,validacao
5476,treino
5477,validacao
5478,teste
5479,teste
5480,validacao
5481,validacao
5482,treino
5483,teste
5484,teste
5485,treino
5486,teste
5487,treino
5488,validacao
5489,treino
5490,teste
5491,treino
5492,treino
5493,treino
5494,treino
5495,treino
5496,treino
5497,teste
5498,validacao
5499,treino
5500,teste
5501,treino
5502,validacao
5503,validacao
5504,teste
5505,validacao
5506,teste
5507,treino
5508,treino
5509,validacao
5510,validacao
5511,treino
5512,treino
5513,treino
5514,validacao
5515,treino
5516,validacao
5517,validacao
5518,validacao
5519,treino
5520,treino
5521,treino
5522,treino
5523,teste
5524,teste
5525,treino
5526,validacao
5527,treino
5528,teste
5529,treino
5530,treino
5531,treino
5532,treino
5533,validacao
5534,treino
5535,teste
5536,treino
5537,treino
5538,treino
5539,treino
5540,teste
5541,treino
5542,teste
5543,treino
5544,teste
5545,treino
5546,treino
5547,validacao
5548,teste
5549,treino
5550,teste
5551,treino
5552,treino
5553,treino
5554,teste
5555,treino
5556,validacao
5557,validacao
5558,validacao
5559,treino
5560,teste
5561,treino
5562,validacao
5563,validacao
5564,teste
5565,treino
5566,treino
5567,treino
5568,teste
5569,teste
5570,treino
5571,treino
5572,treino
5573,treino
5574,treino
5575,teste
5576,validacao
5577,validacao
5578,validacao
5579,treino
5580,treino
5581,treino
5582,treino
5583,teste
5584,treino
5585,treino
5586,treino
5587,treino
5588,validacao
5589,treino
5590,validacao
5591,teste
5592,teste
5593,treino
5594,validacao
5595,teste
5596,treino
5597,teste
5598,validacao
5599,treino
5600,treino
5601,teste
5602,treino
5603,treino
5604,treino
5605,treino
5606,treino
5607,treino
5608,treino
5609,treino
5610,treino
5611,validacao
5612,treino
5613,validacao
5614,treino
5615,validacao
5616,treino
5617,validacao
5618,validacao
5619,treino
5620,treino
5621,teste
5622,validacao
5623,treino
5624,teste
5625,validacao
5626,validacao
5627,validacao
5628,validacao
5629,validacao
5630,treino
5631,treino
5632,treino
5633,treino
5634,teste
5635,treino
5636,treino
5637,validacao
5638,teste
5639,validacao
5640,treino
5641,teste
5642,treino
5643,teste
5644,teste
5645,validacao
5646,treino
5647,treino
5648,validacao
5649,treino
5650,treino
5651,treino
5652,teste
5653,treino
5654,validacao
5655,treino
5656,validacao
5657,teste
5658,treino
5659,teste
5660,treino
5661,treino
5662,treino
5663,treino
5664,teste
5665,treino
5666,teste
5667,treino
5668,treino
5669,treino
5670,treino
5671,teste
5672,treino
5673,treino
5674,teste
5675,treino
5676,validacao
5677,validacao
5678,validacao
5679,validacao
5680,teste
5681,treino
5682,treino
5683,treino
5684,validacao
5685,treino
5686,validacao
5687,treino
5688,treino
5689,treino
5690,treino
5691,treino
5692,validacao
5693,teste
5694,treino
5695,treino
5696,teste
5697,treino
5698,treino
5699,treino
5700,teste
5701,teste
5702,teste
5703,validacao
5704,teste
5705,validacao
5706,teste
5707,teste
5708,treino
5709,validacao
5710,validacao
5711,treino
5712,treino
5713,treino
5714,treino
5715,teste
5716,treino
5717,treino
5718,treino
5719,treino
5720,teste
5721,treino
5722,treino
5723,treino
5724,treino
5725,treino
5726,treino
5727,teste
5728,treino
5729,teste
5730,treino
5731,treino
5732,treino
5733,teste
5734,validacao
5735,validacao
5736,treino
5737,treino
5738,validacao
5739,teste
5740,treino
5741,validacao
5742,validacao
5743,teste
5744,treino
5745,treino
5746,treino
5747,treino
5748,teste
5749,treino
5750,treino
5751,validacao
5752,validacao
5753,treino
5754,treino
5755,treino
5756,treino
5757,treino
5758,treino
5759,treino
5760,treino
5761,treino
5762,treino
5763,treino
5764,treino
5765,treino
5766,treino
5767,treino
5768,treino
5769,treino
5770,treino
5771,validacao
5772,treino
5773,validacao
5774,treino
5775,treino
5776,treino
5777,validacao
5778,treino
5779,validacao
5780,treino
5781,treino
5782,treino
5783,teste
5784,validacao
5785,validacao
5786,treino
5787,teste
5788,teste
5789,teste
5790,validacao
5791,treino
5792,teste
5793,treino
5794,teste
5795,validacao
5796,teste
5797,treino
5798,validacao
5799,validacao
5800,treino
5801,validacao
5802,validacao
5803,treino
5804,treino
5805,treino
5806,treino
5807,treino
5808,validacao
5809,validacao
5810,treino
5811,treino
5812,treino
5813,teste
5814,treino
5815,treino
5816,treino
5817,treino
5818,teste
5819,treino
5820,teste
5821,teste
5822,teste
5823,treino
5824,validacao
5825,treino
5826,treino
5827,treino
5828,teste
5829,treino
5830,validacao
5831,teste
5832,treino
5833,validacao
5834,treino
5835,treino
5836,treino
5837,treino
5838,teste
5839,validacao
5840,treino
5841,teste
5842,validacao
5843,treino
5844,validacao
5845,teste
5846,treino
5847,treino
5848,validacao
5849,teste
5850,treino
5851,validacao
5852,treino
5853,teste
5854,treino
5855,treino
5856,validacao
5857,teste
5858,treino
5859,treino
5860,treino
5861,treino
5862,validacao
5863,treino
5864,treino
5865,treino
5866,treino
5867,treino
5868,treino
5869,treino
5870,treino
5871,teste
5872,teste
5873,treino
5874,treino
5875,teste
5876,validacao
5877,treino
5878,teste
5879,teste
5880,treino
5881,treino
5882,treino
5883,treino
5884,teste
5885,treino
5886,treino
5887,treino
5888,treino
5889,validacao
5890,treino
5891,validacao
5892,treino
5893,treino
5894,validacao
5895,treino
5896,treino
5897,teste
5898,teste
5899,treino
5900,validacao
5901,treino
5902,treino
5903,treino
5904,treino
5905,treino
5906,treino
5907,treino
5908,teste
5909,treino
5910,validacao
5911,treino
5912,teste
5913,treino
5914,treino
5915,treino
5916,treino
5917,treino
5918,treino
5919,validacao
5920,treino
5921,validacao
5922,treino
5923,treino
5924,validacao
5925,treino
5926,treino
5927,treino
5928,validacao
5929,teste
5930,treino
5931,validacao
5932,validacao
5933,treino
5934,treino
5935,treino
5936,treino
5937,treino
5938,treino
5939,treino
5940,treino
5941,treino
5942,validacao
5943,treino
5944,treino
5945,teste
5946,teste
5947,treino
5948,treino
5949,treino
5950,treino
5951,treino
5952,validacao
5953,treino
5954,teste
5955,treino
5956,treino
5957,validacao
5958,treino
5959,teste
5960,treino
5961,treino
5962,treino
5963,treino
5964,treino
5965,treino
5966,treino
5967,treino
5968,teste
5969,treino
5970,validacao
5971,treino
5972,treino
5973,teste
5974,treino
5975,validacao
5976,treino
5977,treino
5978,treino
5979,teste
5980,validacao
5981,teste
5982,treino
5983,treino
5984,treino
5985,validacao
5986,validacao
5987,teste
5988,treino
5989,teste
5990,treino
5991,treino
5992,validacao
5993,validacao
5994,treino
5995,validacao
5996,treino
5997,teste
5998,treino
5999,treino
6000,validacao
6001,teste
6002,validacao
6003,treino
6004,treino
6005,treino
6006,teste
6007,treino
6008,treino
6009,treino
6010,treino
6011,treino
6012,treino
6013,teste
6014,treino
6015,teste
6016,teste
6017,treino
6018,treino
6019,treino
6020,treino
6021,teste
6022,treino
6023,teste
6024,treino
6025,treino
6026,treino
6027,validacao
6028,treino
6029,validacao
6030,teste
6031,treino
6032,treino
6033,teste
6034,treino
6035,treino
6036,teste
6037,treino
6038,validacao
6039,treino
6040,treino
6041,validacao
6042,validacao
6043,treino
6044,treino
6045,teste
6046,treino
6047,treino
6048,teste
6049,treino
6050,validacao
6051,treino
6052,treino
6053,teste
6054,teste
6055,treino
6056,treino
6057,treino
6058,teste
6059,teste
6060,validacao
6061,validacao
6062,treino
6063,validacao
6064,treino
6065,treino
6066,validacao
6067,treino
6068,teste
6069,treino
6070,treino
6071,treino
6072,treino
6073,treino
6074,treino
6075,validacao
6076,treino
6077,treino
6078,treino
6079,teste
6080,treino
6081,treino
6082,treino
6083,validacao
6084,treino
6085,treino
6086,treino
6087,treino
6088,treino
6089,validacao
6090,validacao
6091,teste
6092,validacao
6093,treino
6094,treino
6095,treino
6096,treino
6097,treino
6098,treino
6099,treino
6100,treino
6101,treino
6102,teste
6103,treino
6104,treino
6105,treino
6106,treino
6107,treino
6108,treino
6109,treino
6110,treino
6111,validacao
6112,teste
6113,teste
6114,treino
6115,validacao
6116,treino
6117,teste
6118,validacao
6119,treino
6120,treino
6121,validacao
6122,teste
6123,treino
6124,treino
6125,validacao
6126,treino
6127,treino
6128,teste
6129,validacao
6130,validacao
6131,treino
6132,treino
6133,treino
6134,validacao
6135,teste
6136,teste
6137,treino
6138,treino
6139,teste
6140,validacao
6141,treino
6142,validacao
6143,treino
6144,validacao
6145,treino
6146,validacao
6147,validacao
6148,validacao
6149,treino
6150,teste
6151,validacao
6152,validacao
6153,teste
6154,treino
6155,validacao
6156,teste
6157,treino
6158,treino
6159,treino
6160,treino
6161,treino
6162,treino
6163,validacao
6164,validacao
6165,treino
6166,treino
6167,treino
6168,treino
6169,treino
6170,treino
6171,treino
6172,treino
6173,validacao
6174,teste
6175,treino
6176,teste
6177,treino
6178,teste
6179,validacao
6180,treino
6181,teste
6182,treino
6183,teste
6184,validacao
6185,teste
6186,treino
6187,validacao
6188,treino
6189,validacao
6190,treino
6191,treino
6192,treino
6193,treino
6194,treino
6195,treino
6196,treino
6197,validacao
6198,treino
6199,treino
6200,treino
6201,treino
6202,treino
6203,teste
6204,treino
6205,teste
6206,treino
6207,treino
6208,treino
6209,teste
6210,treino
6211,teste
6212,treino
6213,teste
6214,treino
6215,treino
6216,teste
6217,treino
6218,validacao
6219,treino
6220,treino
6221,teste
6222,treino
6223,validacao
6224,treino
6225,treino
6226,treino
6227,validacao
6228,teste
6229,treino
6230,treino
6231,validacao
6232,treino
6233,teste
6234,treino
6235,treino
6236,treino
6237,teste
6238,treino
6239,teste
6240,treino
6241,validacao
6242,validacao
6243,treino
6244,validacao
6245,treino
6246,teste
6247,treino
6248,teste
6249,validacao
6250,treino
6251,teste
6252,teste
6253,validacao
6254,treino
6255,treino
6256,treino
6257,validacao
6258,validacao
6259,treino
6260,treino
6261,treino
6262,teste
6263,treino
6264,validacao
6265,validacao
6266,treino
6267,teste
6268,treino
6269,treino
6270,treino
6271,treino
6272,treino
6273,treino
6274,treino
6275,validacao
6276,treino
6277,teste
6278,validacao
6279,treino
6280,teste
6281,teste
6282,validacao
6283,treino
6284,teste
6285,treino
6286,treino
6287,treino
6288,treino
6289,teste
6290,treino
6291,validacao
6292,treino
6293,teste
6294,treino
6295,treino
6296,teste
6297,treino
6298,treino
6299,treino
6300,teste
6301,treino
6302,validacao
6303,teste
6304,treino
6305,treino
6306,treino
6307,teste
6308,treino
6309,treino
6310,treino
6311,treino
6312,teste
6313,validacao
6314,validacao
6315,treino
6316,treino
6317,teste
6318,validacao
6319,treino
6320,treino
6321,treino
6322,treino
6323,validacao
6324,teste
6325,treino
6326,validacao
6327,treino
6328,treino
6329,validacao
6330,treino
6331,treino
6332,treino
6333,treino
6334,treino
6335,treino
6336,validacao
6337,treino
6338,validacao
6339,treino
6340,treino
6341,treino
6342,treino
6343,validacao
6344,teste
6345,treino
6346,treino
6347,treino
6348,teste
6349,teste
6350,treino
6351,treino
6352,treino
6353,treino
6354,treino
6355,teste
6356,teste
6357,treino
6358,treino
6359,treino
6360,treino
6361,teste
6362,treino
6363,validacao
6364,validacao
6365,teste
6366,treino
6367,treino
6368,teste
6369,validacao
6370,teste
6371,teste
6372,validacao
6373,treino
6374,treino
6375,treino
6376,treino
6377,treino
6378,treino
6379,treino
6380,treino
6381,treino
6382,teste
6383,treino
6384,treino
6385,treino
6386,validacao
6387,treino
6388,teste
6389,treino
6390,treino
6391,validacao
6392,treino
6393,treino
6394,treino
6395,treino
6396,treino
6397,validacao
6398,teste
6399,treino
6400,treino
6401,validacao
6402,teste
6403,treino
6404,validacao
6405,treino
6406,treino
6407,treino
6408,validacao
6409,treino
6410,treino
6411,treino
6412,treino
6413,treino
6414,treino
6415,treino
6416,teste
6417,treino
6418,treino
6419,treino
6420,validacao
6421,teste
6422,validacao
6423,treino
6424,treino
6425,treino
6426,treino
6427,validacao
6428,treino
6429,treino
6430,validacao
6431,teste
6432,treino
6433,teste
6434,treino
6435,teste
6436,validacao
6437,treino
6438,treino
6439,teste
6440,treino
6441,validacao
6442,treino
6443,treino
6444,treino
6445,treino
6446,treino
6447,validacao
6448,treino
6449,treino
6450,teste
6451,teste
6452,teste
6453,treino
6454,treino
6455,treino
6456,treino
6457,teste
6458,treino
6459,validacao
6460,treino
6461,treino
6462,treino
6463,treino
6464,teste
6465,treino
6466,treino
6467,treino
6468,treino
6469,treino
6470,treino
6471,treino
6472,treino
6473,validacao
6474,validacao
6475,treino
6476,treino
6477,treino
6478,treino
6479,treino
6480,teste
6481,treino
6482,treino
6483,validacao
6484,treino
6485,validacao
6486,treino
6487,treino
6488,validacao
6489,treino
6490,treino
6491,treino
6492,validacao
6493,validacao
6494,treino
6495,validacao
6496,teste
6497,teste
6498,teste
6499,treino
6500,treino
6501,treino
6502,teste
6503,validacao
6504,teste
6505,teste
6506,treino
6507,teste
6508,validacao
6509,treino
6510,teste
6511,treino
6512,validacao
6513,treino
6514,teste
6515,validacao
6516,treino
6517,treino
6518,validacao
6519,validacao
6520,treino
6521,treino
6522,treino
6523,teste
6524,validacao
6525,treino
6526,treino
6527,teste
6528,treino
6529,treino
6530,treino
6531,treino
6532,teste
6533,treino
6534,treino
6535,teste
6536,validacao
6537,validacao
6538,treino
6539,teste
6540,validacao
6541,teste
6542,validacao
6543,validacao
6544,treino
6545,validacao
6546,treino
6547,teste
6548,treino
6549,teste
6550,treino
6551,treino
6552,treino
6553,validacao
6554,teste
6555,teste
6556,treino
6557,treino
6558,teste
6559,teste
6560,treino
6561,treino
6562,treino
6563,validacao
6564,teste
6565,teste
6566,teste
6567,treino
6568,validacao
6569,treino
6570,treino
6571,validacao
6572,validacao
6573,teste
6574,teste
6575,treino
6576,teste
6577,treino
6578,treino
6579,treino
6580,validacao
6581,treino
6582,treino
6583,treino
6584,teste
6585,treino
6586,treino
6587,teste
6588,validacao
6589,validacao
6590,treino
6591,teste
6592,treino
6593,treino
6594,validacao
6595,treino
6596,treino
6597,treino
6598,teste
6599,treino
6600,treino
6601,validacao
6602,teste
6603,treino
6604,treino
6605,validacao
6606,treino
6607,validacao
6608,treino
6609,validacao
6610,validacao
6611,validacao
6612,treino
6613,teste
6614,treino
6615,treino
6616,treino
6617,validacao
6618,validacao
6619,validacao
6620,treino
6621,treino
6622,treino
6623,validacao
6624,validacao
6625,teste
6626,treino
6627,validacao
6628,validacao
6629,validacao
6630,treino
6631,teste
6632,treino
6633,treino
6634,treino
6635,validacao
6636,validacao
6637,treino
6638,treino
6639,validacao
6640,teste
6641,validacao
6642,validacao
6643,teste
6644,treino
6645,validacao
6646,teste
6647,treino
6648,teste
6649,treino
6650,treino
6651,treino
6652,validacao
6653,treino
6654,treino
6655,treino
6656,treino
6657,treino
6658,validacao
6659,treino
6660,treino
6661,treino
6662,treino
6663,treino
6664,validacao
6665,validacao
6666,treino
6667,treino
6668,teste
6669,treino
6670,treino
6671,treino
6672,validacao
6673,treino
6674,treino
6675,teste
6676,treino
6677,treino
6678,treino
6679,treino
6680,treino
6681,treino
6682,treino
6683,treino
6684,validacao
6685,treino
6686,treino
6687,teste
6688,treino
6689,treino
6690,treino
6691,treino
6692,treino
6693,validacao
6694,teste
6695,treino
6696,treino
6697,treino
6698,treino
6699,treino
6700,validacao
6701,treino
6702,treino
6703,validacao
6704,teste
6705,treino
6706,validacao
6707,treino
6708,teste
6709,treino
6710,validacao
6711,treino
6712,validacao
6713,teste
6714,treino
6715,teste
6716,validacao
6717,validacao
6718,validacao
6719,validacao
6720,teste
6721,treino
6722,treino
6723,treino
6724,treino
6725,validacao
6726,validacao
6727,treino
6728,teste
6729,treino
6730,teste
6731,teste
6732,treino
6733,treino
6734,validacao
6735,treino
6736,treino
6737,treino
6738,treino
6739,treino
6740,treino
6741,teste
6742,treino
6743,teste
6744,treino
6745,teste
6746,treino
6747,validacao
6748,validacao
6749,treino
6750,treino
6751,teste
6752,treino
6753,treino
6754,treino
6755,validacao
6756,treino
6757,treino
6758,teste
6759,validacao
6760,validacao
6761,treino
6762,treino
6763,treino
6764,validacao
6765,teste
6766,treino
6767,treino
6768,teste
6769,treino
6770,treino
6771,treino
6772,validacao
6773,treino
6774,validacao
6775,validacao
6776,validacao
6777,treino
6778,treino
6779,validacao
6780,validacao
6781,teste
6782,validacao
6783,treino
6784,validacao
6785,treino
6786,validacao
6787,treino
6788,treino
6789,teste
6790,treino
6791,treino
6792,treino
6793,treino
6794,treino
6795,treino
6796,treino
6797,treino
6798,treino
6799,treino
6800,treino
6801,treino
6802,treino
6803,teste
6804,teste
6805,validacao
6806,teste
6807,treino
6808,treino
6809,treino
6810,treino
6811,treino
6812,treino
6813,treino
6814,treino
6815,treino
6816,teste
6817,teste
6818,teste
6819,validacao
6820,teste
6821,treino
6822,teste
6823,treino
6824,treino
6825,validacao
6826,treino
6827,treino
6828,treino
6829,treino
6830,treino
6831,treino
6832,treino
6833,treino
6834,treino
6835,treino
6836,treino
6837,treino
6838,treino
6839,teste
6840,validacao
6841,teste
6842,treino
6843,treino
6844,treino
6845,treino
6846,teste
6847,treino
6848,treino
6849,teste
6850,treino
6851,treino
6852,treino
6853,treino
6854,treino
6855,treino
6856,treino
6857,treino
6858,treino
6859,treino
6860,validacao
6861,teste
6862,treino
6863,treino
6864,teste
6865,treino
6866,treino
6867,validacao
6868,treino
6869,treino
6870,validacao
6871,validacao
6872,treino
6873,treino
6874,treino
6875,treino
6876,teste
6877,validacao
6878,treino
6879,treino
6880,validacao
6881,validacao
6882,treino
6883,treino
6884,validacao
6885,teste
6886,validacao
6887,treino
6888,teste
6889,treino
6890,teste
6891,treino
6892,teste
6893,teste
6894,validacao
6895,teste
6896,validacao
6897,treino
6898,treino
6899,treino
6900,validacao
6901,validacao
6902,treino
6903,treino
6904,treino
6905,validacao
6906,treino
6907,validacao
6908,treino
6909,validacao
6910,validacao
6911,teste
6912,treino
6913,treino
6914,teste
6915,treino
6916,teste
6917,treino
6918,treino
6919,treino
6920,teste
6921,teste
6922,treino
6923,validacao
6924,treino
6925,treino
6926,treino
6927,treino
6928,validacao
6929,treino
6930,treino
6931,teste
6932,teste
6933,validacao
6934,teste
6935,treino
6936,validacao
6937,treino
6938,treino
6939,treino
6940,treino
6941,treino
6942,treino
6943,teste
6944,validacao
6945,teste
6946,teste
6947,treino
6948,treino
6949,treino
6950,validacao
6951,treino
6952,treino
6953,teste
6954,treino
6955,teste
6956,treino
6957,treino
6958,validacao
6959,validacao
6960,treino
6961,validacao
6962,treino
6963,validacao
6964,validacao
6965,treino
6966,treino
6967,treino
6968,treino
6969,treino
6970,treino
6971,validacao
6972,teste
6973,treino
6974,treino
6975,treino
6976,treino
6977,treino
6978,treino
6979,treino
6980,teste
6981,treino
6982,teste
6983,treino
6984,validacao
6985,treino
6986,treino
6987,teste
6988,validacao
6989,treino
6990,treino
6991,validacao
6992,treino
6993,validacao
6994,treino
6995,validacao
6996,treino
6997,treino
6998,validacao
6999,treino
7000,validacao
7001,teste
7002,treino
7003,treino
7004,treino
7005,treino
7006,treino
7007,treino
7008,treino
7009,validacao
7010,teste
7011,teste
7012,teste
7013,treino
7014,treino
7015,treino
7016,teste
7017,teste
7018,teste
7019,validacao
7020,treino
7021,validacao
7022,treino
7023,treino
7024,treino
7025,validacao
7026,validacao
7027,treino
7028,teste
7029,validacao
7030,treino
7031,validacao
7032,validacao
7033,treino
7034,treino
7035,treino
7036,treino
7037,treino
7038,validacao
7039,treino
7040,treino
7041,treino
7042,teste
7043,treino
7044,treino
7045,treino
7046,teste
7047,teste
7048,treino
7049,validacao
7050,treino
7051,treino
7052,teste
7053,validacao
7054,treino
7055,validacao
7056,teste
7057,teste
7058,treino
7059,treino
7060,validacao
7061,treino
7062,treino
7063,teste
7064,validacao
7065,treino
7066,treino
7067,teste
7068,treino
7069,treino
7070,validacao
7071,treino
7072,treino
7073,treino
7074,treino
7075,treino
7076,treino
7077,treino
7078,treino
7079,teste
7080,treino
7081,teste
7082,validacao
7083,validacao
7084,validacao
7085,treino
7086,treino
7087,teste
7088,teste
7089,treino
7090,treino
7091,teste
7092,treino
7093,validacao
7094,teste
7095,teste
7096,treino
7097,treino
7098,treino
7099,validacao
7100,treino
7101,teste
7102,validacao
7103,treino
7104,treino
7105,treino
7106,validacao
7107,treino
7108,validacao
7109,validacao
7110,treino
7111,treino
7112,treino
7113,treino
7114,treino
7115,teste
7116,teste
7117,treino
7118,validacao
7119,validacao
7120,treino
7121,treino
7122,treino
7123,treino
7124,treino
7125,treino
7126,validacao
7127,treino
7128,treino
7129,validacao
7130,treino
7131,treino
7132,treino
7133,treino
7134,teste
7135,treino
7136,treino
7137,treino
7138,treino
7139,treino
7140,treino
7141,treino
7142,treino
7143,treino
7144,treino
7145,teste
7146,treino
7147,treino
7148,treino
7149,validacao
7150,treino
7151,treino
7152,treino
7153,treino
7154,validacao
7155,teste
7156,treino
7157,treino
7158,validacao
7159,treino
7160,validacao
7161,treino
7162,treino
7163,teste
7164,teste
7165,treino
7166,treino
7167,treino
7168,treino
7169,treino
7170,teste
7171,validacao
7172,treino
7173,treino
7174,teste
7175,teste
7176,teste
7177,teste
7178,teste
7179,treino
7180,treino
7181,teste
7182,treino
7183,treino
7184,treino
7185,treino
7186,treino
7187,treino
7188,teste
7189,validacao
7190,treino
7191,treino
7192,treino
7193,teste
7194,validacao
7195,treino
7196,treino
7197,validacao
7198,treino
7199,treino
7200,teste
7201,validacao
7202,validacao
7203,treino
7204,treino
7205,treino
7206,validacao
7207,teste
7208,validacao
7209,treino
7210,treino
7211,treino
7212,treino
7213,validacao
7214,validacao
7215,validacao
7216,treino
7217,treino
7218,validacao
7219,teste
7220,teste
7221,teste
7222,treino
7223,validacao
7224,teste
7225,treino
7226,teste
7227,teste
7228,validacao
7229,treino
7230,treino
7231,teste
7232,teste
7233,validacao
7234,treino
7235,treino
7236,treino
7237,treino
7238,treino
7239,treino
7240,treino
7241,validacao
7242,validacao
7243,teste
7244,treino
7245,treino
7246,validacao
7247,validacao
7248,treino
7249,teste
7250,validacao
7251,treino
7252,treino
7253,teste
7254,teste
7255,validacao
7256,treino
7257,treino
7258,treino
7259,treino
7260,validacao
7261,treino
7262,treino
7263,teste
7264,teste
7265,validacao
7266,treino
7267,validacao
7268,treino
7269,teste
7270,treino
7271,teste
7272,treino
7273,validacao
7274,treino
7275,validacao
7276,treino
7277,treino
7278,treino
7279,teste
7280,validacao
7281,treino
7282,treino
7283,treino
7284,treino
7285,treino
7286,teste
7287,treino
7288,teste
7289,teste
7290,treino
7291,treino
7292,validacao
7293,teste
7294,teste
7295,treino
7296,validacao
7297,treino
7298,teste
7299,validacao
7300,treino
7301,treino
7302,treino
7303,treino
7304,validacao
7305,treino
7306,teste
7307,treino
7308,treino
7309,treino
7310,teste
7311,teste
7312,treino
7313,teste
7314,teste
7315,validacao
7316,treino
7317,validacao
7318,treino
7319,teste
7320,validacao
7321,validacao
7322,treino
7323,treino
7324,validacao
7325,teste
7326,treino
7327,teste
7328,treino
7329,validacao
7330,treino
7331,validacao
7332,validacao
7333,treino
7334,treino
7335,treino
7336,teste
7337,treino
7338,treino
7339,treino
7340,teste
7341,teste
7342,validacao
7343,teste
7344,treino
7345,treino
7346,teste
7347,validacao
7348,treino
7349,treino
7350,treino
7351,treino
7352,treino
7353,teste
7354,treino
7355,treino
7356,treino
7357,treino
7358,treino
7359,treino
7360,validacao
7361,treino
7362,treino
7363,teste
7364,treino
7365,validacao
7366,treino
7367,teste
7368,validacao
7369,treino
7370,treino
7371,treino
7372,treino
7373,treino
7374,teste
7375,validacao
7376,treino
7377,validacao
7378,treino
7379,validacao
7380,treino
7381,treino
7382,teste
7383,teste
7384,treino
7385,teste
7386,teste
7387,validacao
7388,treino
7389,validacao
7390,validacao
7391,treino
7392,treino
7393,treino
7394,treino
7395,treino
7396,teste
7397,treino
7398,teste
7399,teste
7400,treino
7401,teste
7402,treino
7403,teste
7404,treino
7405,teste
7406,validacao
7407,treino
7408,teste
7409,teste
7410,teste
7411,treino
7412,treino
7413,treino
7414,treino
7415,validacao
7416,treino
7417,treino
7418,treino
7419,treino
7420,treino
7421,validacao
7422,teste
7423,treino
7424,teste
7425,teste
7426,treino
7427,treino
7428,treino
7429,treino
7430,treino
7431,treino
7432,teste
7433,treino
7434,validacao
7435,treino
7436,teste
7437,treino
7438,treino
7439,treino
7440,treino
7441,treino
7442,teste
7443,teste
7444,validacao
7445,treino
7446,treino
7447,treino
7448,treino
7449,teste
7450,treino
7451,treino
7452,treino
7453,teste
7454,validacao
7455,validacao
7456,treino
7457,treino
7458,validacao
7459,validacao
7460,teste
7461,validacao
7462,treino
7463,treino
7464,teste
7465,treino
7466,treino
7467,treino
7468,treino
7469,teste
7470,validacao
7471,teste
7472,treino
7473,treino
7474,validacao
7475,teste
7476,validacao
7477,teste
7478,treino
7479,validacao
7480,treino
7481,teste
7482,treino
7483,treino
7484,treino
7485,validacao
7486,treino
7487,treino
7488,treino
7489,treino
7490,treino
7491,teste
7492,treino
7493,teste
7494,treino
7495,treino
7496,treino
7497,treino
7498,treino
7499,teste
7500,teste
7501,treino
7502,treino
7503,teste
7504,validacao
7505,treino
7506,teste
7507,validacao
7508,treino
7509,treino
7510,treino
7511,treino
7512,validacao
7513,treino
7514,validacao
7515,treino
7516,validacao
7517,validacao
7518,validacao
7519,teste
7520,treino
7521,validacao
7522,treino
7523,treino
7524,validacao
7525,treino
7526,teste
7527,teste
7528,teste
7529,treino
7530,treino
7531,treino
7532,teste
7533,validacao
7534,treino
7535,treino
7536,treino
7537,treino
7538,validacao
7539,treino
7540,treino
7541,teste
7542,validacao
7543,treino
7544,validacao
7545,validacao
7546,treino
7547,treino
7548,treino
7549,treino
7550,treino
7551,treino
7552,validacao
7553,treino
7554,teste
7555,treino
7556,treino
7557,treino
7558,teste
7559,treino
7560,validacao
7561,treino
7562,teste
7563,validacao
7564,treino
7565,treino
7566,treino
7567,treino
7568,validacao
7569,teste
7570,treino
7571,treino
7572,treino
7573,treino
7574,teste
7575,teste
7576,treino
7577,teste
7578,treino
7579,treino
7580,treino
7581,teste
7582,treino
7583,treino
7584,teste
7585,treino
7586,treino
7587,treino
7588,validacao
7589,validacao
7590,treino
7591,treino
7592,treino
7593,treino
7594,treino
7595,treino
7596,validacao
7597,treino
7598,treino
7599,validacao
7600,treino
7601,treino
7602,validacao
7603,teste
7604,teste
7605,treino
7606,teste
7607,treino
7608,treino
7609,treino
7610,validacao
7611,treino
7612,treino
7613,validacao
7614,treino
7615,treino
7616,treino
7617,validacao
7618,teste
7619,treino
7620,treino
7621,treino
7622,teste
7623,treino
7624,treino
7625,validacao
7626,treino
7627,treino
7628,treino
7629,validacao
7630,validacao
7631,teste
7632,treino
7633,treino
7634,treino
7635,teste
7636,treino
7637,treino
7638,validacao
7639,treino
7640,validacao
7641,treino
7642,teste
7643,teste
7644,treino
7645,treino
7646,treino
7647,treino
7648,treino
7649,teste
7650,validacao
7651,treino
7652,teste
7653,treino
7654,treino
7655,validacao
7656,treino
7657,treino
7658,validacao
7659,treino
7660,teste
7661,treino
7662,treino
7663,teste
7664,treino
7665,treino
7666,treino
7667,validacao
7668,treino
7669,validacao
7670,treino
7671,treino
7672,treino
7673,validacao
7674,validacao
7675,treino
7676,validacao
7677,treino
7678,teste
7679,treino
7680,treino
7681,teste
7682,treino
7683,teste
7684,treino
7685,teste
7686,treino
7687,treino
7688,treino
7689,treino
7690,treino
7691,validacao
7692,treino
7693,treino
7694,teste
7695,treino
7696,treino
7697,treino
7698,teste
7699,treino
7700,treino
7701,treino
7702,teste
7703,teste
7704,treino
7705,treino
7706,validacao
7707,treino
7708,treino
7709,treino
7710,treino
7711,validacao
7712,teste
7713,teste
7714,treino
7715,teste
7716,treino
7717,treino
7718,teste
7719,validacao
7720,treino
7721,treino
7722,treino
7723,treino
7724,validacao
7725,treino
7726,treino
7727,treino
7728,validacao
7729,treino
7730,validacao
7731,teste
7732,treino
7733,treino
7734,treino
7735,treino
7736,validacao
7737,teste
7738,treino
7739,validacao
7740,teste
7741,treino
7742,treino
7743,teste
7744,validacao
7745,validacao
7746,treino
7747,treino
7748,treino
7749,teste
7750,treino
7751,validacao
7752,validacao
7753,validacao
7754,treino
7755,treino
7756,treino
7757,treino
7758,treino
7759,validacao
7760,treino
7761,treino
7762,validacao
7763,treino
7764,validacao
7765,treino
7766,validacao
7767,treino
7768,treino
7769,treino
7770,teste
7771,validacao
7772,treino
7773,treino
7774,validacao
7775,validacao
7776,teste
7777,treino
7778,treino
7779,validacao
7780,teste
7781,treino
7782,validacao
7783,teste
7784,validacao
7785,validacao
7786,teste
7787,teste
7788,teste
7789,treino
7790,treino
7791,teste
7792,treino
7793,validacao
7794,treino
7795,treino
7796,treino
7797,treino
7798,validacao
7799,treino
7800,treino
7801,validacao
7802,treino
7803,treino
7804,treino
7805,treino
7806,teste
7807,treino
7808,teste
7809,treino
7810,teste
7811,treino
7812,treino
7813,treino
7814,treino
7815,teste
7816,teste
7817,treino
7818,treino
7819,treino
7820,treino
7821,treino
7822,treino
7823,teste
7824,treino
7825,treino
7826,treino
7827,treino
7828,treino
7829,validacao
7830,validacao
7831,validacao
7832,treino
7833,treino
7834,treino
7835,treino
7836,treino
7837,treino
7838,treino
7839,treino
7840,teste
7841,treino
7842,validacao
7843,teste
7844,validacao
7845,teste
7846,treino
7847,treino
7848,treino
7849,validacao
7850,teste
7851,treino
7852,teste
7853,teste
7854,treino
7855,treino
7856,treino
7857,validacao
7858,teste
7859,teste
7860,treino
7861,validacao
7862,teste
7863,treino
7864,validacao
7865,treino
7866,validacao
7867,treino
7868,teste
7869,validacao
7870,treino
7871,validacao
7872,teste
7873,teste
7874,teste
7875,teste
7876,treino
7877,treino
7878,treino
7879,treino
7880,validacao
7881,treino
7882,treino
7883,treino
7884,treino
7885,teste
7886,teste
7887,treino
7888,validacao
7889,validacao
7890,treino
7891,treino
7892,validacao
7893,validacao
7894,teste
7895,validacao
7896,treino
7897,treino
7898,treino
7899,validacao
7900,treino
7901,treino
7902,treino
7903,treino
7904,treino
7905,treino
7906,validacao
7907,treino
7908,treino
7909,treino
7910,treino
7911,treino
7912,validacao
7913,validacao
7914,treino
7915,validacao
7916,teste
7917,treino
7918,treino
7919,treino
7920,teste
7921,treino
7922,treino
7923,validacao
7924,treino
7925,treino
7926,treino
7927,treino
7928,treino
7929,teste
7930,treino
7931,treino
7932,treino
7933,validacao
7934,treino
7935,treino
7936,treino
7937,validacao
7938,treino
7939,validacao
7940,treino
7941,teste
7942,validacao
7943,teste
7944,treino
7945,validacao
7946,validacao
7947,treino
7948,teste
7949,treino
7950,treino
7951,teste
7952,treino
7953,treino
7954,validacao
7955,treino
7956,treino
7957,teste
7958,treino
7959,treino
7960,validacao
7961,treino
7962,treino
7963,treino
7964,treino
7965,validacao
7966,treino
7967,teste
7968,teste
7969,treino
7970,treino
7971,treino
7972,treino
7973,teste
7974,teste
7975,treino
7976,treino
7977,treino
7978,treino
7979,teste
7980,treino
7981,treino
7982,treino
7983,teste
7984,treino
7985,treino
7986,teste
7987,teste
7988,treino
7989,validacao
7990,treino
7991,treino
7992,validacao
7993,teste
7994,teste
7995,treino
7996,treino
7997,treino
7998,teste
7999,treino
8000,validacao
8001,treino
8002,treino
8003,validacao
8004,validacao
8005,treino
8006,teste
8007,validacao
8008,validacao
8009,validacao
8010,validacao
8011,treino
8012,validacao
8013,validacao
8014,validacao
8015,teste
8016,teste
8017,treino
8018,treino
8019,treino
8020,treino
8021,validacao
8022,teste
8023,validacao
8024,teste
8025,treino
8026,teste
8027,treino
8028,validacao
8029,validacao
8030,treino
8031,teste
8032,teste
8033,validacao
8034,treino
8035,treino
8036,teste
8037,treino
8038,treino
8039,treino
8040,validacao
8041,treino
8042,treino
8043,validacao
8044,treino
8045,treino
8046,validacao
8047,treino
8048,validacao
8049,treino
8050,treino
8051,treino
8052,treino
8053,treino
8054,treino
8055,teste
8056,treino
8057,validacao
8058,treino
8059,treino
8060,treino
8061,treino
8062,treino
8063,teste
8064,treino
8065,validacao
8066,validacao
8067,treino
8068,treino
8069,validacao
8070,validacao
8071,validacao
8072,treino
8073,treino
8074,treino
8075,validacao
8076,treino
8077,validacao
8078,teste
8079,teste
8080,treino
8081,treino
8082,treino
8083,treino
8084,treino
8085,teste
8086,teste
8087,treino
8088,treino
8089,validacao
8090,treino
8091,teste
8092,teste
8093,treino
8094,validacao
8095,validacao
8096,treino
8097,treino
8098,validacao
8099,treino
8100,treino
8101,treino
8102,treino
8103,treino
8104,treino
8105,validacao
8106,teste
8107,teste
8108,teste
8109,treino
8110,treino
8111,teste
8112,treino
8113,teste
8114,treino
8115,treino
8116,teste
8117,treino
8118,treino
8119,treino
8120,treino
8121,treino
8122,treino
8123,treino
8124,treino
8125,treino
8126,treino
8127,validacao
8128,treino
8129,treino
8130,teste
8131,validacao
8132,treino
8133,teste
8134,treino
8135,teste
8136,teste
8137,validacao
8138,treino
8139,treino
8140,treino
8141,validacao
8142,treino
8143,treino
8144,treino
8145,treino
8146,teste
8147,validacao
8148,treino
8149,validacao
8150,teste
8151,teste
8152,teste
8153,treino
8154,treino
8155,treino
8156,treino
8157,treino
8158,validacao
8159,treino
8160,treino
8161,teste
8162,treino
8163,teste
8164,validacao
8165,treino
8166,teste
8167,treino
8168,treino
8169,validacao
8170,teste
8171,treino
8172,teste
8173,treino
8174,treino
8175,treino
8176,treino
8177,validacao
8178,treino
8179,validacao
8180,treino
8181,teste
8182,validacao
8183,treino
8184,treino
8185,treino
8186,treino
8187,validacao
8188,treino
8189,validacao
8190,validacao
8191,treino
8192,treino
8193,validacao
8194,teste
8195,teste
8196,validacao
8197,teste
8198,validacao
8199,treino
8200,validacao
8201,validacao
8202,treino
8203,treino
8204,treino
8205,treino
8206,validacao
8207,teste
8208,treino
8209,treino
8210,teste
8211,treino
8212,teste
8213,validacao
8214,treino
8215,treino
8216,validacao
8217,treino
8218,treino
8219,treino
8220,treino
8221,validacao
8222,teste
8223,validacao
8224,treino
8225,treino
8226,treino
8227,treino
8228,validacao
8229,treino
8230,validacao
8231,validacao
8232,treino
8233,treino
8234,treino
8235,treino
8236,treino
8237,treino
8238,treino
8239,validacao
8240,treino
8241,validacao
8242,treino
8243,treino
8244,validacao
8245,teste
8246,teste
8247,validacao
8248,teste
8249,treino
8250,teste
8251,teste
8252,treino
8253,treino
8254,treino
8255,treino
8256,treino
8257,treino
8258,treino
8259,treino
8260,treino
8261,treino
8262,treino
8263,teste
8264,treino
8265,validacao
8266,treino
8267,validacao
8268,treino
8269,treino
8270,teste
8271,treino
8272,treino
8273,treino
8274,treino
8275,treino
8276,treino
8277,teste
8278,treino
8279,validacao
8280,teste
8281,validacao
8282,validacao
8283,treino
8284,treino
8285,treino
8286,teste
8287,teste
8288,treino
8289,teste
8290,validacao
8291,teste
8292,treino
8293,treino
8294,teste
8295,treino
8296,teste
8297,treino
8298,treino
8299,teste
8300,treino
8301,teste
8302,treino
8303,teste
8304,treino
8305,validacao
8306,validacao
8307,treino
8308,teste
8309,treino
8310,teste
8311,treino
8312,teste
8313,treino
8314,teste
8315,teste
8316,treino
8317,treino
8318,teste
8319,treino
8320,treino
8321,teste
8322,treino
8323,treino
8324,validacao
8325,teste
8326,treino
8327,treino
8328,treino
8329,treino
8330,treino
8331,treino
8332,treino
8333,validacao
8334,treino
8335,treino
8336,treino
8337,treino
8338,treino
8339,treino
8340,teste
8341,treino
8342,treino
8343,treino
8344,treino
8345,treino
8346,teste
8347,treino
8348,treino
8349,teste
8350,treino
8351,treino
8352,teste
8353,treino
8354,treino
8355,treino
8356,validacao
8357,validacao
8358,validacao
8359,teste
8360,validacao
8361,treino
8362,teste
8363,treino
8364,treino
8365,teste
8366,validacao
8367,teste
8368,validacao
8369,treino
8370,validacao
8371,treino
8372,teste
8373,treino
8374,treino
8375,validacao
8376,treino
8377,treino
8378,validacao
8379,teste
8380,validacao
8381,treino
8382,teste
8383,treino
8384,validacao
8385,validacao
8386,treino
8387,treino
8388,treino
8389,treino
8390,teste
8391,teste
8392,validacao
8393,treino
8394,treino
8395,treino
8396,treino
8397,treino
8398,treino
8399,validacao
8400,treino
8401,treino
8402,treino
8403,treino
8404,treino
8405,treino
8406,teste
8407,treino
8408,treino
8409,treino
8410,treino
8411,treino
8412,validacao
8413,treino
8414,treino
8415,validacao
8416,validacao
8417,treino
8418,treino
8419,treino
8420,teste
8421,treino
8422,treino
8423,treino
8424,validacao
8425,treino
8426,validacao
8427,teste
8428,validacao
8429,treino
8430,teste
8431,treino
8432,treino
8433,treino
8434,treino
8435,treino
8436,treino
8437,validacao
8438,validacao
8439,treino
8440,treino
8441,teste
8442,validacao
8443,validacao
8444,treino
8445,treino
8446,teste
8447,treino
8448,teste
8449,treino
8450,treino
8451,treino
8452,treino
8453,validacao
8454,treino
8455,treino
8456,treino
8457,validacao
8458,treino
8459,treino
8460,treino
8461,teste
8462,treino
8463,teste
8464,treino
8465,teste
8466,teste
8467,treino
8468,treino
8469,treino
8470,teste
8471,treino
8472,validacao
8473,teste
8474,treino
8475,teste
8476,treino
8477,treino
8478,validacao
8479,validacao
8480,treino
8481,treino
8482,treino
8483,teste
8484,teste
8485,treino
8486,teste
8487,treino
8488,treino
8489,teste
8490,validacao
8491,treino
8492,treino
8493,treino
8494,validacao
8495,treino
8496,treino
8497,treino
8498,treino
8499,treino
8500,treino
8501,teste
8502,treino
8503,treino
8504,treino
8505,teste
8506,teste
8507,teste
8508,validacao
8509,validacao
8510,treino
8511,treino
8512,validacao
8513,treino
8514,teste
8515,validacao
8516,treino
8517,treino
8518,treino
8519,validacao
8520,teste
8521,teste
8522,treino
8523,validacao
8524,validacao
8525,teste
8526,teste
8527,treino
8528,validacao
8529,treino
8530,treino
8531,treino
8532,teste
8533,treino
8534,teste
8535,treino
8536,treino
8537,teste
8538,teste
8539,validacao
8540,teste
8541,treino
8542,teste
8543,treino
8544,teste
8545,treino
8546,treino
8547,treino
8548,validacao
8549,treino
8550,teste
8551,treino
8552,treino
8553,treino
8554,treino
8555,treino
8556,treino
8557,teste
8558,treino
8559,treino
8560,treino
8561,validacao
8562,validacao
8563,treino
8564,validacao
8565,treino
8566,validacao
8567,treino
8568,treino
8569,treino
8570,teste
8571,teste
8572,treino
8573,treino
8574,validacao
8575,treino
8576,treino
8577,treino
8578,treino
8579,validacao
8580,treino
8581,validacao
8582,treino
8583,teste
8584,teste
8585,treino
8586,validacao
8587,validacao
8588,treino
8589,treino
8590,treino
8591,treino
8592,treino
8593,validacao
8594,validacao
8595,treino
8596,treino
8597,validacao
8598,treino
8599,treino
8600,treino
8601,teste
8602,treino
8603,validacao
8604,teste
8605,treino
8606,treino
8607,treino
8608,teste
8609,treino
8610,validacao
8611,validacao
8612,validacao
8613,teste
8614,validacao
8615,treino
8616,treino
8617,treino
8618,validacao
8619,validacao
8620,treino
8621,teste
8622,treino
8623,teste
8624,treino
8625,treino
8626,teste
8627,treino
8628,treino
8629,treino
8630,treino
8631,validacao
8632,treino
8633,treino
8634,teste
8635,treino
8636,treino
8637,teste
8638,treino
8639,teste
8640,treino
8641,treino
8642,treino
8643,teste
8644,validacao
8645,treino
8646,teste
8647,treino
8648,treino
8649,treino
8650,teste
8651,treino
8652,treino
8653,teste
8654,treino
8655,teste
8656,validacao
8657,validacao
8658,treino
8659,treino
8660,treino
8661,treino
8662,validacao
8663,treino
8664,validacao
8665,treino
8666,treino
8667,teste
8668,validacao
8669,treino
8670,treino
8671,teste
8672,teste
8673,validacao
8674,validacao
8675,treino
8676,treino
8677,treino
8678,teste
8679,treino
8680,treino
8681,treino
8682,treino
8683,treino
8684,validacao
8685,treino
8686,treino
8687,validacao
8688,treino
8689,teste
8690,treino
8691,validacao
8692,treino
8693,treino
8694,teste
8695,validacao
8696,treino
8697,validacao
8698,treino
8699,validacao
8700,treino
8701,treino
8702,validacao
8703,validacao
8704,treino
8705,teste
8706,treino
8707,treino
8708,teste
8709,teste
8710,treino
8711,validacao
8712,validacao
8713,treino
8714,treino
8715,validacao
8716,treino
8717,treino
8718,validacao
8719,treino
8720,validacao
8721,validacao
8722,treino
8723,teste
8724,teste
8725,treino
8726,treino
8727,treino
8728,validacao
8729,treino
8730,treino
8731,teste
8732,treino
8733,treino
8734,treino
8735,treino
8736,validacao
8737,validacao
8738,treino
8739,teste
8740,treino
8741,treino
8742,treino
8743,teste
8744,teste
8745,teste
8746,treino
8747,treino
8748,treino
8749,teste
8750,teste
8751,validacao
8752,teste
8753,treino
8754,treino
8755,treino
8756,treino
8757,validacao
8758,treino
8759,treino
8760,teste
8761,teste
8762,validacao
8763,treino
8764,treino
8765,treino
8766,teste
8767,treino
8768,validacao
8769,treino
8770,treino
8771,treino
8772,treino
8773,treino
8774,treino
8775,treino
8776,treino
8777,treino
8778,treino
8779,treino
8780,validacao
8781,treino
8782,treino
8783,treino
8784,validacao
8785,validacao
8786,treino
8787,treino
8788,teste
8789,validacao
8790,treino
8791,treino
8792,validacao
8793,teste
8794,validacao
8795,treino
8796,treino
8797,treino
8798,treino
8799,treino
8800,teste
8801,treino
8802,teste
8803,treino
8804,treino
8805,teste
8806,treino
8807,treino
8808,validacao
8809,treino
8810,treino
8811,treino
8812,treino
8813,teste
8814,treino
8815,treino
8816,treino
8817,treino
8818,treino
8819,treino
8820,treino
8821,treino
8822,treino
8823,treino
8824,validacao
8825,treino
8826,treino
8827,teste
8828,teste
8829,treino
8830,validacao
8831,treino
8832,teste
8833,treino
8834,treino
8835,teste
8836,validacao
8837,treino
8838,treino
8839,teste
8840,treino
8841,treino
8842,treino
8843,teste
8844,treino
8845,teste
8846,validacao
8847,teste
8848,treino
8849,validacao
8850,teste
8851,treino
8852,treino
8853,validacao
8854,treino
8855,treino
8856,treino
8857,validacao
8858,treino
8859,treino
8860,validacao
8861,treino
8862,treino
8863,validacao
8864,treino
8865,treino
8866,teste
8867,validacao
8868,validacao
8869,treino
8870,treino
8871,teste
8872,treino
8873,treino
8874,treino
8875,treino
8876,treino
8877,treino
8878,validacao
8879,validacao
8880,treino
8881,treino
8882,validacao
8883,validacao
8884,teste
8885,treino
8886,treino
8887,validacao
8888,teste
8889,treino
8890,treino
8891,validacao
8892,treino
8893,treino
8894,teste
8895,treino
8896,teste
8897,teste
8898,treino
8899,validacao
8900,treino
8901,validacao
8902,teste
8903,treino
8904,treino
8905,treino
8906,treino
8907,treino
8908,treino
8909,teste
8910,treino
8911,treino
8912,teste
8913,treino
8914,validacao
8915,validacao
8916,treino
8917,treino
8918,treino
8919,treino
8920,validacao
8921,treino
8922,validacao
8923,treino
8924,treino
8925,treino
8926,teste
8927,treino
8928,treino
8929,validacao
8930,treino
8931,treino
8932,treino
8933,validacao
8934,teste
8935,teste
8936,treino
8937,treino
8938,validacao
8939,treino
8940,teste
8941,treino
8942,treino
8943,treino
8944,treino
8945,teste
8946,treino
8947,treino
8948,treino
8949,validacao
8950,treino
8951,treino
8952,treino
8953,treino
8954,treino
8955,treino
8956,treino
8957,validacao
8958,teste
8959,treino
8960,treino
8961,treino
8962,treino
8963,teste
8964,treino
8965,teste
8966,validacao
8967,validacao
8968,teste
8969,treino
8970,treino
8971,treino
8972,teste
8973,treino
8974,validacao
8975,treino
8976,teste
8977,teste
8978,treino
8979,treino
8980,teste
8981,treino
8982,treino
8983,treino
8984,teste
8985,treino
8986,treino
8987,teste
8988,validacao
8989,validacao
8990,treino
8991,validacao
8992,teste
8993,treino
8994,treino
8995,treino
8996,treino
8997,treino
8998,teste
8999,treino
9000,treino
9001,treino
9002,teste
9003,treino
9004,treino
9005,treino
9006,treino
9007,treino
9008,treino
9009,teste
9010,validacao
9011,treino
9012,treino
9013,treino
9014,treino
9015,treino
9016,teste
9017,teste
9018,treino
9019,treino
9020,teste
9021,treino
9022,treino
9023,validacao
9024,teste
9025,treino
9026,teste
9027,treino
9028,treino
9029,validacao
9030,validacao
9031,treino
9032,teste
9033,treino
9034,treino
9035,validacao
9036,validacao
9037,treino
9038,teste
9039,teste
9040,treino
9041,treino
9042,treino
9043,teste
9044,teste
9045,treino
9046,treino
9047,treino
9048,treino
9049,treino
9050,validacao
9051,treino
9052,treino
9053,treino
9054,validacao
9055,teste
9056,treino
9057,treino
9058,validacao
9059,treino
9060,treino
9061,treino
9062,treino
9063,treino
9064,treino
9065,treino
9066,treino
9067,validacao
9068,teste
9069,treino
9070,teste
9071,treino
9072,teste
9073,treino
9074,validacao
9075,validacao
9076,teste
9077,teste
9078,validacao
9079,treino
9080,teste
9081,treino
9082,treino
9083,validacao
9084,treino
9085,validacao
9086,treino
9087,treino
9088,validacao
9089,validacao
9090,validacao
9091,treino
9092,teste
9093,validacao
9094,treino
9095,treino
9096,treino
9097,treino
9098,validacao
9099,treino
9100,treino
9101,treino
9102,treino
9103,treino
9104,treino
9105,teste
9106,treino
9107,treino
9108,treino
9109,teste
9110,teste
9111,validacao
9112,treino
9113,treino
9114,treino
9115,teste
9116,treino
9117,validacao
9118,treino
9119,validacao
9120,treino
9121,treino
9122,treino
9123,teste
9124,validacao
9125,validacao
9126,treino
9127,teste
9128,teste
9129,treino
9130,validacao
9131,teste
9132,treino
9133,treino
9134,validacao
9135,treino
9136,teste
9137,treino
9138,teste
9139,validacao
9140,treino
9141,validacao
9142,treino
9143,treino
9144,treino
9145,validacao
9146,treino
9147,teste
9148,treino
9149,validacao
9150,treino
9151,treino
9152,treino
9153,treino
9154,treino
9155,treino
9156,validacao
9157,treino
9158,validacao
9159,validacao
9160,teste
9161,teste
9162,treino
9163,treino
9164,treino
9165,treino
9166,treino
9167,treino
9168,treino
9169,treino
9170,validacao
9171,treino
9172,treino
9173,treino
9174,treino
9175,teste
9176,treino
9177,treino
9178,treino
9179,treino
9180,treino
9181,treino
9182,teste
9183,treino
9184,treino
9185,treino
9186,treino
9187,treino
9188,validacao
9189,treino
9190,teste
9191,treino
9192,teste
9193,treino
9194,validacao
9195,treino
9196,treino
9197,treino
9198,validacao
9199,treino
9200,treino
9201,validacao
9202,treino
9203,treino
9204,treino
9205,teste
9206,treino
9207,treino
9208,teste
9209,treino
9210,treino
9211,treino
9212,treino
9213,teste
9214,treino
9215,treino
9216,validacao
9217,treino
9218,treino
9219,treino
9220,treino
9221,treino
9222,validacao
9223,validacao
9224,treino
9225,validacao
9226,teste
9227,treino
9228,treino
9229,treino
9230,teste
9231,treino
9232,teste
9233,teste
9234,treino
9235,teste
9236,treino
9237,teste
9238,validacao
9239,treino
9240,treino
9241,treino
9242,treino
9243,validacao
9244,teste
9245,treino
9246,treino
9247,treino
9248,treino
9249,teste
9250,treino
9251,treino
9252,validacao
9253,treino
9254,treino
9255,treino
9256,treino
9257,teste
9258,validacao
9259,treino
9260,teste
9261,treino
9262,treino
9263,treino
9264,validacao
9265,validacao
9266,treino
9267,validacao
9268,treino
9269,validacao
9270,teste
9271,treino
9272,treino
9273,teste
9274,treino
9275,treino
9276,validacao
9277,teste
9278,validacao
9279,treino
9280,treino
9281,treino
9282,treino
9283,teste
9284,treino
9285,treino
9286,treino
9287,teste
9288,treino
9289,treino
9290,treino
9291,treino
9292,teste
9293,treino
9294,validacao
9295,treino
9296,treino
9297,treino
9298,validacao
9299,validacao
9300,treino
9301,teste
9302,treino
9303,treino
9304,treino
9305,treino
9306,treino
9307,validacao
9308,treino
9309,teste
9310,treino
9311,treino
9312,teste
9313,teste
9314,teste
9315,treino
9316,treino
9317,teste
9318,teste
9319,treino
9320,treino
9321,teste
9322,treino
9323,treino
9324,validacao
9325,treino
9326,treino
9327,treino
9328,treino
9329,validacao
9330,treino
9331,treino
9332,teste
9333,treino
9334,treino
9335,treino
9336,treino
9337,treino
9338,teste
9339,teste
9340,validacao
9341,validacao
9342,treino
9343,validacao
9344,treino
9345,treino
9346,treino
9347,treino
9348,teste
9349,validacao
9350,treino
9351,validacao
9352,treino
9353,treino
9354,teste
9355,teste
9356,treino
9357,treino
9358,treino
9359,treino
9360,treino
9361,treino
9362,treino
9363,treino
9364,treino
9365,validacao
9366,treino
9367,teste
9368,treino
9369,treino
9370,validacao
9371,treino
9372,teste
9373,teste
9374,treino
9375,treino
9376,treino
9377,treino
9378,treino
9379,treino
9380,treino
9381,treino
9382,teste
9383,treino
9384,treino
9385,treino
9386,teste
9387,teste
9388,validacao
9389,validacao
9390,treino
9391,validacao
9392,treino
9393,validacao
9394,teste
9395,teste
9396,teste
9397,validacao
9398,treino
9399,validacao
9400,treino
9401,validacao
9402,treino
9403,teste
9404,treino
9405,treino
9406,treino
9407,validacao
9408,treino
9409,treino
9410,treino
9411,teste
9412,teste
9413,validacao
9414,teste
9415,teste
9416,treino
9417,validacao
9418,treino
9419,treino
9420,teste
9421,treino
9422,treino
9423,treino
9424,treino
9425,validacao
9426,treino
9427,treino
9428,teste
9429,treino
9430,treino
9431,treino
9432,teste
9433,validacao
9434,treino
9435,treino
9436,validacao
9437,treino
9438,treino
9439,treino
9440,treino
9441,teste
9442,treino
9443,treino
9444,treino
9445,treino
9446,treino
9447,teste
9448,treino
9449,treino
9450,validacao
9451,teste
9452,treino
9453,teste
9454,treino
9455,treino
9456,treino
9457,treino
9458,validacao
9459,teste
9460,teste
9461,treino
9462,treino
9463,validacao
9464,validacao
9465,treino
9466,treino
9467,validacao
9468,validacao
9469,teste
9470,treino
9471,treino
9472,teste
9473,treino
9474,treino
9475,treino
9476,teste
9477,teste
9478,treino
9479,validacao
9480,treino
9481,treino
9482,validacao
9483,teste
9484,treino
9485,teste
9486,treino
9487,teste
9488,validacao
9489,teste
9490,teste
9491,treino
9492,treino
9493,teste
9494,treino
9495,treino
9496,treino
9497,treino
9498,treino
9499,validacao
9500,treino
9501,validacao
9502,treino
9503,treino
9504,teste
9505,validacao
9506,treino
9507,teste
9508,treino
9509,treino
9510,teste
9511,treino
9512,teste
9513,treino
9514,validacao
9515,treino
9516,treino
9517,treino
9518,teste
9519,validacao
9520,treino
9521,treino
9522,treino
9523,validacao
9524,validacao
9525,validacao
9526,treino
9527,treino
9528,validacao
9529,treino
9530,teste
9531,teste
9532,treino
9533,treino
9534,teste
9535,teste
9536,validacao
9537,validacao
9538,treino
9539,teste
9540,validacao
9541,validacao
9542,teste
9543,teste
9544,validacao
9545,treino
9546,treino
9547,validacao
9548,teste
9549,teste
9550,treino
9551,treino
9552,treino
9553,treino
9554,treino
9555,teste
9556,teste
9557,treino
9558,treino
9559,teste
9560,treino
9561,treino
9562,treino
9563,treino
9564,treino
9565,treino
9566,treino
9567,treino
9568,validacao
9569,teste
9570,treino
9571,treino
9572,treino
9573,treino
9574,treino
9575,treino
9576,validacao
9577,treino
9578,treino
9579,validacao
9580,treino
9581,treino
9582,treino
9583,treino
9584,teste
9585,treino
9586,validacao
9587,validacao
9588,validacao
9589,validacao
9590,teste
9591,treino
9592,treino
9593,validacao
9594,treino
9595,treino
9596,teste
9597,treino
9598,validacao
9599,validacao
9600,validacao
9601,treino
9602,teste
9603,treino
9604,treino
9605,treino
9606,treino
9607,treino
9608,treino
9609,treino
9610,treino
9611,treino
9612,treino
9613,treino
9614,validacao
9615,treino
9616,validacao
9617,validacao
9618,validacao
9619,treino
9620,treino
9621,teste
9622,treino
9623,validacao
9624,treino
9625,teste
9626,treino
9627,teste
9628,treino
9629,treino
9630,treino
9631,treino
9632,treino
9633,treino
9634,teste
9635,treino
9636,teste
9637,teste
9638,treino
9639,treino
9640,treino
9641,treino
9642,teste
9643,treino
9644,teste
9645,treino
9646,validacao
9647,treino
9648,treino
9649,teste
9650,treino
9651,teste
9652,treino
9653,treino
9654,treino
9655,treino
9656,teste
9657,teste
9658,treino
9659,treino
9660,treino
9661,treino
9662,treino
9663,teste
9664,treino
9665,teste
9666,teste
9667,treino
9668,treino
9669,treino
9670,treino
9671,treino
9672,teste
9673,treino
9674,teste
9675,treino
9676,treino
9677,teste
9678,treino
9679,treino
9680,treino
9681,treino
9682,treino
9683,validacao
9684,treino
9685,treino
9686,teste
9687,treino
9688,treino
9689,treino
9690,validacao
9691,treino
9692,treino
9693,validacao
9694,validacao
9695,validacao
9696,treino
9697,validacao
9698,treino
9699,treino
9700,validacao
9701,treino
9702,treino
9703,treino
9704,treino
9705,treino
9706,validacao
9707,treino
9708,treino
9709,treino
9710,validacao
9711,treino
9712,treino
9713,treino
9714,teste
9715,treino
9716,treino
9717,treino
9718,treino
9719,treino
9720,validacao
9721,treino
9722,treino
9723,validacao
9724,treino
9725,teste
9726,treino
9727,treino
9728,teste
9729,validacao
9730,treino
9731,validacao
9732,validacao
9733,treino
9734,teste
9735,treino
9736,treino
9737,teste
9738,validacao
9739,validacao
9740,treino
9741,treino
9742,teste
9743,treino
9744,teste
9745,teste
9746,treino
9747,validacao
9748,treino
9749,treino
9750,treino
9751,treino
9752,teste
9753,treino
9754,treino
9755,validacao
9756,teste
9757,treino
9758,treino
9759,validacao
9760,teste
9761,treino
9762,treino
9763,teste
9764,teste
9765,validacao
9766,teste
9767,treino
9768,treino
9769,validacao
9770,validacao
9771,treino
9772,treino
9773,treino
9774,treino
9775,validacao
9776,treino
9777,treino
9778,treino
9779,teste
9780,treino
9781,treino
9782,treino
9783,treino
9784,treino
9785,treino
9786,treino
9787,treino
9788,treino
9789,treino
9790,treino
9791,treino
9792,treino
9793,validacao
9794,treino
9795,validacao
9796,treino
9797,treino
9798,treino
9799,treino
9800,teste
9801,validacao
9802,teste
9803,validacao
9804,teste
9805,treino
9806,validacao
9807,validacao
9808,treino
9809,teste
9810,treino
9811,teste
9812,treino
9813,validacao
9814,treino
9815,treino
9816,validacao
9817,teste
9818,treino
9819,treino
9820,treino
9821,treino
9822,treino
9823,treino
9824,treino
9825,treino
9826,treino
9827,treino
9828,teste
9829,treino
9830,treino
9831,teste
9832,treino
9833,treino
9834,treino
9835,validacao
9836,treino
9837,treino
9838,teste
9839,treino
9840,validacao
9841,validacao
9842,treino
9843,validacao
9844,treino
9845,treino
9846,treino
9847,validacao
9848,treino
9849,validacao
9850,treino
9851,teste
9852,treino
9853,validacao
9854,treino
9855,teste
9856,teste
9857,treino
9858,teste
9859,teste
9860,treino
9861,treino
9862,teste
9863,treino
9864,validacao
9865,validacao
9866,validacao
9867,treino
9868,treino
9869,treino
9870,treino
9871,validacao
9872,treino
9873,treino
9874,treino
9875,teste
9876,validacao
9877,treino
9878,treino
9879,treino
9880,treino
9881,treino
9882,teste
9883,treino
9884,treino
9885,validacao
9886,teste
9887,teste
9888,treino
9889,treino
9890,teste
9891,validacao
9892,treino
9893,validacao
9894,teste
9895,validacao
9896,treino
9897,treino
9898,validacao
9899,treino
9900,treino
9901,validacao
9902,treino
9903,treino
9904,treino
9905,teste
9906,treino
9907,treino
9908,treino
9909,treino
9910,treino
9911,treino
9912,treino
9913,teste
9914,treino
9915,treino
9916,validacao
9917,treino
9918,validacao
9919,treino
9920,treino
9921,validacao
9922,treino
9923,treino
9924,treino
9925,teste
9926,validacao
9927,treino
9928,treino
9929,treino
9930,treino
9931,treino
9932,validacao
9933,treino
9934,treino
9935,validacao
9936,validacao
9937,validacao
9938,validacao
9939,treino
9940,treino
9941,treino
9942,treino
9943,treino
9944,validacao
9945,treino
9946,treino
9947,treino
9948,treino
9949,validacao
9950,treino
9951,teste
9952,teste
9953,validacao
9954,validacao
9955,teste
9956,validacao
9957,validacao
9958,treino
9959,treino
9960,treino
9961,teste
9962,validacao
9963,treino
9964,validacao
9965,validacao
9966,treino
9967,treino
9968,validacao
9969,treino
9970,teste
9971,treino
9972,validacao
9973,treino
9974,treino
9975,validacao
9976,treino
9977,treino
9978,treino
9979,teste
9980,treino
9981,validacao
9982,teste
9983,teste
9984,treino
9985,treino
9986,validacao
9987,teste
9988,teste
9989,treino
9990,treino
9991,treino
9992,treino
9993,validacao
9994,treino
9995,validacao
9996,treino
9997,validacao
9998,teste
9999,treino
10000,treino
