UDI,Type,Air temperature [K],Process temperature [K],Rotational speed [rpm],Torque [Nm],Tool wear [min],falha_real,conjunto,faixa_desgaste
1,M,298.1,308.6,1551,42.8,0,0,treino,0-99 min
2,L,298.2,308.7,1408,46.3,3,0,teste,0-99 min
3,L,298.1,308.5,1498,49.4,5,0,treino,0-99 min
4,L,298.2,308.6,1433,39.5,7,0,treino,0-99 min
5,L,298.2,308.7,1408,40,9,0,teste,0-99 min
6,M,298.1,308.6,1425,41.9,11,0,teste,0-99 min
7,L,298.1,308.6,1558,42.4,14,0,treino,0-99 min
8,L,298.1,308.6,1527,40.2,16,0,validacao,0-99 min
9,M,298.3,308.7,1667,28.6,18,0,treino,0-99 min
10,M,298.5,309,1741,28,21,0,teste,0-99 min
11,H,298.4,308.9,1782,23.9,24,0,validacao,0-99 min
12,H,298.6,309.1,1423,44.3,29,0,teste,0-99 min
13,M,298.6,309.1,1339,51.1,34,0,treino,0-99 min
14,M,298.6,309.2,1742,30,37,0,teste,0-99 min
15,L,298.6,309.2,2035,19.6,40,0,validacao,0-99 min
16,L,298.6,309.2,1542,48.4,42,0,treino,0-99 min
17,M,298.6,309.2,1311,46.6,44,0,treino,0-99 min
18,M,298.7,309.2,1410,45.6,47,0,treino,0-99 min
19,H,298.8,309.2,1306,54.5,50,0,treino,0-99 min
20,M,298.9,309.3,1632,32.5,55,0,treino,0-99 min
21,H,298.9,309.3,1375,42.7,58,0,teste,0-99 min
22,L,298.8,309.3,1450,44.8,63,0,teste,0-99 min
23,M,298.9,309.3,1581,30.7,65,0,treino,0-99 min
24,L,299,309.4,1758,25.7,68,0,treino,0-99 min
25,M,299,309.4,1561,37.3,70,0,treino,0-99 min
26,L,299,309.5,1861,23.3,73,0,treino,0-99 min
27,L,299.1,309.5,1512,39,75,0,treino,0-99 min
28,H,299.1,309.4,1811,24.6,77,0,teste,0-99 min
29,L,299.1,309.4,1439,44.2,82,0,validacao,0-99 min
30,L,299,309.4,1693,30.1,84,0,treino,0-99 min
31,M,299.1,309.5,1339,48.2,86,0,treino,0-99 min
32,L,299,309.4,1798,25.5,89,0,treino,0-99 min
33,L,299,309.4,1419,48.3,91,0,validacao,0-99 min
34,L,298.9,309.3,1665,32.5,93,0,validacao,0-99 min
35,M,298.8,309.1,1559,34.7,95,0,treino,0-99 min
36,M,298.8,309.2,1452,48.6,98,0,teste,0-99 min
37,M,298.9,309.2,1581,36.7,101,0,treino,100-199 min
38,L,298.8,309.1,1439,39.2,104,0,treino,100-199 min
39,H,298.9,309.2,1379,50.7,106,0,teste,100-199 min
40,L,298.8,309.1,1350,52.5,111,0,treino,100-199 min
41,L,298.8,309.1,1362,45.4,113,0,validacao,100-199 min
42,L,298.8,309.1,1368,50.8,115,0,treino,100-199 min
43,M,298.8,309.1,1368,49.1,117,0,teste,100-199 min
44,H,298.8,309.2,1372,48.5,120,0,treino,100-199 min
45,M,298.8,309.1,1472,47.5,125,0,treino,100-199 min
46,L,298.8,309.1,1489,49.1,128,0,validacao,100-199 min
47,M,298.7,309,1843,25.8,130,0,treino,100-199 min
48,L,298.8,309.1,1418,46.3,133,0,validacao,100-199 min
49,H,298.8,309.2,1425,53.9,135,0,treino,100-199 min
50,M,298.9,309.2,1412,44.1,140,0,treino,100-199 min
51,L,298.9,309.1,2861,4.6,143,1,treino,100-199 min
52,L,298.9,309.1,1383,54.9,145,0,validacao,100-199 min
53,H,298.8,309,1497,43.8,147,0,validacao,100-199 min
54,L,298.7,309,1565,35.1,152,0,treino,100-199 min
55,L,298.7,309,1691,30.1,154,0,treino,100-199 min
56,L,298.8,309.1,1512,40.7,156,0,teste,100-199 min
57,L,298.8,309.1,1477,42.4,158,0,teste,100-199 min
58,L,298.8,309.1,1513,40.3,160,0,treino,100-199 min
59,M,298.8,309,1661,29.5,162,0,validacao,100-199 min
60,L,298.8,309.1,1378,54.4,165,0,treino,100-199 min
61,L,298.8,309.1,1393,52.6,167,0,treino,100-199 min
62,M,298.8,309,1592,38.2,169,0,teste,100-199 min
63,L,298.8,309,1829,22.9,172,0,treino,100-199 min
64,M,298.9,309,1812,25.9,174,0,treino,100-199 min
65,L,299,309.1,1523,38.6,177,0,treino,100-199 min
66,L,299,309.1,1394,45.1,179,0,teste,100-199 min
67,M,298.9,308.9,1679,28.7,181,0,treino,100-199 min
68,H,298.8,308.9,1466,44.1,184,0,treino,100-199 min
69,L,298.8,308.9,1527,32.4,189,0,treino,100-199 min
70,L,298.9,309,1410,65.7,191,1,treino,100-199 min
71,M,298.9,309,1924,22.6,193,0,treino,100-199 min
72,L,298.9,309.1,1452,45.5,196,0,treino,100-199 min
73,L,298.9,309.1,1369,44.4,198,0,treino,100-199 min
74,L,299,309.1,1592,35,200,0,treino,200+ min
75,L,298.9,309,1601,32.3,202,0,treino,200+ min
76,L,298.8,308.9,1379,46.7,204,0,treino,200+ min
77,L,298.8,308.9,1461,47.9,206,0,teste,200+ min
78,L,298.8,308.9,1455,41.3,208,1,treino,200+ min
79,L,298.8,308.9,1398,51.5,0,0,treino,0-99 min
80,L,298.8,308.9,1402,37.9,2,0,treino,0-99 min
81,H,298.8,308.8,1445,49.9,4,0,teste,0-99 min
82,L,298.9,308.9,1450,47.5,9,0,validacao,0-99 min
83,L,298.9,308.9,1453,40.8,11,0,treino,0-99 min
84,L,299,309,1469,40.1,13,0,treino,0-99 min
85,L,298.9,308.9,1422,47.6,15,0,validacao,0-99 min
86,M,299,309,1804,26.8,17,0,treino,0-99 min
87,H,299,309,1436,43.9,20,0,treino,0-99 min
88,L,299,309,1544,31.8,25,0,treino,0-99 min
89,M,299,309,1419,45.2,27,0,validacao,0-99 min
90,M,298.9,308.9,1487,39.5,30,0,treino,0-99 min
91,L,298.9,308.9,1753,25.8,33,0,treino,0-99 min
92,L,298.9,308.9,1830,24.9,35,0,treino,0-99 min
93,M,298.9,308.9,1727,27.1,37,0,teste,0-99 min
94,L,299.1,309,1450,43,40,0,treino,0-99 min
95,L,299,308.9,1622,31.9,42,0,treino,0-99 min
96,M,299,309,1351,52.2,44,0,treino,0-99 min
97,M,299,309,1575,35.3,47,0,treino,0-99 min
98,M,298.9,308.9,1750,29.9,50,0,teste,0-99 min
99,L,298.9,308.8,1529,32.7,53,0,validacao,0-99 min
100,L,298.8,308.8,1523,44.4,55,0,treino,0-99 min
101,L,298.8,308.9,1852,25,57,0,validacao,0-99 min
102,L,298.8,308.8,1991,20.7,59,0,teste,0-99 min
103,L,298.8,308.8,1555,40.6,61,0,treino,0-99 min
104,M,298.8,308.8,1441,40.5,63,0,treino,0-99 min
105,L,298.8,308.7,1450,43.4,66,0,treino,0-99 min
106,L,298.8,308.7,1591,31.1,68,0,treino,0-99 min
107,L,298.8,308.7,1445,48.5,70,0,treino,0-99 min
108,M,298.8,308.8,1497,46.8,72,0,treino,0-99 min
109,H,298.9,308.8,1621,32.7,75,0,teste,0-99 min
110,L,298.9,308.7,1572,34.1,80,0,treino,0-99 min
111,L,298.8,308.6,1872,22.5,82,0,treino,0-99 min
112,H,298.7,308.6,1499,43.5,84,0,treino,0-99 min
113,M,298.8,308.7,1498,39.5,89,0,validacao,0-99 min
114,M,298.8,308.6,1486,41.9,92,0,treino,0-99 min
115,L,298.8,308.6,1680,29.4,95,0,validacao,0-99 min
116,L,298.8,308.6,1431,45.7,97,0,validacao,0-99 min
117,L,298.9,308.7,1564,34.1,99,0,treino,0-99 min
118,L,298.8,308.6,1599,33,101,0,treino,100-199 min
119,M,298.8,308.6,1707,28.1,103,0,validacao,100-199 min
120,L,298.7,308.5,1467,40.7,106,0,teste,100-199 min
121,L,298.9,308.7,1433,44.7,108,0,teste,100-199 min
122,L,298.9,308.7,1558,41.2,110,0,treino,100-199 min
123,L,299,308.8,1310,50.7,112,0,validacao,100-199 min
124,L,298.9,308.7,1546,43.4,114,0,treino,100-199 min
125,L,298.9,308.7,1727,29.4,116,0,treino,100-199 min
126,L,298.9,308.6,1560,32.2,118,0,treino,100-199 min
127,L,299,308.6,1329,60.5,120,0,treino,100-199 min
128,L,298.9,308.6,1413,46.5,122,0,treino,100-199 min
129,L,299,308.6,1587,38.6,124,0,teste,100-199 min
130,L,298.9,308.5,1559,34.3,126,0,teste,100-199 min
131,L,298.8,308.4,1473,41.1,128,0,validacao,100-199 min
132,L,298.8,308.4,1737,27.7,130,0,teste,100-199 min
133,M,298.7,308.4,1441,43.2,132,0,teste,100-199 min
134,M,298.7,308.4,1430,49.6,135,0,teste,100-199 min
135,L,298.8,308.4,1369,53,138,0,validacao,100-199 min
136,M,298.8,308.5,1711,28.5,140,0,treino,100-199 min
137,H,298.7,308.5,1420,45.7,143,0,teste,100-199 min
138,L,298.7,308.6,1297,55.3,148,0,treino,100-199 min
139,H,298.8,308.6,1449,49.4,150,0,treino,100-199 min
140,L,298.8,308.6,1268,55.8,155,0,treino,100-199 min
141,L,298.8,308.6,1511,36.1,157,0,teste,100-199 min
142,L,298.7,308.5,1544,35.2,159,0,treino,100-199 min
143,M,298.6,308.4,1778,28.2,161,0,treino,100-199 min
144,H,298.6,308.4,1407,50.5,164,0,teste,100-199 min
145,M,298.6,308.4,1391,42.4,169,0,validacao,100-199 min
146,L,298.5,308.4,1513,33.6,172,0,treino,100-199 min
147,H,298.5,308.4,1612,36.1,174,0,treino,100-199 min
148,L,298.4,308.4,1515,40.1,179,0,treino,100-199 min
149,M,298.3,308.3,1379,48,181,0,teste,100-199 min
150,L,298.4,308.3,1473,39.9,184,0,validacao,100-199 min
151,L,298.4,308.3,1422,42.7,186,0,validacao,100-199 min
152,M,298.4,308.2,1463,37.6,188,0,validacao,100-199 min
153,M,298.4,308.2,1584,41,191,0,treino,100-199 min
154,L,298.4,308.2,1850,27,194,0,treino,100-199 min
155,L,298.4,308.2,1528,36.2,196,0,treino,100-199 min
156,H,298.4,308.2,1987,19.8,198,0,treino,100-199 min
157,M,298.4,308.1,1495,46,203,0,teste,200+ min
158,H,298.4,308.2,1478,43.5,206,0,teste,200+ min
159,M,298.4,308.2,1499,40,211,0,treino,200+ min
160,L,298.4,308.2,1471,47,214,0,validacao,200+ min
161,L,298.4,308.2,1282,60.7,216,1,validacao,200+ min
162,L,298.3,308.1,1412,52.3,218,1,treino,200+ min
163,L,298.3,308.1,1586,35.5,0,0,treino,0-99 min
164,M,298.4,308.2,1468,43.8,2,0,teste,0-99 min
165,M,298.5,308.3,1440,43.6,5,0,validacao,0-99 min
166,L,298.5,308.4,1733,26,8,0,treino,0-99 min
167,H,298.4,308.2,1612,32.6,10,0,teste,0-99 min
168,H,298.4,308.3,1458,42.9,15,0,treino,0-99 min
169,L,298.4,308.3,1433,62.3,20,1,treino,0-99 min
170,L,298.4,308.3,1318,59.1,22,0,validacao,0-99 min
171,M,298.4,308.2,1610,35,24,0,treino,0-99 min
172,L,298.2,308.1,1462,50.8,27,0,treino,0-99 min
173,M,298.1,308,1924,20.8,29,0,treino,0-99 min
174,M,298.2,308,1591,33.7,32,0,treino,0-99 min
175,L,298.2,308.1,1306,58.3,35,0,treino,0-99 min
176,L,298.2,308.1,1382,43.5,37,0,treino,0-99 min
177,L,298.2,308.1,1618,34.7,39,0,treino,0-99 min
178,L,298.2,308.2,1988,21.4,41,0,treino,0-99 min
179,L,298.2,308.2,1436,50.2,43,0,treino,0-99 min
180,L,298.2,308.3,1304,49.8,45,0,treino,0-99 min
181,L,298.2,308.3,1475,49.9,47,0,validacao,0-99 min
182,H,298.2,308.3,1824,24.2,49,0,validacao,0-99 min
183,M,298.1,308.2,1342,48.1,54,0,treino,0-99 min
184,L,298.1,308.2,1485,40.7,57,0,treino,0-99 min
185,L,298.2,308.2,1667,30.6,59,0,validacao,0-99 min
186,L,298.2,308.2,1446,38.2,61,0,treino,0-99 min
187,L,298.1,308.3,1301,56,63,0,treino,0-99 min
188,L,298.2,308.4,1379,43.1,65,0,validacao,0-99 min
189,L,298.3,308.5,1606,33.6,67,0,treino,0-99 min
190,M,298.3,308.4,1539,43.4,69,0,treino,0-99 min
191,L,298.2,308.4,1477,49.9,72,0,treino,0-99 min
192,L,298.2,308.4,1666,34.6,74,0,treino,0-99 min
193,H,298.2,308.4,1398,51.8,76,0,treino,0-99 min
194,H,298.2,308.4,1678,34.6,81,0,validacao,0-99 min
195,M,298.2,308.5,2678,10.7,86,1,validacao,0-99 min
196,L,298.3,308.5,1453,42.9,89,0,treino,0-99 min
197,H,298.3,308.6,1432,49.5,91,0,teste,0-99 min
198,M,298.4,308.6,1527,40.9,96,0,teste,0-99 min
199,L,298.4,308.7,1588,35,99,0,validacao,0-99 min
200,L,298.4,308.6,1433,47.1,101,0,validacao,100-199 min
201,L,298.4,308.6,1609,35,103,0,validacao,100-199 min
202,L,298.3,308.5,1575,41.2,105,0,treino,100-199 min
203,M,298.4,308.5,1636,35.7,107,0,treino,100-199 min
204,L,298.4,308.5,1490,37.9,110,0,validacao,100-199 min
205,L,298.4,308.5,1741,32.8,112,0,teste,100-199 min
206,M,298.5,308.6,1344,53,114,0,treino,100-199 min
207,L,298.5,308.7,1609,35.3,117,0,validacao,100-199 min
208,M,298.4,308.7,1421,60.7,119,1,treino,100-199 min
209,L,298.4,308.6,1591,36.7,122,0,treino,100-199 min
210,L,298.4,308.6,1477,44,124,0,validacao,100-199 min
211,L,298.4,308.7,1523,36.1,126,0,teste,100-199 min
212,L,298.5,308.7,1575,33.9,128,0,validacao,100-199 min
213,H,298.4,308.7,1344,52.9,130,0,validacao,100-199 min
214,L,298.4,308.7,1386,44.9,135,0,validacao,100-199 min
215,M,298.3,308.6,1589,37.1,137,0,teste,100-199 min
216,L,298.3,308.6,1548,40.3,140,0,teste,100-199 min
217,L,298.3,308.6,1499,38.3,142,0,validacao,100-199 min
218,L,298.3,308.5,1664,31.6,144,0,treino,100-199 min
219,L,298.3,308.6,1447,38.1,146,0,treino,100-199 min
220,M,298.3,308.5,1434,46.2,148,0,validacao,100-199 min
221,L,298.3,308.5,1416,52.7,151,0,treino,100-199 min
222,H,298.4,308.5,1827,24.3,153,0,teste,100-199 min
223,L,298.4,308.6,1304,45,158,0,treino,100-199 min
224,L,298.4,308.6,1569,34.4,160,0,treino,100-199 min
225,L,298.3,308.6,1584,29.3,162,0,treino,100-199 min
226,L,298.3,308.5,1362,53.8,164,0,treino,100-199 min
227,L,298.3,308.4,1329,49.2,166,0,treino,100-199 min
228,L,298.3,308.5,1539,36.1,168,0,treino,100-199 min
229,M,298.3,308.5,1629,37.1,170,0,treino,100-199 min
230,L,298.3,308.5,1538,32.2,173,0,validacao,100-199 min
231,L,298.3,308.6,1570,34.8,175,0,validacao,100-199 min
232,L,298.3,308.4,1408,43.1,177,0,treino,100-199 min
233,L,298.2,308.4,1424,47.6,179,0,teste,100-199 min
234,L,298.2,308.4,1512,34.9,181,0,teste,100-199 min
235,L,298.2,308.4,1478,42.9,183,0,treino,100-199 min
236,M,298.1,308.3,1680,33.7,185,0,treino,100-199 min
237,L,298.1,308.3,1495,38.7,188,0,treino,100-199 min
238,M,298,308.1,1552,36.6,190,0,treino,100-199 min
239,L,297.9,308.1,1393,50.3,193,0,treino,100-199 min
240,L,298,308.2,1611,30.6,195,0,treino,100-199 min
241,M,298,308.1,1339,51.6,197,0,teste,100-199 min
242,L,298,308.1,1777,24.3,200,0,treino,200+ min
243,L,298,308.2,1348,58.8,202,1,teste,200+ min
244,L,298,308.2,1442,44.1,204,0,treino,200+ min
245,M,298,308.2,1395,49.1,206,0,teste,200+ min
246,M,297.9,308.1,1627,31.4,209,0,validacao,200+ min
247,L,297.9,308.1,1585,33.5,212,0,treino,200+ min
248,L,298,308.2,1469,45.5,214,0,treino,200+ min
249,L,298,308.3,1362,56.8,216,1,teste,200+ min
250,L,298,308.3,1405,56.2,218,1,teste,200+ min
251,L,298,308.3,1662,32.7,0,0,treino,0-99 min
252,M,298,308.2,1466,42.6,2,0,treino,0-99 min
253,L,298,308.2,1620,35.8,5,0,treino,0-99 min
254,L,298,308.2,1357,48.2,7,0,validacao,0-99 min
255,L,298,308.2,1514,37.9,9,0,treino,0-99 min
256,L,298,308.2,1489,40.4,11,0,treino,0-99 min
257,L,298.1,308.3,1331,63,13,0,treino,0-99 min
258,L,298,308,1615,29.5,15,0,treino,0-99 min
259,L,298.1,308.2,1482,37.9,17,0,treino,0-99 min
260,M,298.1,308.2,1420,63.9,19,1,treino,0-99 min
261,M,298.2,308.3,1522,49.1,22,0,validacao,0-99 min
262,L,298.1,308.2,1654,32.1,25,0,teste,0-99 min
263,M,298.1,308.2,1736,26.8,27,0,treino,0-99 min
264,M,298,308.1,1587,32.3,30,0,treino,0-99 min
265,L,298.1,308.2,1390,47.5,33,0,treino,0-99 min
266,L,298,308.1,1454,37.1,35,0,treino,0-99 min
267,H,298,308.1,1440,43.7,37,0,treino,0-99 min
268,L,297.9,308,1954,21.1,42,0,teste,0-99 min
269,H,297.9,308,1800,24.8,44,0,treino,0-99 min
270,L,298,308,1524,37,49,0,treino,0-99 min
271,H,298,308,1520,39.6,51,0,validacao,0-99 min
272,M,298.1,308.1,1452,40.8,56,0,treino,0-99 min
273,L,298.1,308.1,1484,40.4,59,0,teste,0-99 min
274,L,298.1,308,1426,46,61,0,treino,0-99 min
275,L,298.1,308,1652,28.5,63,0,teste,0-99 min
276,L,298,308,1401,54.7,65,0,treino,0-99 min
277,M,298,307.9,1750,26.6,67,0,treino,0-99 min
278,H,298,308,1479,50.7,70,0,treino,0-99 min
279,M,298,308,1620,29.4,75,0,treino,0-99 min
280,L,298,308.1,1819,23.4,78,0,validacao,0-99 min
281,M,298.1,308.1,1456,43.7,80,0,treino,0-99 min
282,L,298.1,308,1626,36.5,83,0,teste,0-99 min
283,M,298.1,308.1,1390,49.8,85,0,treino,0-99 min
284,L,298.2,308.2,1469,43,88,0,teste,0-99 min
285,L,298.2,308.3,2051,19.2,90,0,treino,0-99 min
286,L,298.2,308.3,1568,36,92,0,treino,0-99 min
287,L,298.2,308.3,1589,33.2,94,0,treino,0-99 min
288,L,298.2,308.3,1805,31.6,96,0,teste,0-99 min
289,H,298.2,308.4,1385,42.2,98,0,validacao,0-99 min
290,L,298.1,308.4,1436,46.7,103,0,teste,100-199 min
291,L,298.1,308.4,1438,45.6,105,0,treino,100-199 min
292,L,298,308.3,1473,42.6,107,0,treino,100-199 min
293,L,298.1,308.4,1335,40.2,109,0,validacao,100-199 min
294,H,298.1,308.5,1392,44.8,111,0,teste,100-199 min
295,M,298.1,308.5,1372,51.1,116,0,treino,100-199 min
296,M,298.1,308.6,1716,30.7,119,0,treino,100-199 min
297,L,298,308.5,1395,46.2,122,0,treino,100-199 min
298,L,298,308.5,1713,25.3,124,0,treino,100-199 min
299,H,297.9,308.5,2129,18.7,126,0,treino,100-199 min
300,M,297.8,308.3,1567,35.6,131,0,treino,100-199 min
301,L,297.8,308.4,1622,38.3,134,0,validacao,100-199 min
302,L,297.7,308.4,1740,27.1,136,0,treino,100-199 min
303,H,297.8,308.4,1512,35.1,138,0,treino,100-199 min
304,M,297.8,308.4,1479,43.5,143,0,treino,100-199 min
305,L,297.8,308.4,1737,27.5,146,0,validacao,100-199 min
306,L,297.8,308.4,2129,19.2,148,0,treino,100-199 min
307,L,297.8,308.4,1374,47.1,150,0,teste,100-199 min
308,M,297.8,308.4,1579,36.6,152,0,treino,100-199 min
309,L,297.9,308.5,1305,47.2,155,0,treino,100-199 min
310,M,297.9,308.5,1449,40.8,157,0,treino,100-199 min
311,H,298,308.6,1526,41.8,160,0,validacao,100-199 min
312,M,298,308.6,1453,44.1,165,0,treino,100-199 min
313,L,297.9,308.6,1468,36,168,0,treino,100-199 min
314,L,298,308.6,1313,50.8,170,0,teste,100-199 min
315,M,297.9,308.5,1300,53,172,0,teste,100-199 min
316,L,297.9,308.4,1646,40.6,175,0,treino,100-199 min
317,L,297.8,308.4,1714,33.2,177,0,treino,100-199 min
318,L,297.8,308.4,1685,28.4,179,0,treino,100-199 min
319,L,297.8,308.4,1512,39.9,181,0,teste,100-199 min
320,L,297.8,308.4,1612,32.1,183,0,treino,100-199 min
321,H,297.8,308.4,1550,38.2,185,0,validacao,100-199 min
322,L,297.8,308.4,1518,32.5,190,0,treino,100-199 min
323,L,297.8,308.5,1448,40,192,0,treino,100-199 min
324,L,297.8,308.5,1561,46.3,194,0,teste,100-199 min
325,M,297.8,308.5,1488,41.9,196,0,treino,100-199 min
326,L,297.8,308.5,1699,27.8,199,0,treino,100-199 min
327,L,297.7,308.5,1501,41.4,201,0,treino,200+ min
328,L,297.7,308.5,1373,56.7,203,1,teste,200+ min
329,H,297.6,308.4,1703,31.4,205,0,validacao,200+ min
330,H,297.7,308.5,1720,29.9,210,0,treino,200+ min
331,M,297.6,308.4,1398,41.9,215,0,teste,200+ min
332,M,297.6,308.4,1391,51.9,218,0,validacao,200+ min
333,M,297.6,308.3,1538,40.2,0,0,treino,0-99 min
334,L,297.5,308.2,1647,31.3,3,0,treino,0-99 min
335,M,297.5,308.1,1469,44.8,5,0,validacao,0-99 min
336,L,297.4,308.1,1749,25.9,8,0,treino,0-99 min
337,M,297.6,308.2,1995,20.5,10,0,validacao,0-99 min
338,L,297.6,308.3,1742,27.7,13,0,treino,0-99 min
339,L,297.5,308.2,1563,38.2,15,0,treino,0-99 min
340,M,297.5,308.2,1713,32.2,17,0,treino,0-99 min
341,L,297.4,308.1,1474,39.4,20,0,treino,0-99 min
342,M,297.4,308.2,1530,32.6,22,0,treino,0-99 min
343,L,297.4,308.2,1471,46.5,25,0,teste,0-99 min
344,L,297.5,308.3,1388,48.6,27,0,validacao,0-99 min
345,M,297.5,308.2,2448,13.8,29,0,validacao,0-99 min
346,L,297.5,308.3,1585,32.9,32,0,treino,0-99 min
347,M,297.5,308.3,1459,45.2,34,0,treino,0-99 min
348,L,297.5,308.3,1544,40.8,37,0,treino,0-99 min
349,L,297.6,308.3,1617,31.7,39,0,treino,0-99 min
350,L,297.6,308.3,1595,34.3,41,0,treino,0-99 min
351,H,297.6,308.3,1400,44.3,43,0,validacao,0-99 min
352,M,297.6,308.4,1611,31,48,0,teste,0-99 min
353,M,297.6,308.4,1507,46,51,0,validacao,0-99 min
354,H,297.5,308.3,1674,30,54,0,treino,0-99 min
355,L,297.6,308.3,1658,34.3,59,0,teste,0-99 min
356,L,297.6,308.3,1623,36.9,61,0,treino,0-99 min
357,M,297.6,308.4,1398,48.9,63,0,treino,0-99 min
358,L,297.6,308.4,1517,34.2,66,0,treino,0-99 min
359,M,297.6,308.3,1467,36.7,68,0,teste,0-99 min
360,M,297.6,308.3,1567,34.6,71,0,treino,0-99 min
361,M,297.5,308.3,1521,38.2,74,0,treino,0-99 min
362,L,297.5,308.3,1596,36.8,77,0,validacao,0-99 min
363,H,297.6,308.3,1640,30.9,79,0,treino,0-99 min
364,L,297.6,308.3,1438,47.8,84,0,treino,0-99 min
365,L,297.6,308.4,1407,55.2,86,0,treino,0-99 min
366,L,297.6,308.4,1353,57.5,88,0,teste,0-99 min
367,M,297.6,308.5,1552,40.9,90,0,treino,0-99 min
368,M,297.6,308.4,1569,38.3,93,0,treino,0-99 min
369,L,297.5,308.4,1489,39.5,96,0,treino,0-99 min
370,H,297.5,308.4,1587,36.1,98,0,treino,0-99 min
371,M,297.5,308.3,1622,37.2,103,0,treino,100-199 min
372,L,297.5,308.4,1604,38.1,106,0,treino,100-199 min
373,M,297.4,308.3,1405,51.7,108,0,validacao,100-199 min
374,L,297.4,308.3,1412,42,111,0,treino,100-199 min
375,L,297.4,308.3,1431,43,113,0,treino,100-199 min
376,L,297.4,308.2,1533,37.4,115,0,teste,100-199 min
377,M,297.4,308.2,1401,51.9,117,0,validacao,100-199 min
378,M,297.4,308.2,1424,53.9,120,0,teste,100-199 min
379,L,297.3,308.2,1754,29.4,123,0,validacao,100-199 min
380,L,297.3,308.2,1754,26.8,125,0,treino,100-199 min
381,L,297.5,308.3,2564,12.8,127,1,teste,100-199 min
382,L,297.5,308.5,1546,40.4,129,0,treino,100-199 min
383,L,297.5,308.5,1335,48,131,0,validacao,100-199 min
384,M,297.5,308.6,1842,27,133,0,treino,100-199 min
385,L,297.5,308.5,1712,26.8,136,0,treino,100-199 min
386,M,297.6,308.6,1414,45.4,138,0,treino,100-199 min
387,L,297.6,308.7,1319,50.9,141,0,teste,100-199 min
388,L,297.7,308.7,1249,60.4,143,0,validacao,100-199 min
389,L,297.6,308.7,1455,48.2,145,0,teste,100-199 min
390,M,297.6,308.7,1408,54.8,147,0,treino,100-199 min
391,L,297.6,308.7,1460,46.7,150,0,validacao,100-199 min
392,L,297.6,308.6,1491,38.1,152,0,treino,100-199 min
393,M,297.6,308.5,1490,43.4,154,0,treino,100-199 min
394,M,297.5,308.4,1350,52.2,157,0,treino,100-199 min
395,L,297.5,308.4,1528,39.9,160,0,treino,100-199 min
396,L,297.4,308.3,1571,37.7,162,0,treino,100-199 min
397,L,297.4,308.3,1490,42.6,164,0,treino,100-199 min
398,M,297.4,308.3,1774,28.9,166,0,treino,100-199 min
399,H,297.4,308.3,1502,43.6,169,0,teste,100-199 min
400,L,297.4,308.4,1392,49.7,174,0,treino,100-199 min
401,L,297.4,308.5,2100,16.9,176,0,treino,100-199 min
402,L,297.5,308.5,1722,30.4,178,0,validacao,100-199 min
403,L,297.4,308.6,1678,32.3,180,0,treino,100-199 min
404,L,297.3,308.6,1273,59.8,182,0,validacao,100-199 min
405,L,297.3,308.6,1297,45.9,184,0,teste,100-199 min
406,L,297.3,308.5,1350,57.6,186,0,teste,100-199 min
407,L,297.4,308.6,1439,51.9,188,0,treino,100-199 min
408,M,297.4,308.5,1600,42.1,190,0,treino,100-199 min
409,M,297.4,308.6,1434,44.4,193,0,treino,100-199 min
410,L,297.4,308.6,1459,41.3,196,0,teste,100-199 min
411,M,297.5,308.6,1472,44.9,198,0,validacao,100-199 min
412,L,297.5,308.7,1429,44.3,201,0,validacao,200+ min
413,L,297.5,308.6,1388,48.2,203,0,validacao,200+ min
414,L,297.4,308.4,1573,34.5,205,0,treino,200+ min
415,L,297.4,308.4,1588,32.5,207,0,treino,200+ min
416,L,297.5,308.4,1511,42.8,209,0,treino,200+ min
417,L,297.4,308.5,1495,37.8,211,0,treino,200+ min
418,L,297.4,308.4,1394,50.1,213,0,teste,200+ min
419,L,297.4,308.4,2151,17.7,0,0,teste,0-99 min
420,M,297.3,308.3,1501,38.2,2,0,validacao,0-99 min
421,M,297.3,308.3,1301,39.6,5,0,teste,0-99 min
422,M,297.3,308.3,1657,31.1,8,0,treino,0-99 min
423,L,297.3,308.3,1333,55.2,11,0,treino,0-99 min
424,L,297.3,308.3,1484,43.9,13,0,validacao,0-99 min
425,L,297.3,308.4,1430,45.7,15,0,validacao,0-99 min
426,M,297.3,308.4,1665,28.9,17,0,treino,0-99 min
427,L,297.4,308.5,1501,44.9,20,0,teste,0-99 min
428,M,297.5,308.5,1496,42.2,22,0,treino,0-99 min
429,M,297.6,308.6,1595,36.9,25,0,treino,0-99 min
430,L,297.5,308.6,1208,62.3,28,0,treino,0-99 min
431,L,297.5,308.6,1596,37.1,30,0,treino,0-99 min
432,L,297.5,308.5,1446,41.9,32,0,teste,0-99 min
433,M,297.6,308.5,1466,39.7,34,0,validacao,0-99 min
434,M,297.6,308.5,1848,23.7,37,0,teste,0-99 min
435,M,297.5,308.5,1484,44.7,40,0,treino,0-99 min
436,L,297.4,308.3,1493,41.2,43,0,treino,0-99 min
437,L,297.3,308.3,1504,36.3,45,0,treino,0-99 min
438,L,297.3,308.3,1538,38.5,47,0,validacao,0-99 min
439,L,297.4,308.4,1341,52.2,49,0,treino,0-99 min
440,M,297.4,308.3,1535,34.6,51,0,treino,0-99 min
441,L,297.4,308.5,1389,39.2,54,0,validacao,0-99 min
442,H,297.5,308.5,1393,46.6,56,0,validacao,0-99 min
443,L,297.4,308.5,1399,61.5,61,1,treino,0-99 min
444,H,297.4,308.5,1469,45.1,63,0,validacao,0-99 min
445,L,297.4,308.4,1582,37.2,68,0,treino,0-99 min
446,L,297.5,308.6,1793,26.7,70,0,treino,0-99 min
447,L,297.5,308.6,1452,39,72,0,treino,0-99 min
448,M,297.6,308.7,1376,59.9,74,0,validacao,0-99 min
449,L,297.5,308.6,1552,44.9,77,0,treino,0-99 min
450,L,297.6,308.7,1622,37.9,79,0,treino,0-99 min
451,M,297.6,308.7,1419,41.7,81,0,validacao,0-99 min
452,H,297.5,308.6,1440,46.1,84,0,treino,0-99 min
453,M,297.4,308.6,1643,31,89,0,validacao,0-99 min
454,L,297.4,308.7,1510,36.2,92,0,treino,0-99 min
455,L,297.4,308.7,1468,46.6,94,0,treino,0-99 min
456,L,297.4,308.7,1429,57.4,96,0,treino,0-99 min
457,H,297.3,308.7,1478,47.6,98,0,validacao,0-99 min
458,L,297.4,308.6,1276,53.6,103,0,treino,100-199 min
459,L,297.3,308.6,1486,42.6,105,0,validacao,100-199 min
460,L,297.4,308.6,1476,42.3,107,0,teste,100-199 min
461,H,297.3,308.6,1431,42,109,0,validacao,100-199 min
462,L,297.4,308.7,1402,40.2,114,0,treino,100-199 min
463,L,297.4,308.7,1433,43.4,116,0,treino,100-199 min
464,L,297.4,308.7,2874,4.2,118,1,validacao,100-199 min
465,L,297.3,308.6,1511,35.7,120,0,validacao,100-199 min
466,M,297.3,308.6,1456,42.9,122,0,treino,100-199 min
467,L,297.2,308.5,1550,41.5,125,0,treino,100-199 min
468,L,297.2,308.5,2182,16.5,127,0,treino,100-199 min
469,L,297.3,308.7,1619,31.6,129,0,treino,100-199 min
470,M,297.3,308.8,1586,32.7,131,0,treino,100-199 min
471,H,297.3,308.8,1499,44.2,134,0,teste,100-199 min
472,H,297.3,308.8,1419,42.4,139,0,treino,100-199 min
473,M,297.4,309,1497,41.8,144,0,treino,100-199 min
474,M,297.4,309,1520,37,147,0,treino,100-199 min
475,L,297.4,309.1,1478,49.8,150,0,teste,100-199 min
476,L,297.4,309.1,1380,41.1,152,0,treino,100-199 min
477,L,297.4,309,1570,37.9,154,0,validacao,100-199 min
478,H,297.4,309,1468,41.4,156,0,treino,100-199 min
479,L,297.4,309,1833,22.6,161,0,validacao,100-199 min
480,M,297.4,308.9,1323,57.3,163,0,treino,100-199 min
481,L,297.4,309,1583,32,166,0,treino,100-199 min
482,M,297.3,309,1556,39.5,168,0,treino,100-199 min
483,L,297.3,309,1548,37.4,171,0,teste,100-199 min
484,L,297.4,309,1324,56.9,173,0,validacao,100-199 min
485,L,297.4,309,1568,33.7,175,0,treino,100-199 min
486,M,297.4,309,1685,30.7,177,0,validacao,100-199 min
487,M,297.4,309.1,1582,35.9,180,0,treino,100-199 min
488,M,297.4,309.1,1463,35,183,0,treino,100-199 min
489,L,297.4,309.2,1584,42.8,186,0,treino,100-199 min
490,M,297.5,309.2,1347,55.8,188,0,treino,100-199 min
491,L,297.4,309.2,1459,37.9,191,0,treino,100-199 min
492,L,297.4,309.2,1420,45.6,193,0,treino,100-199 min
493,L,297.5,309.3,1404,43.5,195,0,treino,100-199 min
494,L,297.5,309.3,1470,38.8,197,0,validacao,100-199 min
495,L,297.6,309.4,1326,49.8,199,0,validacao,100-199 min
496,H,297.5,309.3,1459,49.7,201,0,treino,200+ min
497,M,297.5,309.2,1530,40,206,0,treino,200+ min
498,L,297.4,309,1505,39.2,209,0,teste,200+ min
499,L,297.5,309.1,1611,30.2,211,0,treino,200+ min
500,L,297.5,309.1,1515,35.1,213,0,treino,200+ min
501,M,297.5,309.2,1804,27.4,215,0,treino,200+ min
502,M,297.6,309.3,1464,46.2,218,0,validacao,200+ min
503,L,297.6,309.2,1390,43.3,221,0,treino,200+ min
504,M,297.6,309.2,1442,48.1,0,0,treino,0-99 min
505,M,297.6,309.3,1529,41.9,3,0,teste,0-99 min
506,L,297.6,309.3,1610,35,6,0,treino,0-99 min
507,L,297.6,309.3,1543,34.3,8,0,treino,0-99 min
508,H,297.8,309.4,1445,48.2,10,0,treino,0-99 min
509,L,297.7,309.3,1893,24.6,15,0,validacao,0-99 min
510,M,297.6,309.3,1415,41.3,17,0,treino,0-99 min
511,L,297.5,309.3,1564,37.5,20,0,treino,0-99 min
512,L,297.5,309.3,1479,39.4,22,0,treino,0-99 min
513,L,297.5,309.2,1426,44.8,24,0,treino,0-99 min
514,L,297.4,309.2,1428,38.8,26,0,treino,0-99 min
515,L,297.4,309.2,1620,33.2,28,0,treino,0-99 min
516,L,297.5,309.2,1715,28,30,0,treino,0-99 min
517,L,297.5,309.3,1732,29.9,32,0,validacao,0-99 min
518,M,297.5,309.4,1391,58.2,34,0,treino,0-99 min
519,L,297.6,309.5,1924,20.6,37,0,teste,0-99 min
520,M,297.7,309.5,2027,19.8,39,0,treino,0-99 min
521,L,297.6,309.5,1617,36.2,42,0,teste,0-99 min
522,L,297.5,309.4,1497,35.8,44,0,validacao,0-99 min
523,M,297.5,309.5,1448,43.7,46,0,treino,0-99 min
524,L,297.4,309.4,1401,45.9,49,0,treino,0-99 min
525,L,297.4,309.4,1620,35.4,51,0,treino,0-99 min
526,L,297.4,309.4,1466,45.5,53,0,treino,0-99 min
527,L,297.6,309.5,1373,50.6,55,0,treino,0-99 min
528,M,297.6,309.6,1592,35.8,57,0,validacao,0-99 min
529,M,297.5,309.5,1553,42.4,60,0,teste,0-99 min
530,L,297.6,309.5,1569,36.2,63,0,treino,0-99 min
531,M,297.6,309.5,1709,32.2,65,0,teste,0-99 min
532,L,297.6,309.5,1549,34.9,68,0,treino,0-99 min
533,L,297.5,309.4,1443,45.4,70,0,treino,0-99 min
534,L,297.5,309.3,1675,29.8,72,0,treino,0-99 min
535,L,297.5,309.3,1623,33.4,74,0,treino,0-99 min
536,H,297.4,309.3,1365,52.4,76,0,treino,0-99 min
537,L,297.4,309.3,1759,24.8,81,0,treino,0-99 min
538,H,297.4,309.3,1516,43,83,0,treino,0-99 min
539,M,297.4,309.3,1499,36.8,88,0,treino,0-99 min
540,M,297.4,309.3,1775,25.8,91,0,teste,0-99 min
541,L,297.4,309.4,1473,45.5,94,0,validacao,0-99 min
542,L,297.4,309.4,1296,52.3,96,0,teste,0-99 min
543,L,297.5,309.4,1803,24.7,98,0,teste,0-99 min
544,H,297.5,309.3,1563,36.1,100,0,validacao,100-199 min
545,M,297.5,309.4,1831,26.6,105,0,treino,100-199 min
546,L,297.6,309.4,1958,22.1,108,0,teste,100-199 min
547,L,297.5,309.4,1809,24.3,110,0,treino,100-199 min
548,M,297.5,309.4,1482,39.3,112,0,treino,100-199 min
549,L,297.4,309.3,1332,53.2,115,0,treino,100-199 min
550,L,297.4,309.2,1437,40.4,117,0,treino,100-199 min
551,L,297.4,309.2,1698,29.4,119,0,validacao,100-199 min
552,L,297.4,309.2,1274,54.3,121,0,treino,100-199 min
553,M,297.4,309.3,1622,35,123,0,teste,100-199 min
554,M,297.4,309.3,1564,36,126,0,teste,100-199 min
555,H,297.5,309.4,1368,45.3,129,0,validacao,100-199 min
556,M,297.4,309.4,1539,42.2,134,0,teste,100-199 min
557,L,297.5,309.4,1357,50.1,137,0,treino,100-199 min
558,M,297.5,309.4,1433,48.3,139,0,treino,100-199 min
559,L,297.5,309.4,1650,34.6,142,0,treino,100-199 min
560,L,297.5,309.4,1503,40.6,144,0,validacao,100-199 min
561,L,297.5,309.4,1318,58.2,146,0,treino,100-199 min
562,M,297.5,309.4,1678,34.4,148,0,teste,100-199 min
563,L,297.6,309.5,1574,30.9,151,0,treino,100-199 min
564,L,297.7,309.6,1529,35.2,153,0,treino,100-199 min
565,H,297.6,309.6,1669,32.1,155,0,treino,100-199 min
566,H,297.7,309.7,1570,35.8,160,0,treino,100-199 min
567,M,297.6,309.7,1541,33.7,165,0,treino,100-199 min
568,M,297.7,309.7,1680,30.2,168,0,treino,100-199 min
569,L,297.8,309.7,1935,22.1,171,0,teste,100-199 min
570,M,297.7,309.6,1596,35.2,173,0,treino,100-199 min
571,L,297.7,309.7,1498,41,176,0,treino,100-199 min
572,M,297.8,309.8,1676,29,178,0,treino,100-199 min
573,L,297.8,309.9,1351,49,181,0,teste,100-199 min
574,L,297.9,309.9,1472,45,183,0,treino,100-199 min
575,M,297.9,310,1439,41.7,185,0,validacao,100-199 min
576,M,297.9,309.9,1410,55.4,188,0,teste,100-199 min
577,H,297.7,309.7,1440,51.1,191,0,treino,100-199 min
578,L,297.7,309.7,1591,37.7,196,0,validacao,100-199 min
579,L,297.8,309.8,1533,36.8,198,0,treino,100-199 min
580,M,297.8,309.7,1700,31.3,200,0,treino,200+ min
581,M,297.8,309.8,1798,25.5,203,0,validacao,200+ min
582,L,297.8,309.7,1394,42.9,206,0,treino,200+ min
583,L,297.8,309.7,1341,49.2,208,0,treino,200+ min
584,H,297.7,309.6,1697,32.2,210,0,treino,200+ min
585,H,297.6,309.6,1419,48.2,215,0,treino,200+ min
586,L,297.6,309.5,2001,20.5,220,0,teste,200+ min
587,L,297.6,309.6,1501,49.8,222,1,treino,200+ min
588,H,297.6,309.5,1623,33.1,224,0,treino,200+ min
589,L,297.6,309.4,1628,33.4,229,0,teste,200+ min
590,L,297.6,309.4,1491,40.2,231,0,validacao,200+ min
591,L,297.5,309.4,1517,36.7,233,0,treino,200+ min
592,H,297.5,309.3,1525,41.7,235,0,teste,200+ min
593,H,297.5,309.5,1668,27.9,240,0,teste,200+ min
594,L,297.5,309.6,1312,50.7,0,0,treino,0-99 min
595,H,297.6,309.6,1278,50.4,2,0,treino,0-99 min
596,M,297.6,309.6,1330,53.1,7,0,validacao,0-99 min
597,M,297.6,309.6,1530,37.3,10,0,treino,0-99 min
598,H,297.6,309.6,1428,46.6,13,0,teste,0-99 min
599,L,297.7,309.6,1480,47.9,18,0,validacao,0-99 min
600,H,297.7,309.7,1616,31.1,20,0,treino,0-99 min
601,L,297.8,309.7,1547,37.3,25,0,teste,0-99 min
602,L,297.9,309.7,2194,16.8,27,0,treino,0-99 min
603,L,297.9,309.8,2000,21.3,29,0,treino,0-99 min
604,L,297.9,309.8,1336,71.6,31,1,validacao,0-99 min
605,L,297.9,309.9,1542,33.8,33,0,treino,0-99 min
606,M,297.9,309.8,1693,29.9,35,0,treino,0-99 min
607,L,297.9,309.8,1461,50.5,38,0,treino,0-99 min
608,M,298,309.9,1565,33.9,40,0,validacao,0-99 min
609,L,298,309.9,1403,47.7,43,0,treino,0-99 min
610,L,298.1,309.9,1629,32.5,45,0,treino,0-99 min
611,L,298.1,310,1534,33.7,47,0,treino,0-99 min
612,L,298.1,310,1553,40.9,49,0,validacao,0-99 min
613,L,298.1,309.9,1563,32.8,51,0,validacao,0-99 min
614,L,298.1,309.9,1634,30,53,0,treino,0-99 min
615,M,298,309.9,1445,45.2,55,0,treino,0-99 min
616,L,298.1,309.9,1642,30.4,58,0,treino,0-99 min
617,H,298.1,309.9,1686,29.1,60,0,validacao,0-99 min
618,M,298.1,310,1393,43.1,65,0,treino,0-99 min
619,H,298.2,310,1433,44.2,68,0,teste,0-99 min
620,L,298.3,310,1507,44.7,73,0,treino,0-99 min
621,M,298.3,310.1,1389,49.6,75,0,treino,0-99 min
622,L,298.3,310.1,1408,45.3,78,0,treino,0-99 min
623,M,298.4,310.2,1725,32,80,0,validacao,0-99 min
624,L,298.4,310.1,1926,23.7,83,0,treino,0-99 min
625,H,298.3,310.1,1509,37.6,85,0,teste,0-99 min
626,L,298.3,310.1,1545,36.3,90,0,treino,0-99 min
627,L,298.4,310.1,1533,35.2,92,0,validacao,0-99 min
628,L,298.4,310.1,1455,42.2,94,0,treino,0-99 min
629,M,298.4,310.1,1335,57.8,96,0,treino,0-99 min
630,L,298.3,310.1,1523,45.9,99,0,treino,0-99 min
631,L,298.3,310,1460,47.6,101,0,treino,100-199 min
632,L,298.4,310,1554,37.3,103,0,treino,100-199 min
633,H,298.3,310,1419,47.1,105,0,teste,100-199 min
634,L,298.3,310,1442,43.9,110,0,validacao,100-199 min
635,L,298.3,309.9,1507,41.6,112,0,treino,100-199 min
636,L,298.3,310,1858,23.9,114,0,treino,100-199 min
637,L,298.3,309.9,1463,43.9,116,0,treino,100-199 min
638,L,298.2,309.7,1585,37.4,118,0,teste,100-199 min
639,L,298,309.6,1536,37.3,120,0,validacao,100-199 min
640,L,298,309.6,1403,51.3,122,0,treino,100-199 min
641,M,297.9,309.6,1515,38.8,124,0,treino,100-199 min
642,L,297.9,309.5,1390,47.9,127,0,validacao,100-199 min
643,M,297.8,309.4,1226,58.7,129,0,validacao,100-199 min
644,M,297.8,309.4,1495,36.5,132,0,treino,100-199 min
645,H,297.7,309.4,1608,30.2,135,0,validacao,100-199 min
646,L,297.7,309.4,1392,44.1,140,0,treino,100-199 min
647,M,297.7,309.4,1461,43.7,142,0,treino,100-199 min
648,L,297.7,309.3,1559,36.9,145,0,teste,100-199 min
649,H,297.7,309.3,1400,48.9,147,0,treino,100-199 min
650,M,297.7,309.2,1732,28.8,152,0,treino,100-199 min
651,L,297.6,309.2,1611,33.1,155,0,treino,100-199 min
652,L,297.6,309.1,1503,38.9,157,0,validacao,100-199 min
653,L,297.7,309.2,1391,44.5,159,0,teste,100-199 min
654,L,297.8,309.3,2015,20.1,161,0,teste,100-199 min
655,L,297.8,309.2,1683,30.9,163,0,validacao,100-199 min
656,L,297.7,309.1,1435,38.8,165,0,validacao,100-199 min
657,M,297.7,309.1,1732,28.1,167,0,teste,100-199 min
658,L,297.7,309.2,1365,58.6,170,0,treino,100-199 min
659,L,297.7,309.1,1562,36.8,172,0,validacao,100-199 min
660,L,297.6,309.1,1449,49.1,174,0,validacao,100-199 min
661,M,297.7,309.2,1700,27.4,176,0,treino,100-199 min
662,M,297.6,309,1427,45.6,179,0,treino,100-199 min
663,M,297.6,308.9,1479,38.1,182,0,treino,100-199 min
664,L,297.5,308.9,1469,44,185,0,teste,100-199 min
665,L,297.5,308.9,1390,47.4,187,0,treino,100-199 min
666,L,297.5,308.9,1729,28.1,189,0,treino,100-199 min
667,L,297.5,309,1470,43.5,191,0,validacao,100-199 min
668,L,297.5,308.9,1459,48.5,193,0,treino,100-199 min
669,L,297.5,308.9,1738,24,195,0,treino,100-199 min
670,H,297.5,308.9,1471,37.7,197,0,treino,100-199 min
671,L,297.6,309,1822,25.4,202,0,treino,200+ min
672,L,297.5,308.9,1554,34.8,204,0,validacao,200+ min
673,M,297.6,308.9,1433,43.2,206,0,treino,200+ min
674,L,297.6,308.9,1449,47.7,209,0,treino,200+ min
675,L,297.8,309,1456,41.2,0,0,validacao,0-99 min
676,M,297.8,309.1,1424,45.5,2,0,treino,0-99 min
677,H,297.9,309.2,1577,34.7,5,0,treino,0-99 min
678,L,297.9,309.2,1478,39.7,10,0,teste,0-99 min
679,M,297.8,309.2,1295,61.2,12,0,treino,0-99 min
680,L,297.8,309.2,1372,47.3,15,0,teste,0-99 min
681,M,297.8,309.1,1432,42.6,17,0,treino,0-99 min
682,M,297.7,309,1656,33.2,20,0,teste,0-99 min
683,H,297.8,309,1410,48.8,23,0,treino,0-99 min
684,L,297.7,309,1874,24.4,28,0,validacao,0-99 min
685,L,297.7,309,1538,43.2,30,0,teste,0-99 min
686,M,297.7,309,1636,29.7,32,0,teste,0-99 min
687,M,297.7,309,1504,40.4,35,0,treino,0-99 min
688,M,297.7,309,1531,42.4,38,0,validacao,0-99 min
689,H,297.6,309,1735,26.4,41,0,treino,0-99 min
690,H,297.6,309,1354,55.6,46,0,teste,0-99 min
691,H,297.6,309,1413,40.2,51,0,treino,0-99 min
692,L,297.7,309.1,1563,39.3,56,0,treino,0-99 min
693,L,297.7,309.1,1479,42.1,58,0,treino,0-99 min
694,L,297.7,309.1,1477,38.3,60,0,treino,0-99 min
695,L,297.6,309.1,1394,50,62,0,validacao,0-99 min
696,L,297.6,309,1487,45.4,64,0,treino,0-99 min
697,M,297.6,309,1815,25.3,66,0,treino,0-99 min
698,M,297.6,308.8,1453,39.7,69,0,validacao,0-99 min
699,L,297.6,308.8,1539,40.2,72,0,treino,0-99 min
700,H,297.5,308.7,1416,39.2,74,0,validacao,0-99 min
701,M,297.6,308.8,1683,31.6,79,0,validacao,0-99 min
702,L,297.7,308.8,1515,40.1,82,0,treino,0-99 min
703,M,297.7,308.9,1531,48.3,84,0,treino,0-99 min
704,H,297.7,308.9,1479,40.9,87,0,treino,0-99 min
705,L,297.7,308.9,1516,33.7,92,0,teste,0-99 min
706,L,297.7,309,1507,38.2,94,0,treino,0-99 min
707,M,297.8,309,1434,43.3,96,0,teste,0-99 min
708,L,297.7,308.9,1838,27.3,99,0,treino,0-99 min
709,M,297.6,308.8,1416,45.9,101,0,treino,100-199 min
710,M,297.6,308.8,1357,49.7,104,0,validacao,100-199 min
711,M,297.5,308.7,1697,28.1,107,0,treino,100-199 min
712,L,297.5,308.7,1443,46.2,110,0,treino,100-199 min
713,L,297.5,308.7,1453,37.6,112,0,treino,100-199 min
714,L,297.4,308.6,1439,46.4,114,0,treino,100-199 min
715,L,297.4,308.6,1609,36.2,116,0,treino,100-199 min
716,L,297.4,308.6,1324,59.1,118,0,validacao,100-199 min
717,H,297.4,308.6,1420,45.8,120,0,teste,100-199 min
718,L,297.4,308.7,1545,36.9,125,0,teste,100-199 min
719,L,297.5,308.8,1477,39,127,0,treino,100-199 min
720,L,297.4,308.8,1447,58.1,129,0,treino,100-199 min
721,L,297.4,308.9,1809,23.8,131,0,treino,100-199 min
722,L,297.5,308.9,1696,30.9,133,0,teste,100-199 min
723,L,297.5,308.9,1427,44.7,135,0,treino,100-199 min
724,M,297.4,308.9,1500,46.3,137,0,treino,100-199 min
725,L,297.5,308.9,1390,44.6,140,0,validacao,100-199 min
726,L,297.4,308.8,1640,34.2,142,0,validacao,100-199 min
727,M,297.4,308.8,1628,37.4,144,0,validacao,100-199 min
728,H,297.3,308.6,1499,37.6,147,0,treino,100-199 min
729,M,297.4,308.7,1425,50.3,152,0,validacao,100-199 min
730,L,297.3,308.6,1586,37.7,155,0,treino,100-199 min
731,M,297.3,308.6,1471,50.7,157,0,treino,100-199 min
732,M,297.3,308.6,1431,53,160,0,validacao,100-199 min
733,L,297.2,308.6,1924,22.1,163,0,teste,100-199 min
734,M,297.1,308.4,1421,42,165,0,treino,100-199 min
735,H,297,308.4,1305,54.6,168,0,teste,100-199 min
736,L,296.9,308.4,1557,32.4,173,0,teste,100-199 min
737,L,296.9,308.3,1555,38.2,175,0,treino,100-199 min
738,H,296.9,308.3,1474,39.2,177,0,treino,100-199 min
739,L,296.8,308.3,1506,45.9,182,0,validacao,100-199 min
740,L,296.9,308.4,1390,41.8,184,0,treino,100-199 min
741,M,296.9,308.4,1450,46.9,186,0,treino,100-199 min
742,L,296.9,308.3,1513,38.8,189,0,treino,100-199 min
743,L,296.8,308.2,1643,34.7,191,0,treino,100-199 min
744,L,296.8,308.2,1361,53.8,193,0,validacao,100-199 min
745,L,296.7,308.1,1450,40.9,195,0,teste,100-199 min
746,L,296.7,308,1451,50.7,197,0,validacao,100-199 min
747,L,296.8,308.1,1289,62,199,1,treino,100-199 min
748,L,296.8,308.1,1356,48.3,201,0,teste,200+ min
749,H,296.7,308.1,1528,46.3,203,0,treino,200+ min
750,L,296.6,308,1978,22.3,208,0,validacao,200+ min
751,L,296.7,308,1535,36.8,210,0,validacao,200+ min
752,M,296.8,308.1,1843,24.2,212,0,validacao,200+ min
753,L,296.9,308.1,1422,48.7,215,0,treino,200+ min
754,L,296.8,308,1536,40.4,217,0,treino,200+ min
755,M,296.9,308.1,1483,44.3,219,0,teste,200+ min
756,H,296.8,308.1,1492,43.7,222,0,treino,200+ min
757,L,296.8,308,1584,40.4,227,0,treino,200+ min
758,L,296.9,308.1,1555,33.7,229,0,treino,200+ min
759,L,296.8,308,1497,41.7,231,0,treino,200+ min
760,M,296.7,307.8,1537,36.3,233,0,treino,200+ min
761,L,296.7,307.8,1505,39.4,236,0,treino,200+ min
762,L,296.7,307.8,1646,34.6,238,0,treino,200+ min
763,M,296.7,307.8,1286,60.5,0,0,treino,0-99 min
764,L,296.7,307.8,1400,47.5,3,0,treino,0-99 min
765,L,296.8,307.9,1337,56.5,5,0,validacao,0-99 min
766,L,296.9,308,1332,53.9,7,0,treino,0-99 min
767,L,296.8,308,1561,38.3,9,0,treino,0-99 min
768,L,296.9,308,1546,31.1,11,0,treino,0-99 min
769,L,296.9,308,1713,29.3,13,0,teste,0-99 min
770,L,296.9,308,1343,44.5,15,0,treino,0-99 min
771,L,296.8,308,1391,54.4,17,0,validacao,0-99 min
772,H,296.8,308,1311,58.6,19,0,treino,0-99 min
773,H,296.8,308,1453,51,24,0,treino,0-99 min
774,L,296.8,308,1510,39.4,29,0,teste,0-99 min
775,L,296.8,307.9,1448,48.8,31,0,treino,0-99 min
776,L,296.7,307.8,1453,46,33,0,treino,0-99 min
777,L,296.7,307.8,1468,39.2,35,0,treino,0-99 min
778,L,296.7,307.8,1382,47.5,37,0,validacao,0-99 min
779,L,296.7,308,1580,32.2,39,0,treino,0-99 min
780,L,296.8,308,1666,29.8,41,0,teste,0-99 min
781,M,296.9,308,1409,50.7,43,0,treino,0-99 min
782,L,296.8,308,1675,29.7,46,0,treino,0-99 min
783,L,296.8,307.9,1698,30.8,48,0,treino,0-99 min
784,H,296.7,307.9,1579,33.4,50,0,treino,0-99 min
785,L,296.7,307.9,1743,27.9,55,0,validacao,0-99 min
786,M,296.9,308,1497,44.8,57,0,treino,0-99 min
787,L,296.9,308.1,1741,28.8,60,0,treino,0-99 min
788,L,296.9,308.1,1435,45.3,62,0,teste,0-99 min
789,M,296.9,308.1,1440,46.3,64,0,teste,0-99 min
790,M,296.9,308,1641,33.3,67,0,teste,0-99 min
791,L,296.8,307.9,1420,45.4,70,0,treino,0-99 min
792,L,296.8,307.9,1611,35.4,72,0,treino,0-99 min
793,L,296.8,307.8,1373,42.9,74,0,treino,0-99 min
794,M,296.8,307.9,1683,31.8,76,0,treino,0-99 min
795,H,296.9,307.9,1547,32.6,79,0,teste,0-99 min
796,L,296.9,307.8,1605,37,84,0,validacao,0-99 min
797,M,296.9,307.9,2010,18.9,86,0,treino,0-99 min
798,L,296.8,307.7,1565,40.1,89,0,teste,0-99 min
799,M,296.9,307.8,1828,24.6,91,0,treino,0-99 min
800,M,297,307.8,1579,34.1,94,0,treino,0-99 min
801,M,297,307.9,1882,24.2,97,0,treino,0-99 min
802,L,296.9,307.8,1285,52.1,100,0,treino,100-199 min
803,L,296.9,307.8,1571,35,102,0,validacao,100-199 min
804,H,296.9,307.8,1549,37.8,104,0,teste,100-199 min
805,M,296.9,307.8,1544,37.6,109,0,treino,100-199 min
806,M,297,307.9,1412,47.4,112,0,treino,100-199 min
807,M,297,307.9,1422,53,115,0,treino,100-199 min
808,L,297,307.7,1867,22.8,118,0,treino,100-199 min
809,L,296.9,307.7,1424,43.3,120,0,validacao,100-199 min
810,L,296.9,307.6,1452,45.7,122,0,treino,100-199 min
811,L,296.9,307.7,1550,39.7,124,0,teste,100-199 min
812,L,296.8,307.6,1588,37.6,126,0,validacao,100-199 min
813,L,296.8,307.6,1338,44.4,128,0,teste,100-199 min
814,L,296.8,307.6,1513,40,130,0,validacao,100-199 min
815,M,296.8,307.5,1470,45.9,132,0,treino,100-199 min
816,M,296.8,307.5,1516,36.7,135,0,treino,100-199 min
817,L,296.8,307.6,1434,48.3,138,0,treino,100-199 min
818,L,296.8,307.6,1368,52,140,0,treino,100-199 min
819,L,296.8,307.6,1304,48.7,142,0,validacao,100-199 min
820,L,296.8,307.6,1398,46.7,144,0,validacao,100-199 min
821,L,296.7,307.6,1516,37.4,146,0,treino,100-199 min
822,L,296.7,307.6,1474,41.7,148,0,treino,100-199 min
823,M,296.7,307.6,1547,34.7,150,0,treino,100-199 min
824,M,296.6,307.5,1482,39.9,153,0,teste,100-199 min
825,L,296.6,307.4,1436,42.8,156,0,treino,100-199 min
826,L,296.6,307.3,1474,40,158,0,teste,100-199 min
827,L,296.5,307.2,1481,38.2,160,0,treino,100-199 min
828,L,296.5,307.3,1501,42.1,162,0,treino,100-199 min
829,L,296.5,307.3,1566,37.2,164,0,treino,100-199 min
830,L,296.5,307.3,1579,34.5,166,0,validacao,100-199 min
831,L,296.6,307.4,1631,35,168,0,treino,100-199 min
832,M,296.6,307.4,1544,42.3,170,0,treino,100-199 min
833,L,296.6,307.4,1521,38.6,173,0,validacao,100-199 min
834,L,296.6,307.4,1616,28,175,0,teste,100-199 min
835,H,296.6,307.4,1333,50.2,177,0,treino,100-199 min
836,M,296.7,307.4,1533,32.5,182,0,treino,100-199 min
837,L,296.6,307.4,1368,45.1,185,0,treino,100-199 min
838,L,296.6,307.4,1465,47.8,187,0,treino,100-199 min
839,H,296.6,307.4,1406,41.5,189,0,treino,100-199 min
840,M,296.5,307.4,1565,43.5,194,0,validacao,100-199 min
841,L,296.6,307.5,1582,37.9,197,0,teste,100-199 min
842,L,296.6,307.5,1439,45.5,199,0,teste,100-199 min
843,M,296.6,307.5,1566,35,201,0,teste,200+ min
844,L,296.6,307.5,1485,42.7,204,0,teste,200+ min
845,L,296.5,307.5,1566,35.1,206,0,teste,200+ min
846,L,296.3,307.3,1439,41.5,208,0,validacao,200+ min
847,M,296.4,307.4,1416,50,210,0,teste,200+ min
848,L,296.4,307.4,2833,5.6,213,1,treino,200+ min
849,L,296.3,307.4,1465,47.1,215,0,treino,200+ min
850,H,296.4,307.4,1586,35.5,0,0,treino,0-99 min
851,L,296.3,307.3,1567,31.4,5,0,teste,0-99 min
852,M,296.2,307.2,1389,48.6,7,0,treino,0-99 min
853,M,296.3,307.3,1368,49.5,10,0,teste,0-99 min
854,L,296.3,307.3,1444,49,13,0,treino,0-99 min
855,M,296.3,307.3,1498,41.6,15,0,treino,0-99 min
856,L,296.1,307.2,1615,30.8,18,0,treino,0-99 min
857,L,296.1,307.1,1898,22.7,20,0,treino,0-99 min
858,M,296.1,307.1,1350,53.3,22,0,treino,0-99 min
859,M,296.2,307,1516,37.6,25,0,treino,0-99 min
860,H,296.2,307,1542,40.6,28,0,treino,0-99 min
861,H,296.1,306.9,1541,32.6,33,0,treino,0-99 min
862,M,296.1,306.9,1951,23.3,38,0,treino,0-99 min
863,H,296.1,306.8,1645,31,41,0,validacao,0-99 min
864,L,296,306.7,1416,44.2,46,0,treino,0-99 min
865,M,296,306.7,2044,22.3,48,0,treino,0-99 min
866,L,295.9,306.6,1414,50.2,51,0,treino,0-99 min
867,L,295.9,306.6,1678,26.7,53,0,teste,0-99 min
868,H,295.9,306.5,1594,33.2,55,0,treino,0-99 min
869,M,295.8,306.5,1514,37.7,60,0,treino,0-99 min
870,L,295.8,306.5,1358,49.2,63,0,validacao,0-99 min
871,L,295.8,306.4,1325,56.2,65,0,teste,0-99 min
872,L,295.8,306.4,1339,53.2,67,0,teste,0-99 min
873,M,295.8,306.4,1335,51.7,69,0,treino,0-99 min
874,L,295.9,306.4,1892,21.7,72,0,teste,0-99 min
875,L,295.9,306.4,1575,28.5,74,0,teste,0-99 min
876,M,295.8,306.3,1444,45.5,76,0,treino,0-99 min
877,L,295.7,306.3,1915,22.4,79,0,treino,0-99 min
878,M,295.6,306.2,1584,33.6,81,0,validacao,0-99 min
879,M,295.7,306.3,1685,34.9,84,0,treino,0-99 min
880,L,295.8,306.3,1337,54.6,87,0,treino,0-99 min
881,M,295.8,306.3,1235,76.2,89,1,treino,0-99 min
882,L,295.7,306.2,1464,46.2,92,0,teste,0-99 min
883,M,295.7,306.2,1739,25.9,94,0,treino,0-99 min
884,L,295.7,306.3,1490,34.3,97,0,treino,0-99 min
885,L,295.8,306.4,1356,48,99,0,teste,0-99 min
886,L,295.7,306.2,1397,52,101,0,validacao,100-199 min
887,L,295.7,306.2,1458,40.6,103,0,treino,100-199 min
888,H,295.7,306.2,2161,16.5,105,0,validacao,100-199 min
889,M,295.6,306.1,1651,28.1,110,0,treino,100-199 min
890,L,295.6,306.1,1389,46.2,113,0,validacao,100-199 min
891,L,295.6,306,1370,52.4,115,0,treino,100-199 min
892,L,295.7,306.1,1408,47.9,117,0,treino,100-199 min
893,L,295.7,306.1,1343,54.4,119,0,treino,100-199 min
894,M,295.7,306.2,1423,42.5,121,0,treino,100-199 min
895,L,295.6,306.2,1426,48.6,124,0,validacao,100-199 min
896,M,295.6,306.2,1435,51.6,126,0,validacao,100-199 min
897,L,295.5,306.1,1573,35.1,129,0,validacao,100-199 min
898,L,295.6,306.2,1612,31.2,131,0,teste,100-199 min
899,L,295.6,306.2,1446,49.9,133,0,validacao,100-199 min
900,H,295.6,306.2,1329,55.3,135,0,teste,100-199 min
901,L,295.6,306.2,1569,35.1,140,0,treino,100-199 min
902,H,295.6,306.1,1256,62.3,142,0,validacao,100-199 min
903,L,295.6,306.1,1383,48.7,147,0,treino,100-199 min
904,L,295.7,306.2,2270,14.6,149,1,treino,100-199 min
905,H,295.7,306.2,1458,49.8,151,0,treino,100-199 min
906,L,295.6,306.1,1474,41.2,156,0,treino,100-199 min
907,M,295.6,306.1,1462,49.2,158,0,validacao,100-199 min
908,M,295.6,306.1,1669,29,161,0,treino,100-199 min
909,M,295.5,306.1,1822,24.3,164,0,validacao,100-199 min
910,L,295.5,306,1456,39.2,167,0,treino,100-199 min
911,L,295.5,306,1546,35.9,169,0,treino,100-199 min
912,M,295.6,306.1,1490,42.7,171,0,treino,100-199 min
913,L,295.6,306,1569,40.4,174,0,validacao,100-199 min
914,L,295.5,306,1621,29.5,176,0,teste,100-199 min
915,M,295.4,305.9,1518,40.6,178,0,teste,100-199 min
916,M,295.4,305.8,1526,38.2,181,0,treino,100-199 min
917,M,295.3,305.8,1589,36.2,184,0,teste,100-199 min
918,L,295.3,305.7,1475,51,187,0,treino,100-199 min
919,M,295.3,305.7,1473,38.5,189,0,treino,100-199 min
920,L,295.4,305.8,1407,50.7,192,0,treino,100-199 min
921,M,295.5,305.9,1518,44.1,194,0,treino,100-199 min
922,H,295.5,305.9,1593,37.2,197,0,teste,100-199 min
923,M,295.5,305.9,1380,52.4,202,0,treino,200+ min
924,M,295.5,306,1423,45.3,205,0,validacao,200+ min
925,L,295.5,306,1800,27.6,208,0,teste,200+ min
926,H,295.6,306.1,1623,30.9,210,0,treino,200+ min
927,L,295.6,306.1,1372,55.6,215,1,teste,200+ min
928,H,295.6,306,1396,52.4,0,0,treino,0-99 min
929,L,295.6,306,1949,21.9,5,0,treino,0-99 min
930,L,295.6,306,1419,51.1,7,0,treino,0-99 min
931,M,295.5,305.9,1453,47.3,9,0,validacao,0-99 min
932,L,295.5,305.9,1542,36.2,12,0,treino,0-99 min
933,L,295.6,306,1363,50,14,0,treino,0-99 min
934,L,295.5,306,1597,37.2,16,0,treino,0-99 min
935,M,295.5,306,1326,50.8,18,0,validacao,0-99 min
936,M,295.5,306,1641,36.6,21,0,treino,0-99 min
937,M,295.6,306.1,1418,46.2,24,0,treino,0-99 min
938,L,295.6,306.2,1263,61.8,27,0,treino,0-99 min
939,L,295.6,306.2,1823,25.8,29,0,treino,0-99 min
940,L,295.5,306.1,1488,40.7,31,0,teste,0-99 min
941,L,295.6,306.2,1443,48.9,33,0,teste,0-99 min
942,L,295.6,306.2,1650,28.2,35,0,teste,0-99 min
943,M,295.7,306.3,1462,44.3,37,0,treino,0-99 min
944,M,295.6,306.2,1477,45,40,0,teste,0-99 min
945,M,295.7,306.3,1712,28.5,43,0,validacao,0-99 min
946,M,295.7,306.3,1347,50.4,46,0,teste,0-99 min
947,L,295.6,306.2,1287,54.8,49,0,treino,0-99 min
948,L,295.6,306.2,1428,44.5,51,0,teste,0-99 min
949,M,295.6,306.3,1426,45.5,53,0,treino,0-99 min
950,L,295.6,306.3,1636,32.7,56,0,treino,0-99 min
951,L,295.6,306.2,1424,42.5,58,0,treino,0-99 min
952,H,295.6,306.3,1509,35.8,60,0,teste,0-99 min
953,L,295.5,306.2,1448,48.9,65,0,treino,0-99 min
954,L,295.5,306.1,1650,32.8,67,0,validacao,0-99 min
955,H,295.6,306.2,1414,42.5,69,0,treino,0-99 min
956,L,295.6,306.3,1911,20.9,74,0,treino,0-99 min
957,H,295.6,306.2,1632,32.2,76,0,teste,0-99 min
958,M,295.7,306.4,1387,40.1,81,0,treino,0-99 min
959,L,295.8,306.4,1399,47.6,84,0,treino,0-99 min
960,L,295.8,306.5,1505,35.2,86,0,teste,0-99 min
961,L,295.8,306.5,1534,37.9,88,0,validacao,0-99 min
962,L,295.8,306.5,1493,40.5,90,0,treino,0-99 min
963,M,295.8,306.6,1480,43.2,92,0,teste,0-99 min
964,L,295.8,306.6,1621,31.6,95,0,treino,0-99 min
965,L,295.7,306.5,1737,26.2,97,0,treino,0-99 min
966,L,295.8,306.6,1508,46.5,99,0,validacao,0-99 min
967,M,295.8,306.5,1641,32.2,101,0,teste,100-199 min
968,M,295.9,306.6,1532,38.6,104,0,treino,100-199 min
969,L,295.9,306.7,1547,40.9,107,0,treino,100-199 min
970,L,295.9,306.6,1412,41,109,0,treino,100-199 min
971,L,295.8,306.5,1568,35.1,111,0,treino,100-199 min
972,L,295.9,306.6,1557,41.1,113,0,treino,100-199 min
973,L,295.8,306.6,1644,35.2,115,0,validacao,100-199 min
974,L,295.9,306.6,1679,30.4,117,0,teste,100-199 min
975,L,296,306.6,1511,35.2,119,0,teste,100-199 min
976,M,296,306.6,1628,36.8,121,0,validacao,100-199 min
977,M,296,306.6,1392,51.3,124,0,teste,100-199 min
978,L,296,306.7,1917,21,127,0,teste,100-199 min
979,M,296.2,306.8,1526,42.3,129,0,teste,100-199 min
980,L,296.2,306.8,1389,53.3,132,0,teste,100-199 min
981,L,296.1,306.7,1409,42.8,134,0,treino,100-199 min
982,L,296.2,306.8,1655,31.1,136,0,treino,100-199 min
983,L,296.2,306.9,1516,39.1,138,0,teste,100-199 min
984,L,296.2,306.9,1526,34.9,140,0,validacao,100-199 min
985,L,296.3,307.1,1419,48.6,142,0,teste,100-199 min
986,L,296.4,307.2,1748,25.3,144,0,treino,100-199 min
987,H,296.4,307.1,1638,32.5,146,0,teste,100-199 min
988,M,296.3,307.1,1534,33.8,151,0,treino,100-199 min
989,H,296.3,307.1,1774,25.9,154,0,treino,100-199 min
990,M,296.2,307,2119,18.3,159,0,teste,100-199 min
991,L,296.2,307,1414,48.3,162,0,treino,100-199 min
992,M,296.1,307,1523,42,164,0,teste,100-199 min
993,L,296.1,307.1,1651,35.7,167,0,treino,100-199 min
994,M,296.1,307.1,1485,36,169,0,treino,100-199 min
995,M,296.2,307.2,1168,63.4,172,0,treino,100-199 min
996,L,296.3,307.3,1566,35.8,175,0,validacao,100-199 min
997,M,296.3,307.2,1286,51.1,177,0,treino,100-199 min
998,M,296.3,307.2,1446,45.9,180,0,teste,100-199 min
999,M,296.4,307.2,2071,19.4,183,0,treino,100-199 min
1000,L,296.3,307.1,1560,33.2,186,0,treino,100-199 min
1001,L,296.3,307.1,1654,29.6,188,0,treino,100-199 min
1002,L,296.3,307.1,1662,32.9,190,0,treino,100-199 min
1003,L,296.3,307.2,1646,35,192,0,validacao,100-199 min
1004,L,296.2,307.1,1444,46.7,194,0,teste,100-199 min
1005,H,296.3,307.2,1424,42,196,0,treino,100-199 min
1006,L,296.2,307.2,1382,52,201,0,treino,200+ min
1007,L,296.2,307.1,1413,53.4,203,0,validacao,200+ min
1008,M,296.2,307.2,1633,31.1,0,0,teste,0-99 min
1009,L,296.2,307.1,1441,41.7,3,0,treino,0-99 min
1010,M,296.2,307.2,1385,44,5,0,teste,0-99 min
1011,M,296.2,307.2,1552,34.8,8,0,validacao,0-99 min
1012,M,296.2,307.3,1451,42.8,11,0,teste,0-99 min
1013,M,296.1,307.1,1433,38.5,14,0,treino,0-99 min
1014,M,296.1,307.2,1619,29.7,17,0,treino,0-99 min
1015,L,296.2,307.2,1445,41.8,20,0,validacao,0-99 min
1016,L,296.2,307.2,1356,43.6,22,0,treino,0-99 min
1017,M,296.3,307.2,1319,68.3,24,1,treino,0-99 min
1018,L,296.3,307.2,1637,31.6,27,0,treino,0-99 min
1019,L,296.3,307.2,1291,58.6,29,0,treino,0-99 min
1020,L,296.3,307.3,1398,52.7,31,0,teste,0-99 min
1021,L,296.3,307.3,1372,57.7,33,0,treino,0-99 min
1022,M,296.3,307.2,1454,42.5,35,0,treino,0-99 min
1023,L,296.2,307.2,1515,36.5,38,0,validacao,0-99 min
1024,L,296.2,307.3,1881,24.3,40,0,validacao,0-99 min
1025,L,296.2,307.3,1711,29.9,42,0,teste,0-99 min
1026,L,296.2,307.3,1475,37,44,0,treino,0-99 min
1027,L,296.4,307.4,1512,36.8,46,0,validacao,0-99 min
1028,M,296.3,307.4,1335,50.5,48,0,treino,0-99 min
1029,L,296.3,307.4,1472,39.9,51,0,teste,0-99 min
1030,M,296.2,307.3,1477,35.2,53,0,validacao,0-99 min
1031,L,296.3,307.4,1760,28.4,56,0,treino,0-99 min
1032,L,296.4,307.5,1549,36.1,58,0,teste,0-99 min
1033,L,296.3,307.4,1648,34,60,0,teste,0-99 min
1034,H,296.4,307.5,1556,38,62,0,validacao,0-99 min
1035,M,296.3,307.4,1958,19.1,67,0,treino,0-99 min
1036,L,296.4,307.4,1403,48.4,70,0,validacao,0-99 min
1037,M,296.4,307.5,1684,31.4,72,0,validacao,0-99 min
1038,H,296.4,307.5,1596,35.1,75,0,validacao,0-99 min
1039,L,296.6,307.6,1498,41.1,80,0,teste,0-99 min
1040,L,296.7,307.7,1524,36.8,82,0,teste,0-99 min
1041,L,296.7,307.7,1502,43.9,84,0,teste,0-99 min
1042,L,296.6,307.6,1809,25.1,86,0,treino,0-99 min
1043,L,296.6,307.6,1542,37.4,88,0,treino,0-99 min
1044,L,296.5,307.6,1431,45.2,90,0,validacao,0-99 min
1045,L,296.5,307.6,1512,43.6,92,0,validacao,0-99 min
1046,H,296.4,307.5,1403,52.8,94,0,teste,0-99 min
1047,L,296.4,307.5,1331,47.8,99,0,treino,0-99 min
1048,M,296.6,307.7,1474,52.6,101,0,treino,100-199 min
1049,L,296.5,307.6,1607,33.5,104,0,treino,100-199 min
1050,L,296.5,307.6,1415,44.2,106,0,treino,100-199 min
1051,L,296.6,307.6,1671,28.8,108,0,teste,100-199 min
1052,L,296.6,307.7,1556,37.7,110,0,validacao,100-199 min
1053,L,296.7,307.7,1927,23.9,112,0,teste,100-199 min
1054,M,296.7,307.7,1597,32.1,114,0,treino,100-199 min
1055,H,296.8,307.8,1627,30.5,117,0,treino,100-199 min
1056,L,296.8,307.8,1480,39.4,122,0,treino,100-199 min
1057,L,296.8,307.8,1565,39.5,124,0,treino,100-199 min
1058,L,296.8,307.8,1573,36.4,126,0,treino,100-199 min
1059,L,296.7,307.8,1605,31.3,128,0,treino,100-199 min
1060,M,296.7,307.9,1874,21.3,130,0,teste,100-199 min
1061,H,296.7,307.9,1424,53.8,133,0,treino,100-199 min
1062,L,296.7,307.9,1420,50.1,138,0,treino,100-199 min
1063,L,296.8,307.9,1372,49,140,0,treino,100-199 min
1064,M,296.8,307.8,1664,32.8,142,0,treino,100-199 min
1065,M,296.8,307.9,1409,44.3,145,0,teste,100-199 min
1066,L,296.8,307.9,1718,25.2,148,0,treino,100-199 min
1067,M,296.9,307.8,1544,40.3,150,0,treino,100-199 min
1068,L,296.9,307.8,1466,45.7,153,0,teste,100-199 min
1069,L,296.8,307.8,1394,47.7,155,0,treino,100-199 min
1070,M,296.9,307.8,1840,24.6,157,0,teste,100-199 min
1071,M,296.9,307.8,1477,37.2,160,0,treino,100-199 min
1072,L,296.9,307.8,1425,49.1,163,0,treino,100-199 min
1073,M,297,307.9,1414,46.2,165,0,treino,100-199 min
1074,L,297,307.8,1414,47.5,168,0,treino,100-199 min
1075,L,297,307.9,1595,31.7,170,0,teste,100-199 min
1076,H,296.9,307.8,1345,54.5,172,0,treino,100-199 min
1077,L,296.9,307.7,1653,35.9,177,0,treino,100-199 min
1078,L,296.8,307.6,1547,36.5,179,0,treino,100-199 min
1079,H,296.9,307.7,1656,30.8,181,0,validacao,100-199 min
1080,L,297,307.7,1731,28.5,186,0,treino,100-199 min
1081,L,297,307.8,1774,28,188,0,treino,100-199 min
1082,L,297,307.8,1521,40.2,190,0,treino,100-199 min
1083,H,297.1,307.9,1420,39.8,192,0,teste,100-199 min
1084,L,297,307.8,1683,32.3,197,0,teste,100-199 min
1085,M,297,307.7,1498,47.1,199,0,teste,100-199 min
1086,L,297,307.8,1385,56.4,202,1,teste,200+ min
1087,L,297,307.9,1455,49,204,0,validacao,200+ min
1088,H,296.9,307.8,1549,35.8,206,1,treino,200+ min
1089,M,296.9,307.8,1392,43.9,0,0,teste,0-99 min
1090,M,296.9,307.7,2008,17.5,3,0,teste,0-99 min
1091,L,296.9,307.7,1464,41.4,6,0,treino,0-99 min
1092,L,297,307.7,1447,46.4,8,0,teste,0-99 min
1093,M,296.9,307.6,1685,32,10,0,teste,0-99 min
1094,M,296.8,307.5,1443,39.2,13,0,validacao,0-99 min
1095,L,296.9,307.5,1354,44.4,16,0,treino,0-99 min
1096,L,296.9,307.5,2721,9.3,18,1,validacao,0-99 min
1097,L,297,307.6,1680,35.8,20,0,teste,0-99 min
1098,H,296.9,307.5,1397,48.3,22,0,treino,0-99 min
1099,M,296.9,307.4,1521,37.9,27,0,treino,0-99 min
1100,M,296.8,307.4,1472,43.9,30,0,treino,0-99 min
1101,H,296.8,307.5,1695,30,33,0,validacao,0-99 min
1102,H,296.7,307.5,1607,33.6,38,0,treino,0-99 min
1103,L,296.8,307.5,1347,54.8,43,0,treino,0-99 min
1104,M,296.7,307.4,1540,38.7,45,0,treino,0-99 min
1105,L,296.6,307.4,1389,42.7,48,0,teste,0-99 min
1106,M,296.6,307.5,1734,27,50,0,treino,0-99 min
1107,L,296.7,307.6,1540,38.6,53,0,treino,0-99 min
1108,M,296.7,307.5,1515,42.1,55,0,treino,0-99 min
1109,L,296.6,307.4,1504,45.8,58,0,teste,0-99 min
1110,L,296.6,307.5,1557,35.1,60,0,teste,0-99 min
1111,L,296.5,307.4,1292,52.5,62,0,validacao,0-99 min
1112,H,296.5,307.4,1432,49.2,64,0,treino,0-99 min
1113,M,296.5,307.4,1350,55.6,69,0,validacao,0-99 min
1114,M,296.6,307.4,1790,25.8,72,0,treino,0-99 min
1115,H,296.4,307.3,1540,37.4,75,0,validacao,0-99 min
1116,M,296.4,307.3,2077,19.1,80,0,treino,0-99 min
1117,L,296.4,307.3,1487,37.5,83,0,treino,0-99 min
1118,L,296.5,307.4,1523,40.7,85,0,treino,0-99 min
1119,L,296.5,307.5,1443,41.8,87,0,treino,0-99 min
1120,L,296.5,307.5,1340,59.1,89,0,treino,0-99 min
1121,H,296.6,307.7,1654,31,91,0,treino,0-99 min
1122,L,296.6,307.6,1459,40.2,96,0,treino,0-99 min
1123,L,296.5,307.6,1541,38.5,98,0,treino,0-99 min
1124,H,296.6,307.7,1386,62.3,100,1,treino,100-199 min
1125,M,296.7,307.8,1258,69,105,1,treino,100-199 min
1126,M,296.7,307.8,1375,51.4,108,0,treino,100-199 min
1127,L,296.8,307.9,1706,30.8,111,0,treino,100-199 min
1128,M,296.7,307.8,1672,32.4,113,0,teste,100-199 min
1129,M,296.8,307.9,1843,25.2,116,0,treino,100-199 min
1130,L,296.7,307.9,1690,29.6,119,0,treino,100-199 min
1131,L,296.8,307.9,1413,46.5,121,0,validacao,100-199 min
1132,L,296.8,307.9,1489,33.4,123,0,treino,100-199 min
1133,L,296.8,307.9,1271,61.4,125,0,treino,100-199 min
1134,M,296.8,307.9,1418,47.9,127,0,treino,100-199 min
1135,M,296.9,307.8,1426,50.7,130,0,validacao,100-199 min
1136,L,296.9,307.9,1535,39.2,133,0,treino,100-199 min
1137,L,296.9,307.8,1557,38.1,135,0,treino,100-199 min
1138,L,296.9,307.8,1653,29.7,137,0,treino,100-199 min
1139,L,296.9,307.9,1435,41.6,139,0,validacao,100-199 min
1140,M,297,307.9,1569,33.3,141,0,treino,100-199 min
1141,M,296.9,307.9,1385,44.8,144,0,treino,100-199 min
1142,L,297,307.9,1635,31.6,147,0,treino,100-199 min
1143,L,296.9,307.9,1423,43.9,149,0,treino,100-199 min
1144,L,297,307.9,1479,39.2,151,0,treino,100-199 min
1145,L,297,307.9,1296,69.1,153,1,treino,100-199 min
1146,L,297,307.8,1553,33.3,155,0,treino,100-199 min
1147,L,297,307.9,1529,42.2,157,0,treino,100-199 min
1148,M,297.1,308,1690,25.6,159,0,validacao,100-199 min
1149,L,297.1,308,1348,58,162,0,treino,100-199 min
1150,L,297.2,308.1,1446,38.5,164,0,validacao,100-199 min
1151,L,297.1,307.9,1456,50,166,0,teste,100-199 min
1152,L,297,307.9,1350,47.7,168,0,treino,100-199 min
1153,L,297.1,307.9,1507,38.3,170,0,teste,100-199 min
1154,H,297,307.9,1448,45.6,172,0,validacao,100-199 min
1155,L,296.9,307.9,1626,29.9,177,0,treino,100-199 min
1156,H,297,307.9,1846,27.3,179,0,treino,100-199 min
1157,H,297,307.8,1404,40.7,184,0,treino,100-199 min
1158,L,297,307.8,1583,37.2,189,0,validacao,100-199 min
1159,L,297,307.9,1436,47.7,191,0,treino,100-199 min
1160,L,297,307.8,1609,35.6,193,0,validacao,100-199 min
1161,H,297,307.7,1834,23.8,195,0,validacao,100-199 min
1162,L,297,307.8,1316,61.2,200,1,treino,200+ min
1163,L,296.9,307.8,1400,57.1,202,1,validacao,200+ min
1164,L,296.9,307.9,1367,47.1,204,0,validacao,200+ min
1165,L,297.1,308.1,1754,30.3,206,0,validacao,200+ min
1166,L,297.1,308.1,1487,34.6,208,0,treino,200+ min
1167,M,297.1,308.1,1506,37.7,210,0,treino,200+ min
1168,L,297,308.1,1362,52.5,213,1,treino,200+ min
1169,L,297.1,308.1,1584,36.8,215,0,validacao,200+ min
1170,L,297,308.1,1355,43.7,217,0,teste,200+ min
1171,M,297.1,308.1,1823,24.3,219,0,treino,200+ min
1172,H,297,308.1,1517,41.4,222,0,validacao,200+ min
1173,L,297.1,308.1,1446,36.6,227,0,validacao,200+ min
1174,H,297.1,308,1559,38.8,229,0,validacao,200+ min
1175,M,297.1,308.1,1352,44.4,0,0,treino,0-99 min
1176,M,297.2,308.3,1578,37.8,3,0,treino,0-99 min
1177,M,297.2,308.3,1429,42,6,0,treino,0-99 min
1178,M,297.2,308.3,1604,39.4,9,0,treino,0-99 min
1179,L,297.3,308.5,1398,60.4,12,0,treino,0-99 min
1180,L,297.3,308.4,1441,43.4,14,0,treino,0-99 min
1181,H,297.3,308.4,1531,35.6,16,0,validacao,0-99 min
1182,L,297.2,308.3,1379,52.1,21,0,teste,0-99 min
1183,L,297.3,308.3,1410,48.1,23,0,treino,0-99 min
1184,L,297.3,308.4,1513,40.5,25,0,teste,0-99 min
1185,L,297.3,308.5,1497,47.5,27,0,validacao,0-99 min
1186,L,297.3,308.4,1491,46.5,29,0,treino,0-99 min
1187,L,297.3,308.4,1417,47.8,31,0,treino,0-99 min
1188,M,297.4,308.6,1522,38,33,0,teste,0-99 min
1189,L,297.3,308.4,1339,52.1,36,0,validacao,0-99 min
1190,M,297.2,308.3,1794,27.5,38,0,treino,0-99 min
1191,L,297.2,308.4,1460,42.1,41,0,treino,0-99 min
1192,M,297.2,308.3,1776,28,43,0,treino,0-99 min
1193,M,297.2,308.3,1431,43.7,46,0,treino,0-99 min
1194,L,297.1,308.2,1347,50.8,49,0,treino,0-99 min
1195,M,297,308.1,1507,43.1,51,0,validacao,0-99 min
1196,M,297,308,1408,47.9,54,0,treino,0-99 min
1197,M,297,307.9,1493,34.7,57,0,treino,0-99 min
1198,M,296.9,307.9,1441,47.6,60,0,treino,0-99 min
1199,H,296.9,307.9,1557,36.5,63,0,teste,0-99 min
1200,M,296.9,307.9,1979,20.4,68,0,validacao,0-99 min
1201,M,296.9,308,1430,55.9,71,0,teste,0-99 min
1202,L,296.9,308,1658,41,74,0,validacao,0-99 min
1203,M,297,308.1,1355,51.4,76,0,treino,0-99 min
1204,H,297,308.1,1410,47.6,79,0,treino,0-99 min
1205,L,296.9,308,1521,34.5,84,0,treino,0-99 min
1206,L,296.8,308,1371,54.5,86,0,treino,0-99 min
1207,H,296.9,308,1318,53.5,88,0,treino,0-99 min
1208,M,297,308.1,1573,34.9,93,0,validacao,0-99 min
1209,L,297,308.1,1489,44.1,96,0,validacao,0-99 min
1210,H,297,308.1,2540,13.3,98,0,treino,0-99 min
1211,L,297,308.1,1537,39,103,0,teste,100-199 min
1212,H,296.9,308,1416,46.9,105,0,treino,100-199 min
1213,L,296.9,307.9,1359,56.5,110,0,treino,100-199 min
1214,M,296.8,307.8,1551,38.9,112,0,treino,100-199 min
1215,M,296.8,307.8,1694,33,115,0,validacao,100-199 min
1216,L,296.8,307.9,1709,28.4,118,0,treino,100-199 min
1217,L,296.9,308,1514,41,120,0,treino,100-199 min
1218,L,297,308.1,1455,43.5,122,0,teste,100-199 min
1219,M,297,308.2,1702,30.7,124,0,treino,100-199 min
1220,M,296.9,308.1,1357,41.8,127,0,treino,100-199 min
1221,L,297,308.2,1577,29.4,130,0,treino,100-199 min
1222,M,297,308.3,1399,46.4,132,0,treino,100-199 min
1223,L,297,308.3,1399,59,135,0,treino,100-199 min
1224,L,297,308.3,1492,48.1,137,0,treino,100-199 min
1225,L,297.1,308.3,1763,25.7,139,0,teste,100-199 min
1226,H,297.1,308.3,1492,41.5,141,0,validacao,100-199 min
1227,L,297.1,308.4,1488,42.5,146,0,treino,100-199 min
1228,L,297.1,308.4,1422,42.1,148,0,validacao,100-199 min
1229,M,297.1,308.4,1583,38.2,150,0,treino,100-199 min
1230,L,297.1,308.4,1304,53.5,153,0,treino,100-199 min
1231,M,297.1,308.4,1880,23.5,155,0,treino,100-199 min
1232,M,297.2,308.5,1604,40.7,158,0,teste,100-199 min
1233,L,297.2,308.6,1500,37.1,161,0,validacao,100-199 min
1234,M,297.2,308.5,1364,55.6,163,0,validacao,100-199 min
1235,H,297.2,308.5,2440,14,166,0,treino,100-199 min
1236,H,297.1,308.4,1654,31.4,171,0,teste,100-199 min
1237,H,297.1,308.4,1359,46.6,176,0,validacao,100-199 min
1238,M,297.1,308.4,1502,37.3,181,0,treino,100-199 min
1239,M,297.1,308.4,1615,32.6,184,0,teste,100-199 min
1240,H,297.2,308.5,1482,39.3,187,0,treino,100-199 min
1241,L,297.2,308.6,1636,31.3,192,0,treino,100-199 min
1242,M,297.1,308.5,1621,32.4,194,0,teste,100-199 min
1243,L,297.1,308.4,1468,44.4,197,0,treino,100-199 min
1244,M,297.1,308.4,1432,53.4,199,0,validacao,100-199 min
1245,L,297.1,308.4,1726,28.4,202,0,validacao,200+ min
1246,M,297.1,308.4,1588,33.4,204,0,treino,200+ min
1247,H,297.2,308.5,1653,33.3,207,0,treino,200+ min
1248,L,297.2,308.5,1513,42.9,212,0,teste,200+ min
1249,L,297.2,308.6,1489,40.2,214,0,treino,200+ min
1250,L,297.3,308.7,1467,36.8,216,0,treino,200+ min
1251,L,297.3,308.7,1549,36.1,218,0,validacao,200+ min
1252,M,297.4,308.8,1359,48.7,220,0,teste,200+ min
1253,L,297.5,308.8,1533,41.5,223,0,treino,200+ min
1254,L,297.5,308.8,1309,57.3,0,0,treino,0-99 min
1255,H,297.5,308.8,1430,49.4,2,0,treino,0-99 min
1256,H,297.5,308.9,1419,50.7,7,0,validacao,0-99 min
1257,M,297.5,308.9,1535,37.7,12,0,validacao,0-99 min
1258,L,297.5,308.9,1466,43,15,0,treino,0-99 min
1259,L,297.5,308.9,1427,50.4,17,0,treino,0-99 min
1260,M,297.5,308.9,1280,48.5,19,0,validacao,0-99 min
1261,L,297.6,309,1528,33.8,22,0,treino,0-99 min
1262,H,297.6,309,1885,25.2,24,0,treino,0-99 min
1263,H,297.8,309.2,1648,33,29,0,teste,0-99 min
1264,L,297.8,309.2,1400,56.9,34,0,treino,0-99 min
1265,M,297.8,309.3,2243,15.7,36,0,treino,0-99 min
1266,L,297.9,309.4,1558,35.7,39,0,treino,0-99 min
1267,L,298,309.6,1633,34.8,41,0,treino,0-99 min
1268,M,298.1,309.6,1549,38.7,43,0,validacao,0-99 min
1269,L,298,309.5,1496,45.8,46,0,treino,0-99 min
1270,L,298.1,309.5,1467,41.8,48,0,treino,0-99 min
1271,M,298,309.4,1276,65.9,50,0,validacao,0-99 min
1272,H,298,309.4,1490,40.5,53,0,treino,0-99 min
1273,H,298,309.4,1562,38.1,58,0,teste,0-99 min
1274,L,298.1,309.4,1397,48.2,63,0,teste,0-99 min
1275,H,298.1,309.5,1530,40.2,65,0,validacao,0-99 min
1276,M,298.1,309.4,1362,47.6,70,0,validacao,0-99 min
1277,M,298.2,309.4,1693,34.4,73,0,validacao,0-99 min
1278,M,298.2,309.4,1408,46.5,76,0,validacao,0-99 min
1279,L,298.2,309.4,1398,52.9,79,0,treino,0-99 min
1280,M,298.3,309.6,1531,40.1,81,0,treino,0-99 min
1281,H,298.3,309.5,1521,37.1,84,0,treino,0-99 min
1282,H,298.3,309.5,1427,54.3,89,0,teste,0-99 min
1283,L,298.3,309.4,1546,36.1,94,0,treino,0-99 min
1284,L,298.3,309.4,1356,45.4,96,0,treino,0-99 min
1285,L,298.4,309.5,2153,15.3,98,1,treino,0-99 min
1286,M,298.5,309.6,1492,41.7,100,0,validacao,100-199 min
1287,L,298.5,309.6,1582,40.3,103,0,teste,100-199 min
1288,L,298.5,309.6,1419,41.5,105,0,treino,100-199 min
1289,M,298.5,309.6,1441,48.2,107,0,treino,100-199 min
1290,M,298.6,309.7,1635,32.2,110,0,treino,100-199 min
1291,L,298.6,309.7,1429,45.8,113,0,teste,100-199 min
1292,M,298.6,309.7,1675,28.4,115,0,treino,100-199 min
1293,M,298.7,309.7,1868,23.8,118,0,treino,100-199 min
1294,H,298.7,309.8,1582,33.4,121,0,validacao,100-199 min
1295,L,298.8,309.9,1486,40.3,126,0,validacao,100-199 min
1296,L,298.7,309.8,1402,54.3,128,0,validacao,100-199 min
1297,L,298.7,309.9,1621,34.1,130,0,validacao,100-199 min
1298,L,298.8,309.9,1428,42.4,132,0,validacao,100-199 min
1299,M,298.7,309.8,1343,53.6,134,0,treino,100-199 min
1300,M,298.7,309.9,1458,40.2,137,0,teste,100-199 min
1301,L,298.7,309.8,1322,57,140,0,teste,100-199 min
1302,L,298.7,309.9,1483,32.8,142,0,teste,100-199 min
1303,L,298.6,309.8,1505,45.7,144,0,treino,100-199 min
1304,L,298.7,309.9,1593,42.5,146,0,teste,100-199 min
1305,L,298.8,310,2098,19.6,148,0,validacao,100-199 min
1306,L,298.8,310,1672,30.4,150,0,treino,100-199 min
1307,L,298.8,310,1487,41.4,152,0,validacao,100-199 min
1308,L,298.8,310,1423,42.1,154,0,teste,100-199 min
1309,L,298.9,310.1,1750,25,156,0,teste,100-199 min
1310,L,298.9,310.2,1654,31.1,158,0,treino,100-199 min
1311,L,298.9,310.2,1498,50.2,160,0,teste,100-199 min
1312,L,298.9,310.1,1587,30.2,162,0,validacao,100-199 min
1313,L,298.9,310.1,1473,42.6,164,0,treino,100-199 min
1314,L,298.9,310.2,1359,56.9,166,0,teste,100-199 min
1315,M,299,310.3,1635,34.5,168,0,teste,100-199 min
1316,L,299,310.3,1520,45,171,0,treino,100-199 min
1317,L,299,310.3,1507,36.7,173,0,validacao,100-199 min
1318,L,299,310.3,1428,46.3,175,0,treino,100-199 min
1319,M,299,310.3,1582,33.3,177,0,treino,100-199 min
1320,L,299,310.3,1929,24.4,180,0,treino,100-199 min
1321,M,299,310.3,1540,38.1,182,0,teste,100-199 min
1322,L,298.9,310.2,1362,53,185,0,treino,100-199 min
1323,H,298.9,310.1,1452,49.9,187,0,treino,100-199 min
1324,L,298.9,310.1,1361,51.7,192,0,treino,100-199 min
1325,M,298.8,310.1,1243,74.5,194,1,treino,100-199 min
1326,H,298.8,310.1,1567,36.8,197,0,teste,100-199 min
1327,L,298.9,310.2,1411,46.5,202,0,teste,200+ min
1328,L,298.8,310.2,1814,26.8,204,0,treino,200+ min
1329,M,298.8,310.1,1719,28.8,206,0,treino,200+ min
1330,H,298.8,310.2,1663,30.4,209,0,validacao,200+ min
1331,L,298.9,310.2,1696,30.2,214,0,validacao,200+ min
1332,H,298.9,310.2,1771,26.8,216,0,teste,200+ min
1333,L,299,310.3,1868,24,221,0,treino,200+ min
1334,M,299,310.3,1558,35.4,223,0,treino,200+ min
1335,L,299,310.4,1365,49.1,226,1,treino,200+ min
1336,L,299,310.4,1371,53.8,228,1,treino,200+ min
1337,L,298.9,310.3,1583,32.6,230,0,treino,200+ min
1338,H,298.7,310.2,1613,36,0,0,teste,0-99 min
1339,L,298.6,310.1,1721,27.2,5,0,teste,0-99 min
1340,M,298.6,310.2,1668,31.5,7,0,treino,0-99 min
1341,L,298.6,310.2,1569,36.3,10,0,treino,0-99 min
1342,M,298.6,310.2,1328,50.5,12,0,teste,0-99 min
1343,M,298.6,310.1,1596,33,15,0,treino,0-99 min
1344,L,298.5,310.2,1676,32.7,18,0,teste,0-99 min
1345,L,298.5,310.1,1809,28.9,20,0,teste,0-99 min
1346,L,298.5,310,1804,26.1,22,0,teste,0-99 min
1347,L,298.6,310.1,1533,33.9,24,0,treino,0-99 min
1348,L,298.7,310.2,1717,27.3,26,0,treino,0-99 min
1349,L,298.7,310.2,1363,45.5,28,0,treino,0-99 min
1350,L,298.7,310.2,1402,45.9,30,0,teste,0-99 min
1351,L,298.7,310.2,1436,47.5,32,0,treino,0-99 min
1352,L,298.7,310.2,1525,43.7,34,0,treino,0-99 min
1353,M,298.7,310.2,1598,33.3,36,0,treino,0-99 min
1354,M,298.6,310.1,1444,48.1,39,0,teste,0-99 min
1355,L,298.6,310,1334,48,42,0,treino,0-99 min
1356,M,298.6,310,1681,35.5,44,0,validacao,0-99 min
1357,L,298.6,309.9,1593,37.4,47,0,treino,0-99 min
1358,L,298.6,309.9,1461,45.7,49,0,treino,0-99 min
1359,M,298.7,310.1,1693,31.9,51,0,treino,0-99 min
1360,L,298.7,310.2,1404,50.3,54,0,treino,0-99 min
1361,H,298.8,310.2,1707,27.6,56,0,treino,0-99 min
1362,M,298.6,310.1,1458,41.9,61,0,teste,0-99 min
1363,L,298.6,310,1517,41.2,64,0,treino,0-99 min
1364,L,298.7,310.1,1433,54.6,66,0,treino,0-99 min
1365,L,298.7,310.2,1566,33.1,68,0,teste,0-99 min
1366,L,298.7,310.1,1676,33.5,70,0,validacao,0-99 min
1367,M,298.7,310.1,1368,56.8,72,0,validacao,0-99 min
1368,M,298.8,310.2,1581,37.5,75,0,treino,0-99 min
1369,H,298.8,310.3,1708,27.1,78,0,teste,0-99 min
1370,M,298.7,310.3,1481,41.5,83,0,treino,0-99 min
1371,L,298.7,310.3,1451,40,86,0,teste,0-99 min
1372,M,298.7,310.3,1495,38.7,88,0,validacao,0-99 min
1373,M,298.8,310.3,1573,41.8,91,0,treino,0-99 min
1374,M,298.8,310.3,1366,59,94,0,validacao,0-99 min
1375,L,298.8,310.3,1553,36.8,97,0,treino,0-99 min
1376,M,298.8,310.3,1528,37.1,99,0,treino,0-99 min
1377,M,298.8,310.2,1527,31.2,102,0,validacao,100-199 min
1378,L,298.8,310.2,1461,46.7,105,0,treino,100-199 min
1379,H,298.8,310.2,1455,44.9,107,0,teste,100-199 min
1380,L,298.7,310.1,1620,34.8,112,0,teste,100-199 min
1381,L,298.7,310.1,1786,27.7,114,0,validacao,100-199 min
1382,M,298.8,310.2,1583,35.7,116,0,validacao,100-199 min
1383,L,298.8,310.1,1653,30.3,119,0,treino,100-199 min
1384,M,298.9,310.2,1331,49,121,0,treino,100-199 min
1385,L,298.9,310.3,1484,43.8,124,0,teste,100-199 min
1386,M,298.9,310.2,1603,36.1,126,0,treino,100-199 min
1387,L,298.9,310.2,1445,40,129,0,treino,100-199 min
1388,L,298.9,310.1,1823,26.1,131,0,treino,100-199 min
1389,H,298.9,310.1,1491,45.3,133,0,treino,100-199 min
1390,L,298.9,310.2,1533,42.8,138,0,treino,100-199 min
1391,L,298.9,310.2,1409,54.8,140,0,teste,100-199 min
1392,L,298.9,310.2,2737,8.8,142,1,teste,100-199 min
1393,M,299,310.3,1494,46.6,144,0,validacao,100-199 min
1394,L,299.1,310.4,1594,33.3,147,0,treino,100-199 min
1395,L,299.1,310.4,1527,44,149,0,treino,100-199 min
1396,L,299.1,310.4,1452,39.7,151,0,validacao,100-199 min
1397,L,299,310.3,1483,39.2,153,0,treino,100-199 min
1398,L,299.1,310.2,1569,38.2,155,0,treino,100-199 min
1399,L,299.1,310.3,1472,46.6,157,0,treino,100-199 min
1400,L,299,310.2,1533,43.5,159,0,treino,100-199 min
1401,H,298.9,310.1,1366,62.7,161,0,treino,100-199 min
1402,H,298.9,310.2,1532,37.7,166,0,treino,100-199 min
1403,M,298.9,310.1,1313,56.8,171,0,teste,100-199 min
1404,L,299,310.2,1372,48,174,0,teste,100-199 min
1405,M,298.9,310.1,1555,40.6,176,0,validacao,100-199 min
1406,L,298.9,310.1,1394,42.7,179,0,teste,100-199 min
1407,L,298.9,310.1,1442,48,181,0,validacao,100-199 min
1408,L,298.9,310,1564,33.8,183,0,treino,100-199 min
1409,L,298.9,310,1452,48.9,185,0,treino,100-199 min
1410,L,298.9,310.1,1466,42.5,187,0,validacao,100-199 min
1411,M,298.9,310.1,1469,53.2,189,0,treino,100-199 min
1412,L,298.9,310.1,1944,23.4,192,0,treino,100-199 min
1413,M,298.8,309.9,1415,53.2,194,0,treino,100-199 min
1414,M,298.7,309.8,1528,36.7,197,0,validacao,100-199 min
1415,M,298.7,309.8,1570,42.1,200,0,validacao,200+ min
1416,L,298.7,309.9,1617,33,203,0,treino,200+ min
1417,M,298.7,309.9,2083,18.2,205,0,treino,200+ min
1418,L,298.7,309.9,1541,38.5,208,0,treino,200+ min
1419,L,298.8,309.9,1320,47.4,210,0,teste,200+ min
1420,L,298.7,309.8,1354,53.3,212,1,validacao,200+ min
1421,M,298.8,309.9,1495,35.2,214,0,validacao,200+ min
1422,L,298.7,309.8,1589,31.8,217,0,treino,200+ min
1423,L,298.7,309.8,1530,35.5,0,0,treino,0-99 min
1424,L,298.7,309.8,1539,33.4,2,0,treino,0-99 min
1425,L,298.7,309.7,1462,46.8,4,0,validacao,0-99 min
1426,L,298.6,309.7,1356,54,6,0,teste,0-99 min
1427,M,298.7,309.7,1622,34.6,8,0,teste,0-99 min
1428,L,298.7,309.8,1394,40.3,11,0,teste,0-99 min
1429,L,298.8,309.9,1568,33.7,13,0,teste,0-99 min
1430,M,298.9,310,1456,43.8,15,0,teste,0-99 min
1431,L,298.9,310,1378,49.3,18,0,treino,0-99 min
1432,M,298.9,309.9,1404,41.4,20,0,treino,0-99 min
1433,L,298.8,309.8,1437,42.8,23,0,treino,0-99 min
1434,L,298.8,309.8,1363,44,25,0,teste,0-99 min
1435,M,298.8,309.8,1377,49.6,27,0,treino,0-99 min
1436,H,298.8,309.9,1526,42.1,30,0,treino,0-99 min
1437,H,298.8,309.8,1510,44.2,35,0,validacao,0-99 min
1438,H,298.8,309.9,1439,45.2,40,1,treino,0-99 min
1439,L,298.8,309.9,1482,39.1,45,0,treino,0-99 min
1440,M,298.8,309.8,1534,37,47,0,validacao,0-99 min
1441,M,298.8,309.9,1741,27.7,50,0,treino,0-99 min
1442,L,298.8,309.9,1550,38.8,53,0,treino,0-99 min
1443,M,298.8,310,1486,38.5,55,0,treino,0-99 min
1444,L,298.9,310.1,1602,38.2,58,0,treino,0-99 min
1445,L,299,310.2,1477,37.9,60,0,treino,0-99 min
1446,L,299,310.1,1618,29.2,62,0,treino,0-99 min
1447,M,299,310.2,1628,35.8,64,0,validacao,0-99 min
1448,M,299,310.3,1662,33.6,67,0,treino,0-99 min
1449,M,299,310.3,1657,31,70,0,teste,0-99 min
1450,H,299,310.4,1677,30.8,73,0,teste,0-99 min
1451,M,299,310.3,1447,39.9,78,0,validacao,0-99 min
1452,L,298.9,310.4,1831,25.4,81,0,treino,0-99 min
1453,L,299,310.3,1584,34.4,83,0,treino,0-99 min
1454,L,299.1,310.4,1450,40.9,85,0,treino,0-99 min
1455,L,299.1,310.4,1428,46.9,87,0,treino,0-99 min
1456,L,299,310.4,1382,53,89,0,validacao,0-99 min
1457,L,299,310.3,1501,43,91,0,treino,0-99 min
1458,L,299,310.3,1475,42.4,93,0,treino,0-99 min
1459,L,298.9,310.3,1364,54,95,0,treino,0-99 min
1460,L,299,310.3,1472,36.1,97,0,treino,0-99 min
1461,L,299,310.3,1437,47.8,99,0,validacao,0-99 min
1462,L,298.9,310.2,1491,45.1,101,0,validacao,100-199 min
1463,L,298.9,310.2,1706,27.6,103,0,treino,100-199 min
1464,L,298.8,310.1,1607,39.5,105,0,validacao,100-199 min
1465,L,298.8,310,1412,46.3,107,0,treino,100-199 min
1466,L,298.7,309.8,1546,40.9,109,0,validacao,100-199 min
1467,L,298.7,309.8,1365,50.5,111,0,validacao,100-199 min
1468,L,298.6,309.8,1544,30.2,113,0,treino,100-199 min
1469,M,298.6,309.8,1419,44.9,115,0,validacao,100-199 min
1470,L,298.6,309.8,1497,41.6,118,0,treino,100-199 min
1471,L,298.5,309.7,1437,42.6,120,0,treino,100-199 min
1472,L,298.5,309.6,1421,53.6,122,0,treino,100-199 min
1473,M,298.5,309.6,1438,44.5,124,0,validacao,100-199 min
1474,M,298.5,309.5,1315,48.9,127,0,treino,100-199 min
1475,M,298.5,309.5,1366,61.9,130,0,treino,100-199 min
1476,M,298.4,309.5,1519,35.4,133,0,teste,100-199 min
1477,L,298.4,309.5,1692,28.3,136,0,treino,100-199 min
1478,L,298.3,309.4,1570,35.6,138,0,validacao,100-199 min
1479,L,298.3,309.4,1568,35.8,140,0,treino,100-199 min
1480,L,298.2,309.3,1355,43.8,142,0,treino,100-199 min
1481,M,298.2,309.3,2056,18.7,144,0,teste,100-199 min
1482,M,298.2,309.2,1332,60.2,147,0,teste,100-199 min
1483,M,298.1,309.1,1448,52.5,150,0,treino,100-199 min
1484,L,298,308.9,1578,35.6,153,0,treino,100-199 min
1485,M,298,309,1562,39.2,155,0,treino,100-199 min
1486,M,298.1,309,1976,19.3,158,0,treino,100-199 min
1487,M,298.2,309.2,1524,34.6,161,0,treino,100-199 min
1488,L,298.2,309.1,1429,48.5,164,0,validacao,100-199 min
1489,L,298.2,309.1,1568,36.3,166,0,treino,100-199 min
1490,M,298.2,309,1723,26.6,168,0,treino,100-199 min
1491,L,298.2,309,1341,43.8,171,0,validacao,100-199 min
1492,M,298.1,308.9,1353,46.2,173,0,treino,100-199 min
1493,M,298,308.7,1479,58.5,176,1,treino,100-199 min
1494,L,298,308.8,1496,44.9,179,0,treino,100-199 min
1495,M,298,308.7,1377,48.5,181,0,treino,100-199 min
1496,H,297.9,308.5,1383,44.6,184,0,treino,100-199 min
1497,L,298,308.7,1268,69.4,189,1,validacao,100-199 min
1498,L,298,308.7,1629,34.3,191,0,treino,100-199 min
1499,L,298,308.8,1790,27.2,193,0,treino,100-199 min
1500,M,298.1,308.8,2206,16.3,195,0,treino,100-199 min
1501,M,298,308.7,2101,17.4,198,0,validacao,100-199 min
1502,M,298,308.7,1436,48.2,201,0,treino,200+ min
1503,L,298,308.7,1462,48.2,204,0,teste,200+ min
1504,L,298,308.7,1771,26.2,206,0,treino,200+ min
1505,L,298,308.7,1506,47,208,0,treino,200+ min
1506,L,298,308.7,1626,36.7,210,0,validacao,200+ min
1507,L,298,308.8,1610,33.7,212,0,validacao,200+ min
1508,M,298,308.6,1376,55.7,214,0,treino,200+ min
1509,M,298,308.6,1507,37.3,217,0,teste,200+ min
1510,L,298,308.5,1429,37.7,220,1,validacao,200+ min
1511,M,298.1,308.7,1547,38.9,0,0,validacao,0-99 min
1512,L,298.1,308.7,1642,30.3,3,0,treino,0-99 min
1513,H,298,308.7,1503,36.3,5,0,validacao,0-99 min
1514,L,298.1,308.7,1568,32.9,10,0,treino,0-99 min
1515,M,298.1,308.8,1628,37.6,12,0,treino,0-99 min
1516,M,298.2,308.9,1614,35.5,15,0,treino,0-99 min
1517,L,298.2,308.9,1278,54,18,0,validacao,0-99 min
1518,M,298.2,308.9,1408,38.8,20,0,treino,0-99 min
1519,H,298.2,309,1371,55.7,23,0,teste,0-99 min
1520,M,298.2,308.9,1512,38.5,28,0,treino,0-99 min
1521,L,298.3,309.1,1472,40.1,31,0,treino,0-99 min
1522,M,298.2,308.9,1585,34.3,33,0,treino,0-99 min
1523,H,298.2,309,1562,37.7,36,0,treino,0-99 min
1524,L,298.3,309,1519,36.9,41,0,treino,0-99 min
1525,L,298.2,309,1601,35.8,43,0,teste,0-99 min
1526,L,298.2,309,2449,13.8,45,0,validacao,0-99 min
1527,L,298.1,309,1787,27.6,47,0,treino,0-99 min
1528,H,298.1,309.1,1425,44.5,49,0,teste,0-99 min
1529,L,298.1,309,1559,34,54,0,treino,0-99 min
1530,L,298.1,309,1557,36,56,0,treino,0-99 min
1531,L,298.1,309,1497,40.5,58,0,treino,0-99 min
1532,H,298.1,309,1438,41.4,60,0,treino,0-99 min
1533,M,298.1,308.9,1417,39.2,65,0,validacao,0-99 min
1534,M,298,308.9,1339,51.4,68,0,treino,0-99 min
1535,L,298,308.8,1757,29.1,71,0,treino,0-99 min
1536,L,298,308.8,1581,36.1,73,0,treino,0-99 min
1537,M,298.2,308.9,1326,54.4,75,0,treino,0-99 min
1538,M,298.4,309.1,1467,39.6,78,0,validacao,0-99 min
1539,L,298.4,309.1,1798,29.6,81,0,teste,0-99 min
1540,M,298.5,309.2,1449,46.4,83,0,treino,0-99 min
1541,M,298.4,309.1,1525,39.3,86,0,treino,0-99 min
1542,L,298.4,309,2304,15.1,89,0,validacao,0-99 min
1543,L,298.3,308.9,1379,54.7,91,0,treino,0-99 min
1544,L,298.4,308.9,1628,34.9,93,0,teste,0-99 min
1545,L,298.4,309,1474,52.7,95,0,treino,0-99 min
1546,M,298.4,309,1544,38.8,97,0,validacao,0-99 min
1547,L,298.4,308.9,1391,48.4,100,0,validacao,100-199 min
1548,L,298.3,308.9,1348,55.5,102,0,treino,100-199 min
1549,M,298.3,308.8,1349,52.1,104,0,treino,100-199 min
1550,L,298.4,308.9,1706,29.5,107,0,validacao,100-199 min
1551,L,298.4,308.9,1638,32.4,109,0,validacao,100-199 min
1552,L,298.4,308.8,1458,40.1,111,0,treino,100-199 min
1553,L,298.5,308.9,1781,27.8,113,0,treino,100-199 min
1554,L,298.5,308.8,1332,59.1,115,0,validacao,100-199 min
1555,M,298.4,308.7,1584,31.7,117,0,treino,100-199 min
1556,L,298.4,308.6,1491,42,120,0,treino,100-199 min
1557,H,298.4,308.5,1398,47.1,122,0,validacao,100-199 min
1558,L,298.3,308.4,1585,30.6,127,0,validacao,100-199 min
1559,M,298.2,308.3,1476,43.5,129,0,treino,100-199 min
1560,L,298.2,308.3,1458,41.8,132,0,treino,100-199 min
1561,M,298.2,308.4,1510,39.9,134,0,treino,100-199 min
1562,L,298.2,308.4,1388,53.8,137,0,teste,100-199 min
1563,L,298.2,308.3,2216,16.8,139,0,treino,100-199 min
1564,L,298.2,308.3,1402,51,141,0,validacao,100-199 min
1565,M,298,308.2,2090,19,143,0,teste,100-199 min
1566,L,298,308.2,1459,42.1,146,0,validacao,100-199 min
1567,M,298,308.1,1403,44.8,148,0,treino,100-199 min
1568,L,298.1,308.2,1521,39.3,151,0,teste,100-199 min
1569,L,298.2,308.2,1407,47.1,153,0,teste,100-199 min
1570,M,298.1,308.2,1654,35.3,155,0,treino,100-199 min
1571,L,298.2,308.4,1452,43.5,158,0,treino,100-199 min
1572,L,298.3,308.4,1528,37.3,160,0,teste,100-199 min
1573,L,298.2,308.3,1230,59.6,162,0,treino,100-199 min
1574,L,298.2,308.2,1466,42.4,164,0,treino,100-199 min
1575,L,298.2,308.2,1478,50.1,166,0,teste,100-199 min
1576,L,298.2,308.3,2057,18,168,0,treino,100-199 min
1577,L,298.3,308.4,1490,41.7,170,0,treino,100-199 min
1578,L,298.3,308.4,1484,43.4,172,0,validacao,100-199 min
1579,L,298.3,308.4,1593,37,174,0,validacao,100-199 min
1580,L,298.3,308.3,1444,43.8,176,0,treino,100-199 min
1581,M,298.3,308.4,1444,47.5,178,0,validacao,100-199 min
1582,M,298.2,308.3,1560,33,181,0,validacao,100-199 min
1583,H,298.1,308.3,1530,42,184,0,validacao,100-199 min
1584,L,298.2,308.4,1310,61,189,1,treino,100-199 min
1585,M,298.2,308.3,1639,33.3,191,0,teste,100-199 min
1586,L,298.2,308.3,1400,48.7,194,0,validacao,100-199 min
1587,M,298.3,308.4,1486,44.2,196,0,teste,100-199 min
1588,M,298.2,308.3,1448,43.3,199,0,treino,100-199 min
1589,L,298.2,308.3,1688,32,202,0,treino,200+ min
1590,M,298.1,308.3,1453,41.5,204,0,validacao,200+ min
1591,L,298.2,308.4,1497,37.7,207,0,validacao,200+ min
1592,L,298.2,308.4,1355,49.4,209,0,treino,200+ min
1593,L,298.1,308.4,1592,38.2,211,0,treino,200+ min
1594,L,298,308.3,1544,34.7,213,0,validacao,200+ min
1595,M,298,308.2,1373,51.2,215,0,treino,200+ min
1596,L,298,308.2,1365,52.9,218,1,validacao,200+ min
1597,L,298,308.1,1877,24.3,0,0,validacao,0-99 min
1598,L,297.9,308.1,1531,40.8,2,0,treino,0-99 min
1599,L,297.9,308,1501,36.7,4,0,validacao,0-99 min
1600,L,297.9,308,1490,46.2,6,0,treino,0-99 min
1601,M,297.8,307.8,1543,43.7,8,0,teste,0-99 min
1602,L,297.8,307.8,1597,38.2,11,0,treino,0-99 min
1603,H,297.8,307.9,1600,33.5,13,0,treino,0-99 min
1604,M,297.8,307.8,1622,32.1,18,0,treino,0-99 min
1605,L,297.8,307.8,1452,39.8,21,0,treino,0-99 min
1606,L,297.8,307.8,1396,42.5,23,0,teste,0-99 min
1607,L,297.8,307.7,1505,39.7,25,0,treino,0-99 min
1608,L,297.8,307.8,1412,48.3,27,0,treino,0-99 min
1609,L,297.8,307.7,1393,38,29,0,treino,0-99 min
1610,L,297.7,307.7,1581,34.9,31,0,validacao,0-99 min
1611,L,297.8,307.8,1573,37.9,33,0,treino,0-99 min
1612,M,297.8,307.9,1726,27.3,35,0,validacao,0-99 min
1613,M,297.9,307.9,1540,39.8,38,0,validacao,0-99 min
1614,L,297.9,308,1296,62.9,41,0,treino,0-99 min
1615,M,297.8,307.9,1802,25.8,43,0,treino,0-99 min
1616,L,297.8,307.9,1447,48.6,46,0,validacao,0-99 min
1617,H,297.8,307.8,1662,30.7,48,0,teste,0-99 min
1618,L,297.8,307.8,1563,34.3,53,0,validacao,0-99 min
1619,L,297.9,307.8,1286,59.5,55,0,treino,0-99 min
1620,L,297.9,307.7,1590,34.6,57,0,treino,0-99 min
1621,L,297.9,307.7,1492,43.7,59,0,treino,0-99 min
1622,L,297.7,307.6,1844,21.9,61,0,treino,0-99 min
1623,H,297.7,307.6,1538,38.3,63,0,treino,0-99 min
1624,L,297.7,307.6,1921,22.9,68,0,treino,0-99 min
1625,M,297.8,307.8,1310,57.9,70,0,teste,0-99 min
1626,L,297.9,307.8,1365,46.9,73,0,treino,0-99 min
1627,M,297.9,307.8,1303,59.3,75,0,teste,0-99 min
1628,L,297.9,307.8,1499,37.5,78,0,validacao,0-99 min
1629,L,297.9,307.8,1451,38.2,80,0,treino,0-99 min
1630,M,297.9,307.9,1336,54.4,82,0,treino,0-99 min
1631,L,297.9,307.9,1412,44.5,85,0,teste,0-99 min
1632,L,298,308,1433,39.2,87,0,treino,0-99 min
1633,L,297.9,307.9,1426,43.6,89,0,treino,0-99 min
1634,L,297.9,307.9,1476,45.2,91,0,treino,0-99 min
1635,H,297.9,307.9,1406,58.5,93,0,treino,0-99 min
1636,L,297.8,307.8,1383,56.5,98,0,treino,0-99 min
1637,L,297.9,307.8,1505,37.3,100,0,teste,100-199 min
1638,L,297.9,307.8,1665,33.9,102,0,treino,100-199 min
1639,L,297.9,307.8,1397,45,104,0,treino,100-199 min
1640,M,297.9,307.8,1450,43.5,106,0,treino,100-199 min
1641,L,298,307.8,1567,36.4,109,0,validacao,100-199 min
1642,M,298,308,1555,37,111,0,treino,100-199 min
1643,H,298,307.8,1588,35.4,114,0,treino,100-199 min
1644,L,298,307.8,1453,37.7,119,0,validacao,100-199 min
1645,L,298,307.8,1622,33.3,121,0,validacao,100-199 min
1646,L,297.9,307.8,1538,38.5,123,0,treino,100-199 min
1647,M,297.9,307.7,1527,42.8,125,0,treino,100-199 min
1648,L,297.8,307.8,1761,28.9,128,0,treino,100-199 min
1649,L,297.9,307.8,1373,50.2,130,0,treino,100-199 min
1650,H,298,307.9,1482,37.8,132,0,teste,100-199 min
1651,M,298,307.9,1417,51,137,0,teste,100-199 min
1652,L,298,307.8,1414,51.7,140,0,treino,100-199 min
1653,H,297.9,307.8,1635,34,142,0,teste,100-199 min
1654,L,298,307.8,1386,57.3,147,0,treino,100-199 min
1655,L,298.2,308.1,1379,62.3,149,0,treino,100-199 min
1656,M,298.2,308,1577,35.9,151,0,treino,100-199 min
1657,L,298.2,308.1,1532,42.5,154,0,treino,100-199 min
1658,M,298.1,308,1374,48.8,156,0,treino,100-199 min
1659,H,298.1,308,1570,35.3,159,0,treino,100-199 min
1660,L,298.1,308,1697,31,164,0,treino,100-199 min
1661,L,298.2,308,1499,44.1,166,0,validacao,100-199 min
1662,M,298.2,308,1411,47.2,168,0,treino,100-199 min
1663,H,298.2,307.9,1462,45.5,171,0,treino,100-199 min
1664,M,298.1,307.9,1759,28.6,176,0,treino,100-199 min
1665,L,298.2,308,1535,38,179,0,teste,100-199 min
1666,H,298.2,307.9,1491,39.7,181,0,treino,100-199 min
1667,L,298.2,307.9,1551,36,186,0,treino,100-199 min
1668,L,298.2,307.9,1769,27.2,188,0,teste,100-199 min
1669,L,298.2,307.9,1551,34.1,190,0,treino,100-199 min
1670,L,298.2,307.9,1544,31.4,192,0,teste,100-199 min
1671,L,298.2,307.8,1528,31.1,194,0,teste,100-199 min
1672,L,298.1,307.9,1614,35.8,196,0,treino,100-199 min
1673,L,298.1,307.8,1432,49.8,198,0,validacao,100-199 min
1674,M,298.1,307.8,1384,43.7,200,0,validacao,200+ min
1675,L,298.1,307.8,1540,37.8,203,0,treino,200+ min
1676,L,298,307.7,1407,43.9,205,0,treino,200+ min
1677,H,297.9,307.6,1418,43,207,0,treino,200+ min
1678,M,297.9,307.5,1647,30.8,212,0,treino,200+ min
1679,L,298,307.5,1644,32.8,215,0,teste,200+ min
1680,L,298,307.5,1792,27.9,217,0,treino,200+ min
1681,M,297.9,307.4,1610,34.6,219,0,treino,200+ min
1682,M,297.8,307.3,1804,26,222,0,teste,200+ min
1683,H,297.9,307.4,1604,36.1,225,1,treino,200+ min
1684,M,297.9,307.4,1403,52.8,0,0,teste,0-99 min
1685,L,297.8,307.3,1438,44.5,3,0,treino,0-99 min
1686,L,297.9,307.3,1824,26.3,5,0,teste,0-99 min
1687,H,297.9,307.3,1663,28.7,7,0,teste,0-99 min
1688,L,297.9,307.3,1502,36.7,12,0,validacao,0-99 min
1689,L,297.9,307.4,1606,35.5,14,0,validacao,0-99 min
1690,L,297.9,307.5,1561,37.7,16,0,treino,0-99 min
1691,M,297.9,307.4,1435,42.9,18,0,validacao,0-99 min
1692,L,297.9,307.5,1602,38.3,21,0,teste,0-99 min
1693,M,298.1,307.6,1764,27.7,23,0,teste,0-99 min
1694,H,298,307.5,1683,27.8,26,0,validacao,0-99 min
1695,L,298,307.5,1618,35.2,31,0,teste,0-99 min
1696,L,298,307.6,1509,41.6,33,0,treino,0-99 min
1697,L,297.9,307.6,1550,39,35,0,treino,0-99 min
1698,M,297.9,307.6,1519,44,37,0,validacao,0-99 min
1699,L,297.9,307.6,1481,38,40,0,treino,0-99 min
1700,L,298.1,307.7,1289,48.3,42,0,treino,0-99 min
1701,M,298,307.6,1844,23.8,44,0,treino,0-99 min
1702,L,298,307.7,1479,42.5,47,0,teste,0-99 min
1703,L,298,307.7,1430,47.3,49,0,validacao,0-99 min
1704,M,298.1,307.8,1636,36.7,51,0,treino,0-99 min
1705,M,298.1,307.8,1503,44.7,54,0,treino,0-99 min
1706,M,298.1,307.8,1608,32.6,57,0,treino,0-99 min
1707,L,298.2,307.8,1521,42.9,60,0,treino,0-99 min
1708,L,298.2,307.8,1439,41.6,62,0,treino,0-99 min
1709,L,298.2,307.8,1627,31.5,64,0,treino,0-99 min
1710,L,298.2,307.8,1749,26.1,66,0,teste,0-99 min
1711,L,298.2,307.8,1530,35.9,68,0,teste,0-99 min
1712,L,298.2,307.8,1355,51.3,70,0,treino,0-99 min
1713,L,298.3,307.9,1551,33.8,72,0,treino,0-99 min
1714,L,298.2,307.8,1515,46.7,74,0,teste,0-99 min
1715,L,298.2,307.8,1388,48.6,76,0,treino,0-99 min
1716,L,298.2,307.8,1585,34.6,78,0,treino,0-99 min
1717,L,298.1,307.7,1523,37.7,80,0,validacao,0-99 min
1718,L,298.2,307.6,1369,54.5,82,0,treino,0-99 min
1719,M,298.2,307.7,1681,31,84,0,validacao,0-99 min
1720,L,298.2,307.7,1503,38.3,87,0,treino,0-99 min
1721,L,298.2,307.7,1459,44.5,89,0,validacao,0-99 min
1722,L,298.2,307.7,1688,32.4,91,0,treino,0-99 min
1723,M,298.2,307.7,1952,21.6,93,0,treino,0-99 min
1724,L,298.2,307.8,2029,19.9,96,0,treino,0-99 min
1725,M,298.3,307.8,1457,52.5,98,0,teste,0-99 min
1726,M,298.3,307.8,1392,50.4,101,0,teste,100-199 min
1727,L,298.3,307.8,1906,22.1,104,0,treino,100-199 min
1728,M,298.3,307.7,1602,33.4,106,0,teste,100-199 min
1729,L,298.3,307.7,1465,49.4,109,0,teste,100-199 min
1730,M,298.3,307.7,1439,43.8,111,0,validacao,100-199 min
1731,M,298.3,307.8,1330,55.4,114,0,treino,100-199 min
1732,M,298.3,307.9,1485,42,117,0,teste,100-199 min
1733,H,298.4,307.9,1700,28.2,120,0,teste,100-199 min
1734,L,298.4,308,1515,42.8,125,0,teste,100-199 min
1735,M,298.5,308.1,1501,39.2,127,0,treino,100-199 min
1736,L,298.4,308,1380,47.6,130,0,treino,100-199 min
1737,L,298.4,307.9,1544,35.9,132,0,treino,100-199 min
1738,L,298.4,307.9,1743,27.3,134,0,validacao,100-199 min
1739,H,298.4,307.9,1948,21.4,136,0,teste,100-199 min
1740,H,298.5,307.9,1260,54.2,141,0,teste,100-199 min
1741,M,298.5,307.9,1640,33.1,146,0,treino,100-199 min
1742,M,298.5,308,1363,49.2,149,0,validacao,100-199 min
1743,L,298.5,308,1379,49.6,152,0,validacao,100-199 min
1744,M,298.5,308,1713,25.8,154,0,treino,100-199 min
1745,M,298.5,308,1461,51.9,157,0,treino,100-199 min
1746,L,298.5,308,1624,29.8,160,0,validacao,100-199 min
1747,L,298.4,308,1526,41.1,162,0,treino,100-199 min
1748,L,298.4,307.9,2381,14.2,164,0,validacao,100-199 min
1749,H,298.4,307.7,1626,31.1,166,0,treino,100-199 min
1750,L,298.3,307.7,1576,33.8,171,0,validacao,100-199 min
1751,M,298.4,307.8,1617,31.6,173,0,teste,100-199 min
1752,L,298.3,307.6,1942,20.6,176,0,treino,100-199 min
1753,L,298.2,307.6,1492,37.2,178,0,treino,100-199 min
1754,L,298.2,307.5,1470,51.3,180,0,teste,100-199 min
1755,M,298,307.4,1463,46.5,182,0,teste,100-199 min
1756,L,298,307.3,1424,46.5,185,0,teste,100-199 min
1757,M,298.1,307.4,1363,60.1,187,0,validacao,100-199 min
1758,M,298.1,307.4,1335,56.2,190,0,treino,100-199 min
1759,L,298.1,307.4,1608,33.9,193,0,teste,100-199 min
1760,H,298,307.4,1606,35.2,195,0,treino,100-199 min
1761,L,298.1,307.5,1684,33.1,200,0,validacao,200+ min
1762,L,298.1,307.6,1950,20.3,202,0,validacao,200+ min
1763,H,298.2,307.6,1460,48.6,204,0,treino,200+ min
1764,L,298.2,307.6,1511,31,209,1,validacao,200+ min
1765,H,298.2,307.6,1318,55.7,0,0,treino,0-99 min
1766,L,298.2,307.6,1368,51.8,5,0,validacao,0-99 min
1767,M,298.3,307.7,1717,27.1,7,0,treino,0-99 min
1768,M,298.3,307.7,1520,41.4,10,0,treino,0-99 min
1769,M,298.3,307.8,1485,42,13,0,treino,0-99 min
1770,L,298.4,307.9,1981,23.2,16,0,validacao,0-99 min
1771,H,298.4,307.9,1605,31,18,0,treino,0-99 min
1772,L,298.4,307.9,1446,45.3,23,0,treino,0-99 min
1773,L,298.4,308,1508,47.9,25,0,validacao,0-99 min
1774,L,298.5,308,1384,59.5,27,0,validacao,0-99 min
1775,M,298.5,308,1519,37.3,29,0,treino,0-99 min
1776,L,298.5,308,1404,48.1,32,0,validacao,0-99 min
1777,L,298.5,308.1,1564,31.1,34,0,treino,0-99 min
1778,H,298.6,308.2,1555,36.8,36,0,treino,0-99 min
1779,L,298.6,308.2,1325,54,41,0,treino,0-99 min
1780,M,298.6,308.2,1488,44,43,0,treino,0-99 min
1781,L,298.5,308.2,1595,32.3,46,0,teste,0-99 min
1782,L,298.5,308.1,1662,28.6,48,0,teste,0-99 min
1783,L,298.4,308,1571,37.4,50,0,validacao,0-99 min
1784,H,298.3,308,1553,41,52,0,validacao,0-99 min
1785,L,298.3,308,2886,3.8,57,1,validacao,0-99 min
1786,L,298.2,308,1538,38.2,59,0,validacao,0-99 min
1787,L,298.4,308.2,1618,33,61,0,treino,0-99 min
1788,L,298.4,308.2,1364,45.9,63,0,validacao,0-99 min
1789,L,298.3,308,1442,47.3,65,0,treino,0-99 min
1790,L,298.2,307.9,1313,67.3,67,1,treino,0-99 min
1791,L,298.2,307.9,1847,23.6,69,0,treino,0-99 min
1792,L,298.1,307.8,1524,40.8,71,0,teste,0-99 min
1793,M,298.1,307.7,1445,48,73,0,treino,0-99 min
1794,L,298.1,307.8,1761,28.2,76,0,treino,0-99 min
1795,M,298.1,307.8,1514,43.5,78,0,treino,0-99 min
1796,M,298.1,307.7,1498,38.3,81,0,treino,0-99 min
1797,H,298.1,307.6,1542,37.1,84,0,treino,0-99 min
1798,M,298,307.6,1508,41.8,89,0,validacao,0-99 min
1799,M,298,307.5,1431,52.9,92,0,treino,0-99 min
1800,M,298,307.5,1427,45.1,95,0,teste,0-99 min
1801,M,298,307.5,1524,36.3,98,0,treino,0-99 min
1802,M,298,307.5,1427,43.6,101,0,treino,100-199 min
1803,H,298.1,307.6,1496,44.1,104,0,treino,100-199 min
1804,L,298.1,307.7,1388,40.3,109,0,treino,100-199 min
1805,L,298.1,307.7,1495,48.1,111,0,validacao,100-199 min
1806,H,298.1,307.7,1376,56.2,113,0,treino,100-199 min
1807,H,298,307.6,1593,32.2,118,0,teste,100-199 min
1808,L,298,307.6,1654,28.9,123,0,treino,100-199 min
1809,L,298.1,307.7,2567,12.8,125,1,validacao,100-199 min
1810,L,298.1,307.7,1767,27,127,0,teste,100-199 min
1811,L,298.1,307.6,1364,53.8,129,0,treino,100-199 min
1812,M,298.1,307.8,1569,31.2,131,0,teste,100-199 min
1813,L,298.2,307.8,1476,36.8,134,0,teste,100-199 min
1814,L,298.1,307.7,1479,45,136,0,teste,100-199 min
1815,L,298.1,307.7,1650,34.1,138,0,treino,100-199 min
1816,M,298.1,307.6,1565,36.3,140,0,treino,100-199 min
1817,L,298.1,307.6,1460,46.5,143,0,treino,100-199 min
1818,L,298.1,307.7,1664,27.6,145,0,validacao,100-199 min
1819,M,298.1,307.7,1435,40.9,147,0,validacao,100-199 min
1820,M,298.1,307.6,2066,19.2,150,0,treino,100-199 min
1821,L,298.1,307.5,1493,43.7,153,0,treino,100-199 min
1822,L,298.1,307.6,1354,43.3,155,0,teste,100-199 min
1823,L,298.1,307.6,1488,39.4,157,0,validacao,100-199 min
1824,L,298.1,307.7,1414,48.7,159,0,treino,100-199 min
1825,L,298.1,307.5,1391,57.4,161,0,treino,100-199 min
1826,M,298,307.5,1784,27.8,163,0,treino,100-199 min
1827,H,297.8,307.3,1516,40.1,166,0,treino,100-199 min
1828,M,297.9,307.3,1420,47.8,171,0,treino,100-199 min
1829,L,297.8,307.2,1351,56.3,174,0,treino,100-199 min
1830,L,297.8,307.2,1880,23,176,0,treino,100-199 min
1831,L,297.8,307.3,1859,24,178,0,treino,100-199 min
1832,M,297.8,307.3,1315,54,180,0,validacao,100-199 min
1833,M,297.8,307.4,1330,51.7,183,0,treino,100-199 min
1834,L,297.8,307.3,1327,61,186,1,teste,100-199 min
1835,L,297.8,307.2,1498,38.1,188,0,treino,100-199 min
1836,H,297.8,307.3,1555,35.8,190,0,treino,100-199 min
1837,L,297.7,307.2,1518,35.8,195,0,treino,100-199 min
1838,L,297.7,307.2,1392,43,197,0,validacao,100-199 min
1839,M,297.8,307.2,1456,39.6,199,0,treino,100-199 min
1840,L,297.7,307.1,1715,30.2,0,0,treino,0-99 min
1841,M,297.7,307.2,1405,43.7,2,0,treino,0-99 min
1842,L,297.7,307.2,1668,37.8,5,0,validacao,0-99 min
1843,H,297.7,307.1,1855,22.5,7,0,treino,0-99 min
1844,L,297.6,307.1,1496,39.2,12,0,teste,0-99 min
1845,M,297.6,307.1,1471,44.9,14,0,treino,0-99 min
1846,L,297.7,307.2,1444,40,17,0,treino,0-99 min
1847,H,297.7,307.3,1514,38.6,19,0,treino,0-99 min
1848,L,297.8,307.3,1412,50.7,24,0,teste,0-99 min
1849,H,297.7,307.2,1429,44.1,26,0,teste,0-99 min
1850,L,297.7,307.2,1668,32.7,31,0,teste,0-99 min
1851,M,297.7,307.2,1372,52.8,33,0,teste,0-99 min
1852,M,297.7,307.3,1365,49.2,36,0,treino,0-99 min
1853,M,297.6,307.1,1526,39.1,39,0,treino,0-99 min
1854,L,297.6,307.2,1486,40.6,42,0,teste,0-99 min
1855,M,297.6,307.2,1470,42.6,44,0,treino,0-99 min
1856,H,297.7,307.3,1249,62.8,47,0,treino,0-99 min
1857,M,297.8,307.4,1752,26.1,52,0,treino,0-99 min
1858,L,297.7,307.4,1643,36.5,55,0,treino,0-99 min
1859,M,297.8,307.4,1488,36.1,57,0,treino,0-99 min
1860,L,297.8,307.4,1355,45.8,60,0,treino,0-99 min
1861,L,297.8,307.6,1607,30.3,62,0,treino,0-99 min
1862,M,297.9,307.6,1609,30.3,64,0,teste,0-99 min
1863,L,297.9,307.7,1517,44.4,67,0,treino,0-99 min
1864,M,297.9,307.7,1517,39.5,69,0,validacao,0-99 min
1865,L,297.9,307.7,1546,37.6,72,0,treino,0-99 min
1866,L,297.9,307.7,1567,34.7,74,0,treino,0-99 min
1867,M,298.1,307.9,1662,28.9,76,0,validacao,0-99 min
1868,L,298.1,307.9,1502,41.8,79,0,teste,0-99 min
1869,L,298.3,308,1361,56.9,81,0,treino,0-99 min
1870,M,298.3,308.1,1630,32.7,83,0,treino,0-99 min
1871,L,298.3,308,1486,42.3,86,0,treino,0-99 min
1872,L,298.3,308.1,1840,21.5,88,0,treino,0-99 min
1873,L,298.3,308.1,1326,58.4,90,0,validacao,0-99 min
1874,L,298.4,308.1,1367,57.8,92,0,treino,0-99 min
1875,L,298.4,308.1,1598,32.7,94,0,teste,0-99 min
1876,L,298.3,308,1363,50.1,96,0,treino,0-99 min
1877,L,298.3,308,1242,62,98,0,treino,0-99 min
1878,M,298.2,307.8,1566,33.8,100,0,treino,100-199 min
1879,M,298.1,307.7,1424,47.7,103,0,treino,100-199 min
1880,M,298.2,307.7,1608,33.8,106,0,teste,100-199 min
1881,L,298.1,307.7,1705,29.1,109,0,treino,100-199 min
1882,L,298,307.6,1548,45.8,111,0,treino,100-199 min
1883,M,298,307.6,1581,43.4,113,0,validacao,100-199 min
1884,M,298,307.6,1472,46.7,116,0,treino,100-199 min
1885,M,298,307.6,1792,26,119,0,validacao,100-199 min
1886,L,298,307.6,1683,32.8,122,0,treino,100-199 min
1887,L,297.9,307.6,1503,40.7,124,0,treino,100-199 min
1888,M,297.9,307.5,1642,32.4,126,0,treino,100-199 min
1889,M,297.8,307.4,1902,24.3,129,0,treino,100-199 min
1890,H,297.7,307.4,1432,40.2,132,0,teste,100-199 min
1891,L,297.8,307.4,1512,40.8,137,0,validacao,100-199 min
1892,L,297.7,307.4,1764,29,139,0,validacao,100-199 min
1893,M,297.8,307.4,1438,43.6,141,0,teste,100-199 min
1894,L,297.8,307.5,1631,29.9,144,0,validacao,100-199 min
1895,H,297.9,307.5,1880,23.3,146,0,teste,100-199 min
1896,L,297.9,307.6,1344,54.3,151,0,treino,100-199 min
1897,L,297.9,307.5,1574,35.8,153,0,teste,100-199 min
1898,L,297.8,307.4,1418,41.2,155,0,validacao,100-199 min
1899,L,297.8,307.5,1372,54.1,157,0,treino,100-199 min
1900,L,297.8,307.5,1388,40,159,0,treino,100-199 min
1901,H,297.9,307.6,1493,36,161,0,treino,100-199 min
1902,M,297.9,307.6,1505,40.1,166,0,validacao,100-199 min
1903,L,298,307.6,1694,29.1,169,0,treino,100-199 min
1904,L,297.9,307.6,1968,20.4,171,0,teste,100-199 min
1905,M,298,307.6,1569,35.6,173,0,teste,100-199 min
1906,L,297.9,307.6,1687,29.1,176,0,teste,100-199 min
1907,L,297.9,307.6,1430,52.4,178,0,treino,100-199 min
1908,L,297.9,307.6,1504,42.4,180,0,treino,100-199 min
1909,L,297.9,307.6,1977,20.2,182,0,treino,100-199 min
1910,L,298,307.7,1435,45.6,184,0,treino,100-199 min
1911,H,298,307.7,1547,36.8,186,0,treino,100-199 min
1912,M,298.1,307.8,1316,57.2,191,0,treino,100-199 min
1913,M,298,307.7,1621,34.9,194,0,treino,100-199 min
1914,M,298,307.8,1492,40.2,197,0,treino,100-199 min
1915,L,298,307.7,1643,32.3,200,0,teste,200+ min
1916,L,298,307.7,1492,38.7,202,0,treino,200+ min
1917,L,298,307.7,1387,50.8,204,0,teste,200+ min
1918,M,298.1,307.9,1463,47.3,206,0,treino,200+ min
1919,M,298.1,307.9,1496,40,0,0,validacao,0-99 min
1920,L,298.2,308,1658,30,3,0,teste,0-99 min
1921,L,298.1,307.9,2161,17.5,5,0,treino,0-99 min
1922,L,298.1,307.9,1665,32,7,0,treino,0-99 min
1923,L,298,307.8,1716,26.6,9,0,treino,0-99 min
1924,L,298,307.7,1529,34.1,11,0,treino,0-99 min
1925,L,297.9,307.7,1353,50.7,13,0,validacao,0-99 min
1926,L,297.9,307.7,1537,37.7,15,0,treino,0-99 min
1927,L,298,307.7,1606,30.8,17,0,teste,0-99 min
1928,H,298,307.8,1314,47.8,19,0,validacao,0-99 min
1929,L,298,307.8,1623,29.9,24,0,validacao,0-99 min
1930,M,298,307.8,1483,50.9,26,0,treino,0-99 min
1931,M,298.1,307.9,1569,37,29,0,treino,0-99 min
1932,M,298.2,308,1969,21.7,32,0,treino,0-99 min
1933,M,298.1,308,1686,29.3,35,0,treino,0-99 min
1934,L,298.1,308,1638,35.1,38,0,treino,0-99 min
1935,L,298.1,307.9,1698,33.3,40,0,treino,0-99 min
1936,M,298.1,307.9,1377,55.1,42,0,validacao,0-99 min
1937,M,298.1,308,2129,18.4,45,0,treino,0-99 min
1938,L,298.2,308,1411,42.4,48,0,treino,0-99 min
1939,L,298.1,307.9,1517,40.8,50,0,teste,0-99 min
1940,M,298.1,307.9,1303,53.9,52,0,treino,0-99 min
1941,L,298.1,307.9,1578,35.6,55,0,treino,0-99 min
1942,L,298.1,307.9,1425,58.2,57,0,treino,0-99 min
1943,L,298.1,308,1456,42.4,59,0,validacao,0-99 min
1944,L,298.1,308,1704,30.9,61,0,treino,0-99 min
1945,L,298.1,308.1,1791,27.3,63,0,treino,0-99 min
1946,L,298.1,308.1,1616,32.8,65,0,treino,0-99 min
1947,L,298.2,308.1,1622,34.9,67,0,teste,0-99 min
1948,L,298.2,308.1,1462,49.9,69,0,treino,0-99 min
1949,L,298.1,308.1,1410,45.8,71,0,treino,0-99 min
1950,M,298.1,308,1543,41.9,73,0,treino,0-99 min
1951,M,298,307.9,1479,47.6,76,0,teste,0-99 min
1952,L,298,307.8,1839,22.7,79,0,treino,0-99 min
1953,L,298,307.8,1266,60.5,81,0,treino,0-99 min
1954,L,297.9,307.7,1593,34.9,83,0,treino,0-99 min
1955,L,297.9,307.8,1459,46.9,85,0,treino,0-99 min
1956,L,297.9,307.7,1308,55.2,87,0,validacao,0-99 min
1957,M,297.9,307.7,1364,46.8,89,0,validacao,0-99 min
1958,H,297.9,307.7,1618,35.9,92,0,teste,0-99 min
1959,H,297.9,307.7,1464,43.2,97,0,validacao,0-99 min
1960,M,297.8,307.6,1352,49.4,102,0,teste,100-199 min
1961,L,297.8,307.6,1446,51.4,105,0,treino,100-199 min
1962,L,297.8,307.5,1448,51.2,107,0,treino,100-199 min
1963,L,297.8,307.5,1391,48.6,109,0,validacao,100-199 min
1964,L,297.7,307.5,1379,43.3,111,0,treino,100-199 min
1965,M,297.8,307.5,1405,46.9,113,0,teste,100-199 min
1966,L,297.8,307.5,1581,33.1,116,0,treino,100-199 min
1967,L,297.9,307.6,1515,40.5,118,0,validacao,100-199 min
1968,L,297.9,307.6,1589,37.8,120,0,treino,100-199 min
1969,L,298,307.6,1281,50.8,122,0,teste,100-199 min
1970,H,297.8,307.5,1631,31.3,124,0,treino,100-199 min
1971,M,297.9,307.6,1202,67,129,0,treino,100-199 min
1972,L,297.9,307.6,1298,52.7,132,0,treino,100-199 min
1973,L,297.9,307.6,1612,30.7,134,0,treino,100-199 min
1974,L,297.9,307.6,1747,25.3,136,0,treino,100-199 min
1975,L,298,307.6,1450,48.7,138,0,treino,100-199 min
1976,L,298,307.7,1422,45.6,140,0,treino,100-199 min
1977,M,298.1,307.7,1419,47.4,142,0,teste,100-199 min
1978,M,298.1,307.7,1633,30.7,145,0,treino,100-199 min
1979,L,298,307.7,1442,43.6,148,0,teste,100-199 min
1980,H,298,307.6,1420,45.8,150,0,treino,100-199 min
1981,M,298,307.6,1301,58.5,155,0,treino,100-199 min
1982,L,298,307.6,1385,45,158,0,teste,100-199 min
1983,M,298,307.7,1487,41.3,160,0,teste,100-199 min
1984,M,298,307.6,1459,44.4,163,0,validacao,100-199 min
1985,M,298,307.5,1387,45.5,166,0,teste,100-199 min
1986,L,298.1,307.7,1537,40.8,169,0,validacao,100-199 min
1987,L,298.1,307.6,1498,42.9,171,0,treino,100-199 min
1988,M,298.2,307.8,1599,31.2,173,0,treino,100-199 min
1989,H,298.3,307.9,1420,39.2,176,0,treino,100-199 min
1990,L,298.2,307.9,1785,23.4,181,0,treino,100-199 min
1991,L,298.2,307.8,1423,48.1,183,0,teste,100-199 min
1992,M,298.2,307.8,1583,36.6,185,0,treino,100-199 min
1993,L,298.2,307.8,1375,46.6,188,0,treino,100-199 min
1994,M,298.3,308,1463,42.5,190,0,treino,100-199 min
1995,M,298.2,307.9,1403,45.1,193,0,treino,100-199 min
1996,L,298.3,308,1451,47.1,196,0,treino,100-199 min
1997,M,298.4,308,1416,38.2,198,1,teste,100-199 min
1998,L,298.3,308.1,1672,41.3,0,0,treino,0-99 min
1999,H,298.3,308,1637,30.8,2,0,validacao,0-99 min
2000,L,298.4,308,1540,37.8,7,0,teste,0-99 min
2001,L,298.4,308.1,1279,53.1,9,0,treino,0-99 min
2002,L,298.4,308.2,1604,34.9,11,0,teste,0-99 min
2003,L,298.5,308.2,1654,27.1,13,0,treino,0-99 min
2004,M,298.5,308.2,1564,37.5,15,0,treino,0-99 min
2005,L,298.5,308.2,1451,47.5,18,0,validacao,0-99 min
2006,L,298.5,308.3,1504,38,20,0,treino,0-99 min
2007,M,298.5,308.3,1381,50.5,22,0,validacao,0-99 min
2008,L,298.6,308.4,1562,34.4,25,0,validacao,0-99 min
2009,L,298.5,308.3,1811,24.7,27,0,validacao,0-99 min
2010,M,298.6,308.3,1717,28.7,29,0,validacao,0-99 min
2011,L,298.6,308.3,1278,60.5,32,0,validacao,0-99 min
2012,L,298.7,308.5,1616,30.2,34,0,teste,0-99 min
2013,L,298.6,308.4,1397,46.4,36,0,treino,0-99 min
2014,L,298.6,308.4,1485,42.9,38,0,validacao,0-99 min
2015,L,298.6,308.4,1310,59.7,40,0,treino,0-99 min
2016,L,298.5,308.2,1301,66.3,42,1,treino,0-99 min
2017,L,298.5,308.3,1458,44,44,0,treino,0-99 min
2018,L,298.7,308.5,1483,42.5,46,0,treino,0-99 min
2019,L,298.7,308.5,1375,46.4,48,0,treino,0-99 min
2020,M,298.7,308.5,1660,27,50,0,treino,0-99 min
2021,H,298.7,308.4,1560,33.3,53,0,treino,0-99 min
2022,L,298.7,308.5,1480,42.2,58,0,treino,0-99 min
2023,L,298.7,308.4,1373,46.9,60,0,teste,0-99 min
2024,L,298.7,308.5,1444,54.2,62,0,teste,0-99 min
2025,M,298.7,308.6,1722,24.7,64,0,treino,0-99 min
2026,L,298.7,308.5,1469,39.9,67,0,validacao,0-99 min
2027,M,298.7,308.5,1360,52.9,69,0,validacao,0-99 min
2028,L,298.7,308.4,1750,25.8,72,0,treino,0-99 min
2029,M,298.7,308.3,1349,46.6,74,0,validacao,0-99 min
2030,L,298.7,308.5,1668,35.2,77,0,teste,0-99 min
2031,L,298.9,308.6,1400,49.5,79,0,teste,0-99 min
2032,L,298.8,308.6,1331,62.8,81,0,treino,0-99 min
2033,L,298.8,308.5,1444,42.2,83,0,validacao,0-99 min
2034,H,298.8,308.5,1359,47.6,85,0,teste,0-99 min
2035,M,298.8,308.5,1425,47.4,90,0,treino,0-99 min
2036,M,298.9,308.6,1469,34.2,93,0,treino,0-99 min
2037,L,299,308.7,1892,22.8,96,0,validacao,0-99 min
2038,H,299,308.7,1940,19.9,98,0,treino,0-99 min
2039,L,299,308.8,1405,55.2,103,0,treino,100-199 min
2040,M,299,308.9,1449,39.6,105,0,teste,100-199 min
2041,L,299.1,308.9,1686,29.6,108,0,validacao,100-199 min
2042,L,299.1,308.9,1680,27.2,110,0,treino,100-199 min
2043,M,299.1,308.9,1397,52.4,112,0,teste,100-199 min
2044,M,299.2,309,1597,30.3,115,0,teste,100-199 min
2045,L,299.3,309.1,1470,41.1,118,0,validacao,100-199 min
2046,M,299.3,309.1,1703,31.3,120,0,validacao,100-199 min
2047,L,299.3,309.1,1388,45.5,123,0,teste,100-199 min
2048,L,299.3,309.2,1775,24.2,125,0,teste,100-199 min
2049,L,299.3,309.2,1465,41.5,127,0,treino,100-199 min
2050,M,299.3,309.2,1586,37.9,129,0,treino,100-199 min
2051,M,299.5,309.3,1675,29.2,132,0,teste,100-199 min
2052,M,299.4,309.2,1470,44.4,135,0,teste,100-199 min
2053,L,299.5,309.3,1477,40.4,138,0,treino,100-199 min
2054,L,299.5,309.3,1382,61,140,0,teste,100-199 min
2055,M,299.6,309.4,1605,29.8,142,0,treino,100-199 min
2056,L,299.6,309.4,1643,32.9,145,0,validacao,100-199 min
2057,L,299.5,309.3,1333,54.1,147,0,treino,100-199 min
2058,L,299.5,309.3,1520,42.3,149,0,treino,100-199 min
2059,M,299.5,309.3,1902,24,151,0,treino,100-199 min
2060,H,299.5,309.4,1386,44.4,154,0,validacao,100-199 min
2061,L,299.6,309.5,1803,27.7,159,0,treino,100-199 min
2062,L,299.7,309.6,1359,50.7,161,0,treino,100-199 min
2063,M,299.7,309.6,1477,42.7,163,0,treino,100-199 min
2064,L,299.7,309.6,1321,53.4,166,0,treino,100-199 min
2065,L,299.6,309.5,1453,41.4,168,0,treino,100-199 min
2066,L,299.7,309.6,1419,45.1,170,0,validacao,100-199 min
2067,L,299.7,309.6,1512,36.2,172,0,treino,100-199 min
2068,L,299.7,309.6,1553,36.8,174,0,treino,100-199 min
2069,M,299.7,309.6,1534,39.1,176,0,validacao,100-199 min
2070,H,299.7,309.6,1553,41,179,0,treino,100-199 min
2071,L,299.7,309.5,1352,49.7,184,0,validacao,100-199 min
2072,M,299.7,309.6,1313,60,186,0,validacao,100-199 min
2073,L,299.6,309.5,1570,35.5,189,0,treino,100-199 min
2074,L,299.6,309.4,1677,31.1,191,0,treino,100-199 min
2075,L,299.5,309.4,1602,31.5,193,0,treino,100-199 min
2076,L,299.5,309.4,1390,58.8,195,1,treino,100-199 min
2077,L,299.4,309.3,1544,36,197,0,treino,100-199 min
2078,L,299.4,309.4,1701,31.2,199,0,treino,100-199 min
2079,M,299.4,309.3,1692,28.4,201,0,treino,200+ min
2080,M,299.3,309.3,1523,37.9,204,0,treino,200+ min
2081,L,299.3,309.2,2280,15.4,207,0,teste,200+ min
2082,M,299.4,309.3,1485,47.1,209,0,teste,200+ min
2083,H,299.4,309.2,1513,36.1,212,0,validacao,200+ min
2084,H,299.4,309.3,1743,28.2,0,0,treino,0-99 min
2085,L,299.5,309.3,1442,46.2,5,0,validacao,0-99 min
2086,L,299.5,309.3,1462,46.7,7,0,treino,0-99 min
2087,H,299.4,309.3,1439,49.7,9,0,teste,0-99 min
2088,L,299.5,309.3,1577,36.6,14,0,teste,0-99 min
2089,L,299.6,309.4,1331,46.4,16,0,treino,0-99 min
2090,L,299.5,309.3,1941,22.5,18,0,treino,0-99 min
2091,L,299.5,309.2,1393,47.3,20,0,treino,0-99 min
2092,L,299.4,309.2,1433,42.1,22,0,treino,0-99 min
2093,L,299.4,309.2,1444,48.2,24,0,validacao,0-99 min
2094,L,299.4,309.2,1564,39,26,0,treino,0-99 min
2095,L,299.4,309.3,1377,43.6,28,0,teste,0-99 min
2096,L,299.4,309.3,1525,41.5,30,0,validacao,0-99 min
2097,M,299.5,309.4,1387,56.2,32,0,treino,0-99 min
2098,M,299.4,309.4,1326,47.5,35,0,teste,0-99 min
2099,L,299.4,309.3,1401,59,38,0,treino,0-99 min
2100,L,299.4,309.3,1596,31.8,40,0,treino,0-99 min
2101,M,299.3,309.3,1471,46,42,0,teste,0-99 min
2102,L,299.3,309.3,1528,37.8,45,0,teste,0-99 min
2103,L,299.3,309.3,1325,62,47,0,teste,0-99 min
2104,M,299.3,309.1,1376,46.7,49,0,teste,0-99 min
2105,M,299.3,309.1,1600,35.3,52,0,teste,0-99 min
2106,L,299.3,309.1,1495,44,55,0,teste,0-99 min
2107,L,299.4,309.1,1645,28.6,57,0,validacao,0-99 min
2108,M,299.4,309.1,1417,47.3,59,0,treino,0-99 min
2109,H,299.4,309,1415,51.7,62,0,treino,0-99 min
2110,M,299.3,309,1496,43.4,67,0,treino,0-99 min
2111,H,299.3,309,1508,35,70,0,teste,0-99 min
2112,L,299.4,309,1436,47.9,75,0,treino,0-99 min
2113,L,299.5,309.1,1852,22.6,77,0,validacao,0-99 min
2114,L,299.5,309.1,1863,22.5,79,0,treino,0-99 min
2115,H,299.4,309.1,1373,44.1,81,0,teste,0-99 min
2116,L,299.4,309,1404,47.3,86,0,validacao,0-99 min
2117,M,299.4,309,1381,44.9,88,0,teste,0-99 min
2118,H,299.4,308.9,1762,29.3,91,0,treino,0-99 min
2119,H,299.3,308.9,1429,43,96,0,teste,0-99 min
2120,M,299.3,308.9,1858,24.7,101,0,teste,100-199 min
2121,H,299.2,308.8,1908,21.3,104,0,treino,100-199 min
2122,M,299.2,308.8,1503,37.4,109,0,treino,100-199 min
2123,M,299.2,308.8,1523,38.9,112,0,validacao,100-199 min
2124,L,299.3,309,1491,38.4,115,0,validacao,100-199 min
2125,L,299.2,308.9,1430,39.1,117,0,treino,100-199 min
2126,L,299.3,308.9,1258,69.4,119,1,treino,100-199 min
2127,L,299.3,309,1449,46.5,121,0,teste,100-199 min
2128,H,299.3,309,1425,40.6,123,0,validacao,100-199 min
2129,L,299.4,309,1800,24.3,128,0,treino,100-199 min
2130,H,299.4,309,1607,33.7,130,0,teste,100-199 min
2131,L,299.4,309,1391,58.2,135,0,treino,100-199 min
2132,L,299.4,309.1,1432,45.4,137,0,treino,100-199 min
2133,L,299.4,309,1660,28.4,139,0,treino,100-199 min
2134,H,299.3,309,1732,29.7,141,0,treino,100-199 min
2135,L,299.3,309,1473,46.3,146,0,teste,100-199 min
2136,L,299.3,309,1511,47.8,148,0,treino,100-199 min
2137,L,299.2,308.9,1588,41.5,150,0,treino,100-199 min
2138,L,299.3,308.9,1623,31.1,152,0,teste,100-199 min
2139,L,299.3,309,1734,30.6,154,0,treino,100-199 min
2140,L,299.3,309,1415,47.6,156,0,treino,100-199 min
2141,L,299.3,309,1419,46.6,158,0,treino,100-199 min
2142,M,299.3,308.9,1577,34.9,160,0,treino,100-199 min
2143,L,299.3,308.9,1376,60.3,163,0,treino,100-199 min
2144,M,299.3,308.8,1442,49,165,0,validacao,100-199 min
2145,L,299.4,308.9,1451,40.5,168,0,validacao,100-199 min
2146,L,299.3,308.8,1550,45.8,170,0,treino,100-199 min
2147,L,299.3,308.8,1647,32.9,172,0,validacao,100-199 min
2148,L,299.4,308.9,1550,33.7,174,0,treino,100-199 min
2149,L,299.4,308.9,1583,34.1,176,0,validacao,100-199 min
2150,L,299.4,309,1613,32.2,178,0,treino,100-199 min
2151,H,299.3,308.8,1636,35.5,180,0,validacao,100-199 min
2152,M,299.3,308.7,1289,51.5,185,0,treino,100-199 min
2153,M,299.3,308.8,1648,28.4,188,0,treino,100-199 min
2154,H,299.3,308.8,1397,45.4,191,0,validacao,100-199 min
2155,M,299.3,308.9,1767,24.8,196,0,validacao,100-199 min
2156,L,299.3,308.8,1341,47.7,199,0,validacao,100-199 min
2157,M,299.4,308.9,1457,41.5,201,0,treino,200+ min
2158,M,299.4,309,1939,19.8,204,0,treino,200+ min
2159,M,299.5,309,1399,49.7,207,0,validacao,200+ min
2160,M,299.5,309,1602,31.3,210,0,validacao,200+ min
2161,L,299.4,309,1507,41,213,0,teste,200+ min
2162,L,299.4,309.1,1464,40.5,215,0,teste,200+ min
2163,L,299.5,309.1,1336,42.1,217,0,treino,200+ min
2164,L,299.6,309.2,1422,39.8,219,0,treino,200+ min
2165,L,299.6,309.2,1540,36.7,221,0,treino,200+ min
2166,L,299.5,309.1,1476,47.8,223,0,treino,200+ min
2167,M,299.6,309.2,1867,23.4,225,1,validacao,200+ min
2168,H,299.6,309.1,1588,41.3,0,0,treino,0-99 min
2169,M,299.5,309.1,1420,49.5,5,0,treino,0-99 min
2170,L,299.5,309.1,1415,49.2,8,0,teste,0-99 min
2171,M,299.4,309.1,1500,43.3,10,0,treino,0-99 min
2172,L,299.5,309.1,1502,44.6,13,0,treino,0-99 min
2173,L,299.5,309.2,1816,23,15,0,teste,0-99 min
2174,M,299.5,309.2,1495,41.6,17,0,treino,0-99 min
2175,L,299.6,309.2,1572,33.4,20,0,validacao,0-99 min
2176,M,299.5,309.2,1590,35.9,22,0,treino,0-99 min
2177,M,299.6,309.3,1387,48.3,25,0,teste,0-99 min
2178,M,299.6,309.2,1393,47.7,28,0,treino,0-99 min
2179,L,299.6,309.2,1602,37.3,31,0,treino,0-99 min
2180,L,299.6,309.2,1601,33.3,33,0,treino,0-99 min
2181,H,299.6,309.2,1597,36.3,35,0,treino,0-99 min
2182,H,299.5,309.1,1548,44.3,40,0,teste,0-99 min
2183,M,299.5,309.2,1314,61.8,45,0,validacao,0-99 min
2184,M,299.6,309.3,1577,39.8,48,0,treino,0-99 min
2185,L,299.8,309.4,1475,43.4,51,0,validacao,0-99 min
2186,L,299.8,309.4,1630,32.4,53,0,treino,0-99 min
2187,L,299.7,309.4,1445,42.9,55,0,treino,0-99 min
2188,M,299.8,309.4,1439,47.4,57,0,treino,0-99 min
2189,L,299.7,309.3,1420,44.1,60,0,treino,0-99 min
2190,H,299.7,309.2,1554,41.6,62,0,validacao,0-99 min
2191,M,299.6,309.1,1471,44.3,67,0,teste,0-99 min
2192,L,299.6,309,1648,33.6,70,0,validacao,0-99 min
2193,L,299.6,309,1472,48.8,72,0,teste,0-99 min
2194,M,299.5,308.9,1448,42.9,74,0,teste,0-99 min
2195,M,299.6,308.9,1568,35.3,77,0,treino,0-99 min
2196,L,299.6,308.9,1613,30.8,80,0,teste,0-99 min
2197,M,299.7,308.9,1551,35.4,82,0,treino,0-99 min
2198,L,299.7,309,1412,49.2,85,0,teste,0-99 min
2199,M,299.7,308.9,1478,41,87,0,validacao,0-99 min
2200,M,299.8,309.1,1268,58,90,0,teste,0-99 min
2201,L,299.8,309.1,1546,35.6,93,0,treino,0-99 min
2202,L,299.8,309,1567,36.1,95,0,treino,0-99 min
2203,M,299.9,309.2,1548,35.7,97,0,treino,0-99 min
2204,L,299.8,309,1614,30.8,100,0,teste,100-199 min
2205,M,299.7,309.1,1352,46.1,102,0,treino,100-199 min
2206,L,299.9,309.2,1624,34.6,105,0,treino,100-199 min
2207,L,299.9,309.2,1436,52,107,0,treino,100-199 min
2208,L,299.8,309.2,1591,37.5,109,0,treino,100-199 min
2209,H,299.8,309.2,1435,42.6,111,0,treino,100-199 min
2210,L,299.8,309.3,1386,49.4,116,0,treino,100-199 min
2211,L,299.7,309.2,1401,54.1,118,0,treino,100-199 min
2212,M,299.6,309,1245,64,120,0,treino,100-199 min
2213,L,299.7,309.1,1475,40,123,0,teste,100-199 min
2214,L,299.7,309.1,1473,39.4,125,0,treino,100-199 min
2215,H,299.7,309.2,1355,44.8,127,0,treino,100-199 min
2216,H,299.7,309.2,1468,49.6,132,0,treino,100-199 min
2217,L,299.7,309.2,1645,30.8,137,0,treino,100-199 min
2218,L,299.7,309.1,1347,55.3,139,0,treino,100-199 min
2219,L,299.7,309.1,1713,33.5,141,0,teste,100-199 min
2220,M,299.6,309.1,1435,48.4,143,0,treino,100-199 min
2221,M,299.6,309,1736,26.1,146,0,treino,100-199 min
2222,L,299.6,309,1372,60.4,149,0,validacao,100-199 min
2223,L,299.7,309,1605,33,151,0,treino,100-199 min
2224,L,299.6,309,1413,48.5,153,0,treino,100-199 min
2225,M,299.7,309,1645,31.9,155,0,treino,100-199 min
2226,M,299.7,309,1465,49,158,0,teste,100-199 min
2227,M,299.6,308.9,1685,27.8,161,0,treino,100-199 min
2228,L,299.5,308.8,1965,20.4,164,0,treino,100-199 min
2229,H,299.4,308.6,1542,41.8,166,0,validacao,100-199 min
2230,L,299.4,308.7,1681,30.8,171,0,treino,100-199 min
2231,L,299.5,308.7,1446,45.7,173,0,validacao,100-199 min
2232,L,299.4,308.6,1415,56.4,175,0,treino,100-199 min
2233,L,299.5,308.6,1672,30.5,177,0,treino,100-199 min
2234,L,299.5,308.7,2549,13,179,1,treino,100-199 min
2235,L,299.4,308.6,1492,40.5,181,0,treino,100-199 min
2236,M,299.4,308.6,1455,42.7,183,0,treino,100-199 min
2237,M,299.3,308.5,1422,43.1,186,0,treino,100-199 min
2238,L,299.3,308.6,1403,50.6,189,0,teste,100-199 min
2239,L,299.3,308.6,1474,49.6,191,0,validacao,100-199 min
2240,L,299.2,308.6,1381,50,193,0,treino,100-199 min
2241,L,299.2,308.5,1457,44.7,195,0,treino,100-199 min
2242,L,299.2,308.4,1711,28.9,197,0,treino,100-199 min
2243,L,299.2,308.4,1667,29,199,0,validacao,100-199 min
2244,L,299.2,308.4,1465,35,201,0,treino,200+ min
2245,M,299.3,308.4,1542,37.5,203,1,treino,200+ min
2246,M,299.3,308.4,1438,42.3,0,0,validacao,0-99 min
2247,L,299.3,308.4,1406,47.4,3,0,treino,0-99 min
2248,M,299.2,308.4,1396,48.5,5,0,treino,0-99 min
2249,M,299.3,308.5,1304,60.6,8,0,teste,0-99 min
2250,L,299.2,308.5,1442,46.5,11,0,treino,0-99 min
2251,M,299.2,308.4,1396,48.7,13,0,teste,0-99 min
2252,H,299.1,308.3,1424,43.4,16,0,teste,0-99 min
2253,H,299.1,308.3,1451,42.8,21,0,treino,0-99 min
2254,L,299.2,308.4,1386,54.1,26,0,treino,0-99 min
2255,L,299.1,308.3,1325,46.9,28,0,validacao,0-99 min
2256,L,299.1,308.3,1559,33.7,30,0,treino,0-99 min
2257,L,299.1,308.3,1489,38.1,32,0,teste,0-99 min
2258,L,299.1,308.3,1892,25.2,34,0,validacao,0-99 min
2259,L,299.1,308.2,1319,60.3,36,0,teste,0-99 min
2260,L,299.1,308.3,1431,52.3,38,0,treino,0-99 min
2261,H,299.1,308.3,1521,36.5,40,0,treino,0-99 min
2262,M,299.1,308.2,1435,45.2,45,0,teste,0-99 min
2263,L,299.1,308.3,1533,42.4,48,0,teste,0-99 min
2264,M,299.2,308.4,1529,43,50,0,teste,0-99 min
2265,M,299.2,308.4,1415,43.5,53,0,treino,0-99 min
2266,M,299.2,308.4,1330,51.2,56,0,treino,0-99 min
2267,L,299.2,308.5,1381,60.6,59,0,validacao,0-99 min
2268,L,299.2,308.5,1370,52.4,61,0,treino,0-99 min
2269,L,299.2,308.5,1438,46.6,63,0,treino,0-99 min
2270,L,299.3,308.6,1314,48.2,65,0,treino,0-99 min
2271,L,299.3,308.6,1437,48.1,67,0,teste,0-99 min
2272,L,299.2,308.5,1821,26.1,69,0,validacao,0-99 min
2273,M,299.3,308.6,1448,52.1,71,0,treino,0-99 min
2274,L,299.3,308.5,1589,32.7,74,0,treino,0-99 min
2275,L,299.3,308.6,1520,33.7,76,0,validacao,0-99 min
2276,L,299.3,308.6,1605,37,78,0,treino,0-99 min
2277,L,299.3,308.7,1393,54.2,80,0,treino,0-99 min
2278,H,299.3,308.7,1408,44.4,82,0,teste,0-99 min
2279,M,299.3,308.7,1459,35.6,87,0,treino,0-99 min
2280,L,299.4,308.7,1525,39,90,0,treino,0-99 min
2281,L,299.4,308.8,1390,57,92,0,treino,0-99 min
2282,L,299.3,308.7,1536,38.9,94,0,treino,0-99 min
2283,L,299.4,308.7,1459,47.6,96,0,treino,0-99 min
2284,L,299.2,308.5,1387,51.1,98,0,treino,0-99 min
2285,L,299.2,308.5,1378,53.4,100,0,treino,100-199 min
2286,L,299.4,308.7,1381,56.7,102,0,treino,100-199 min
2287,M,299.4,308.7,1289,60.5,104,0,treino,100-199 min
2288,L,299.4,308.6,1746,26.8,107,0,treino,100-199 min
2289,M,299.4,308.6,1541,39.1,109,0,validacao,100-199 min
2290,L,299.4,308.7,1504,37.8,112,0,treino,100-199 min
2291,M,299.5,308.7,1321,51.9,114,0,treino,100-199 min
2292,M,299.5,308.8,1886,20.9,117,0,treino,100-199 min
2293,L,299.6,308.9,1422,53.2,120,0,treino,100-199 min
2294,L,299.5,308.9,1520,38.3,122,0,treino,100-199 min
2295,L,299.4,308.8,1627,32.6,124,0,treino,100-199 min
2296,L,299.4,308.7,1512,37.2,126,0,treino,100-199 min
2297,L,299.4,308.7,1553,42.7,128,0,treino,100-199 min
2298,L,299.3,308.7,1802,26,130,0,treino,100-199 min
2299,L,299.3,308.6,1482,37.6,132,0,validacao,100-199 min
2300,L,299.4,308.7,1446,62.9,134,1,treino,100-199 min
2301,L,299.3,308.6,1371,50.5,136,0,treino,100-199 min
2302,M,299.2,308.6,1586,35.7,138,0,treino,100-199 min
2303,L,299.2,308.5,1515,39.8,141,0,teste,100-199 min
2304,L,299.2,308.5,1374,53.6,143,0,treino,100-199 min
2305,L,299.1,308.5,1455,39.8,145,0,treino,100-199 min
2306,H,299.2,308.5,1342,47.5,147,0,validacao,100-199 min
2307,L,299.1,308.6,1260,57.8,152,0,treino,100-199 min
2308,H,299,308.5,1623,33.5,154,0,treino,100-199 min
2309,L,299.1,308.5,1371,55.5,159,0,validacao,100-199 min
2310,L,299.1,308.6,1611,31.4,161,0,validacao,100-199 min
2311,M,299,308.4,1535,47.5,163,0,treino,100-199 min
2312,M,299.1,308.6,1491,38.5,166,0,treino,100-199 min
2313,M,299.1,308.6,1441,36.2,169,0,treino,100-199 min
2314,M,299.1,308.8,1725,26.6,172,0,validacao,100-199 min
2315,L,299.2,308.9,1368,47.2,175,0,teste,100-199 min
2316,L,299.2,308.9,1526,37.9,177,0,treino,100-199 min
2317,L,299.2,308.8,1542,39.2,179,0,treino,100-199 min
2318,L,299.2,308.8,1605,31.1,181,0,validacao,100-199 min
2319,L,299.2,308.8,1405,51.4,183,0,validacao,100-199 min
2320,M,299.2,308.8,1700,33.5,185,0,treino,100-199 min
2321,H,299.2,308.8,1440,39.1,188,0,validacao,100-199 min
2322,M,299.2,308.8,1314,52.5,193,0,treino,100-199 min
2323,L,299.2,308.7,1514,41.9,196,0,treino,100-199 min
2324,M,299.2,308.7,1401,47,198,0,validacao,100-199 min
2325,L,299.3,308.8,1636,29.9,201,0,teste,200+ min
2326,L,299.3,308.8,1603,33.9,203,0,validacao,200+ min
2327,M,299.4,308.7,1487,52.6,205,0,treino,200+ min
2328,M,299.3,308.7,1420,50.3,208,0,treino,200+ min
2329,L,299.3,308.7,1579,36.3,211,0,treino,200+ min
2330,L,299.3,308.7,1484,40.5,213,0,treino,200+ min
2331,M,299.3,308.7,1390,49.3,215,0,treino,200+ min
2332,L,299.3,308.6,1384,53.6,218,1,validacao,200+ min
2333,L,299.2,308.5,1378,50.4,220,1,validacao,200+ min
2334,L,299.2,308.5,1445,45.2,222,0,treino,200+ min
2335,L,299.2,308.4,1445,43.5,224,0,treino,200+ min
2336,L,299.2,308.4,1509,39.4,0,0,treino,0-99 min
2337,L,299.2,308.4,1434,46.8,2,0,treino,0-99 min
2338,L,299.2,308.4,1877,23.9,4,0,treino,0-99 min
2339,L,299.3,308.3,1651,28,6,0,treino,0-99 min
2340,L,299.2,308.2,1466,41.3,8,0,teste,0-99 min
2341,L,299.1,308.1,1479,40.7,10,0,treino,0-99 min
2342,L,299.1,308.2,1409,46.4,12,0,treino,0-99 min
2343,M,299.2,308.2,1674,28.2,14,0,treino,0-99 min
2344,L,299.1,308.3,1305,61.4,17,0,treino,0-99 min
2345,M,299.2,308.3,1755,26.4,19,0,treino,0-99 min
2346,L,299.2,308.4,1475,38.7,22,0,treino,0-99 min
2347,L,299.2,308.4,1402,47.7,24,0,treino,0-99 min
2348,L,299.2,308.3,1410,43,26,0,treino,0-99 min
2349,L,299.2,308.4,1436,41.8,28,0,treino,0-99 min
2350,M,299.3,308.5,1386,42.2,30,0,treino,0-99 min
2351,L,299.3,308.6,1744,26.4,33,0,teste,0-99 min
2352,L,299.2,308.4,1393,48.4,35,0,treino,0-99 min
2353,M,299.3,308.5,1422,45.4,37,0,treino,0-99 min
2354,L,299.2,308.4,1841,22.8,40,0,validacao,0-99 min
2355,L,299.3,308.6,1433,37.7,42,0,treino,0-99 min
2356,M,299.3,308.5,1305,60.6,44,0,treino,0-99 min
2357,H,299.3,308.6,1498,39.5,47,0,treino,0-99 min
2358,L,299.3,308.5,1772,26.1,52,0,treino,0-99 min
2359,M,299.2,308.4,1381,42.5,54,0,treino,0-99 min
2360,L,299.3,308.5,1413,38.5,57,0,treino,0-99 min
2361,H,299.2,308.4,1388,53.2,59,0,treino,0-99 min
2362,M,299.2,308.6,1631,35.4,64,0,treino,0-99 min
2363,H,299.3,308.6,1520,41.4,67,0,treino,0-99 min
2364,L,299.3,308.5,1510,45.4,72,0,validacao,0-99 min
2365,L,299.2,308.5,1366,49.7,74,0,treino,0-99 min
2366,L,299.4,308.5,1845,22.9,76,0,treino,0-99 min
2367,L,299.3,308.5,1485,44.7,78,0,treino,0-99 min
2368,M,299.3,308.5,1496,39.4,80,0,validacao,0-99 min
2369,M,299.3,308.4,1468,42.2,83,0,treino,0-99 min
2370,M,299.2,308.4,1856,22.7,86,0,treino,0-99 min
2371,L,299.2,308.4,1620,34.1,89,0,treino,0-99 min
2372,L,299.3,308.5,1409,44.8,91,0,validacao,0-99 min
2373,M,299.3,308.5,1404,49.4,93,0,treino,0-99 min
2374,L,299.2,308.4,1350,51.3,96,0,treino,0-99 min
2375,M,299.2,308.4,1538,38,98,0,treino,0-99 min
2376,M,299.2,308.4,1476,32.7,101,0,treino,100-199 min
2377,M,299.2,308.3,1364,51.8,104,0,validacao,100-199 min
2378,M,299.2,308.3,1582,45.5,107,0,treino,100-199 min
2379,L,299.1,308.2,1348,56.1,110,0,validacao,100-199 min
2380,H,299.1,308.2,1450,46.1,112,0,treino,100-199 min
2381,L,299,308.1,1242,60.9,117,0,validacao,100-199 min
2382,L,299.1,308.2,1493,34.9,119,0,validacao,100-199 min
2383,L,299.1,308.3,1601,31.4,121,0,treino,100-199 min
2384,L,299.1,308.2,1568,33.3,123,0,teste,100-199 min
2385,M,299.1,308.3,1506,38,125,0,validacao,100-199 min
2386,L,299.1,308.3,1524,34.1,128,0,treino,100-199 min
2387,L,299.1,308.4,1543,37.9,130,0,treino,100-199 min
2388,M,299.2,308.5,1474,47.2,132,0,treino,100-199 min
2389,M,299.2,308.5,1526,37.3,135,0,teste,100-199 min
2390,L,299.2,308.5,1867,27,138,0,treino,100-199 min
2391,L,299.2,308.5,1487,41.2,140,0,validacao,100-199 min
2392,L,299.2,308.4,1580,32.6,142,0,treino,100-199 min
2393,L,299.2,308.5,1340,50,144,0,treino,100-199 min
2394,L,299.2,308.5,1544,41.6,146,0,treino,100-199 min
2395,L,299.2,308.5,1488,40.3,148,0,treino,100-199 min
2396,M,299.2,308.5,1742,28.9,150,0,validacao,100-199 min
2397,M,299.1,308.5,1592,34.2,153,0,teste,100-199 min
2398,L,299.2,308.6,1582,38.8,156,0,teste,100-199 min
2399,L,299.2,308.5,1490,43.2,158,0,treino,100-199 min
2400,M,299.2,308.5,1594,35.8,160,0,treino,100-199 min
2401,H,299.2,308.6,1462,55,163,0,treino,100-199 min
2402,M,299.2,308.6,1367,47.6,168,0,teste,100-199 min
2403,L,299.2,308.7,1325,51,171,0,treino,100-199 min
2404,H,299.2,308.7,1448,51.4,173,0,validacao,100-199 min
2405,M,299.1,308.7,2008,20.3,178,0,teste,100-199 min
2406,L,299.1,308.7,1498,38.9,181,0,treino,100-199 min
2407,L,299.1,308.6,1437,41.6,183,0,treino,100-199 min
2408,M,299.1,308.6,1499,45.1,185,0,treino,100-199 min
2409,L,299,308.4,1356,52.6,188,0,validacao,100-199 min
2410,L,299.1,308.5,1539,46.8,190,0,treino,100-199 min
2411,L,299.1,308.5,1689,32.1,192,0,treino,100-199 min
2412,L,299,308.5,1559,38.1,194,0,treino,100-199 min
2413,L,299.1,308.6,1408,46.7,196,0,treino,100-199 min
2414,L,299,308.5,1886,23,198,0,teste,100-199 min
2415,L,299.1,308.5,1415,43.4,0,0,teste,0-99 min
2416,M,299.1,308.5,1587,35.6,2,0,validacao,0-99 min
2417,L,299,308.4,1571,38.6,5,0,validacao,0-99 min
2418,L,298.9,308.3,1576,36.6,7,0,teste,0-99 min
2419,L,298.9,308.3,1660,34.4,9,0,treino,0-99 min
2420,M,298.9,308.2,1328,49.2,11,0,treino,0-99 min
2421,H,298.8,308.2,1450,44.7,14,0,teste,0-99 min
2422,L,298.9,308.2,2384,15,19,0,teste,0-99 min
2423,L,298.8,308.2,1443,53.4,21,0,treino,0-99 min
2424,M,298.9,308.2,2022,20,23,0,validacao,0-99 min
2425,L,298.9,308.2,1828,23.8,26,0,treino,0-99 min
2426,L,298.8,308.1,1472,53.5,28,0,treino,0-99 min
2427,M,298.9,308.2,1372,63.6,30,1,validacao,0-99 min
2428,L,298.9,308.3,1855,23.8,33,0,teste,0-99 min
2429,M,299,308.3,1377,47.2,35,0,treino,0-99 min
2430,L,298.9,308.3,1432,48.9,38,0,treino,0-99 min
2431,M,298.9,308.2,1335,47.8,40,0,teste,0-99 min
2432,M,298.9,308.2,1411,51.3,43,0,treino,0-99 min
2433,L,298.9,308.2,1510,43.5,46,0,validacao,0-99 min
2434,L,299,308.3,1441,44,48,0,teste,0-99 min
2435,M,299,308.2,1358,42.7,50,0,treino,0-99 min
2436,L,298.9,308.2,1686,30.4,53,0,validacao,0-99 min
2437,H,299,308.2,1662,30.4,55,0,treino,0-99 min
2438,L,299.1,308.3,1426,40.1,60,0,treino,0-99 min
2439,M,299.1,308.4,1330,53.6,62,0,validacao,0-99 min
2440,L,299.1,308.4,1693,31.6,65,0,treino,0-99 min
2441,L,299.1,308.4,1426,47.9,67,0,validacao,0-99 min
2442,L,299.1,308.5,1676,31,69,0,treino,0-99 min
2443,M,299.1,308.4,1332,51.7,71,0,validacao,0-99 min
2444,L,299.1,308.5,1647,35,74,0,teste,0-99 min
2445,L,299.2,308.6,1267,68.2,76,1,teste,0-99 min
2446,H,299.2,308.7,1375,55.1,78,0,teste,0-99 min
2447,L,299.3,308.6,1422,48.9,83,0,teste,0-99 min
2448,L,299.3,308.7,1408,48.7,85,0,treino,0-99 min
2449,L,299.4,308.9,1440,42.5,87,0,teste,0-99 min
2450,L,299.3,308.8,1772,25.2,89,0,treino,0-99 min
2451,L,299.2,308.7,1492,37.8,91,0,treino,0-99 min
2452,L,299.2,308.7,1650,30.5,93,0,validacao,0-99 min
2453,M,299.1,308.6,2329,14.6,95,0,treino,0-99 min
2454,L,299,308.6,1648,30.8,98,0,teste,0-99 min
2455,L,299,308.6,1653,31.7,100,0,treino,100-199 min
2456,L,299,308.6,1946,22.3,102,0,treino,100-199 min
2457,L,299.1,308.6,1555,36.6,104,0,teste,100-199 min
2458,L,299,308.6,1661,32.2,106,0,treino,100-199 min
2459,L,299,308.6,1434,45.9,108,0,validacao,100-199 min
2460,L,299,308.6,1297,54.2,110,0,teste,100-199 min
2461,L,299,308.6,1466,46.4,112,0,treino,100-199 min
2462,M,298.9,308.6,1517,39.8,114,0,treino,100-199 min
2463,L,298.9,308.5,1742,34.5,117,0,treino,100-199 min
2464,L,298.9,308.5,1580,39.1,119,0,treino,100-199 min
2465,M,298.9,308.5,1534,42.9,121,0,treino,100-199 min
2466,L,298.9,308.6,1481,40.7,124,0,treino,100-199 min
2467,L,299,308.6,1429,37.7,126,0,teste,100-199 min
2468,M,298.9,308.6,1574,33.5,128,0,treino,100-199 min
2469,M,298.9,308.6,1524,40.4,131,0,treino,100-199 min
2470,L,299,308.7,1507,37.5,134,0,treino,100-199 min
2471,L,298.9,308.5,1467,44.7,136,0,treino,100-199 min
2472,L,298.9,308.4,1301,51.1,138,0,teste,100-199 min
2473,L,298.9,308.5,1429,55.1,140,0,treino,100-199 min
2474,M,298.9,308.5,1555,37.6,142,0,treino,100-199 min
2475,L,298.9,308.5,1503,40.6,145,0,teste,100-199 min
2476,L,298.9,308.5,1459,43.1,147,0,treino,100-199 min
2477,H,298.9,308.4,1449,42.4,149,0,treino,100-199 min
2478,L,298.9,308.5,1387,57.3,154,0,treino,100-199 min
2479,M,298.9,308.5,1456,50,156,0,treino,100-199 min
2480,L,299,308.5,1604,34.7,159,0,validacao,100-199 min
2481,L,299,308.6,1734,32.4,161,0,treino,100-199 min
2482,L,299,308.6,1378,47.8,163,0,treino,100-199 min
2483,L,298.9,308.7,1504,41.8,165,0,teste,100-199 min
2484,M,298.9,308.7,1402,49.8,167,0,treino,100-199 min
2485,H,298.8,308.6,1524,37.7,170,0,teste,100-199 min
2486,L,298.8,308.6,1593,35.5,175,0,treino,100-199 min
2487,M,298.9,308.7,1772,28.4,177,0,validacao,100-199 min
2488,H,298.9,308.6,1623,31,180,0,treino,100-199 min
2489,L,298.9,308.7,1356,50.7,185,0,treino,100-199 min
2490,H,298.9,308.7,1500,41.6,187,0,treino,100-199 min
2491,H,299.1,308.8,1566,46.6,192,0,teste,100-199 min
2492,L,299.1,308.9,1445,43.4,197,0,teste,100-199 min
2493,H,299,308.8,1382,58.5,199,0,treino,100-199 min
2494,M,299,308.8,1418,45.7,204,0,teste,200+ min
2495,L,299.1,308.8,1329,53.6,207,1,validacao,200+ min
2496,M,299.1,308.8,1491,41,209,0,validacao,200+ min
2497,M,299.2,308.9,1573,37.4,212,0,treino,200+ min
2498,M,299.2,308.9,1521,42.3,215,0,teste,200+ min
2499,L,299.1,308.9,1467,47.2,218,0,treino,200+ min
2500,M,299.1,308.9,1325,48.4,220,0,validacao,200+ min
2501,L,299.1,308.9,1617,32.3,223,0,treino,200+ min
2502,M,299.1,308.9,1476,42.7,225,0,treino,200+ min
2503,L,299.2,309,1515,48.9,228,1,treino,200+ min
2504,L,299.2,309,1408,47.2,0,0,treino,0-99 min
2505,L,299.2,309.1,1468,45.6,2,0,validacao,0-99 min
2506,L,299.2,309.1,1387,48.7,4,0,treino,0-99 min
2507,M,299.2,309.1,1503,34.7,6,0,validacao,0-99 min
2508,H,299.2,309.1,1410,47.1,9,0,treino,0-99 min
2509,L,299,308.9,1615,30.6,14,0,teste,0-99 min
2510,L,299,308.9,1511,35.9,16,0,treino,0-99 min
2511,L,299.1,309,1405,53.8,18,0,treino,0-99 min
2512,M,299,308.9,1526,41.1,20,0,treino,0-99 min
2513,L,298.9,308.8,1530,38.3,23,0,treino,0-99 min
2514,L,299,308.7,1583,32.5,25,0,treino,0-99 min
2515,L,298.9,308.6,2069,18.7,27,0,treino,0-99 min
2516,L,298.8,308.5,1490,35,29,0,treino,0-99 min
2517,L,298.8,308.5,1736,29,31,0,treino,0-99 min
2518,L,298.8,308.5,1395,44.4,33,0,treino,0-99 min
2519,M,298.9,308.6,1425,49.6,35,0,treino,0-99 min
2520,L,298.8,308.6,1631,32.4,38,0,teste,0-99 min
2521,L,298.8,308.6,1535,41.2,40,0,treino,0-99 min
2522,L,298.8,308.6,1584,34.4,42,0,treino,0-99 min
2523,M,298.8,308.7,1543,38.2,44,0,treino,0-99 min
2524,L,298.8,308.7,1635,35.2,47,0,treino,0-99 min
2525,M,298.8,308.7,1446,45.5,49,0,treino,0-99 min
2526,M,298.8,308.6,1598,35.1,52,0,validacao,0-99 min
2527,L,298.8,308.6,1501,35,55,0,treino,0-99 min
2528,L,298.8,308.5,1450,50.8,57,0,treino,0-99 min
2529,L,298.8,308.6,1730,25.9,59,0,treino,0-99 min
2530,M,298.8,308.6,1571,33.7,61,0,treino,0-99 min
2531,L,298.9,308.7,1438,51.7,64,0,treino,0-99 min
2532,M,298.8,308.5,1510,38.7,66,0,teste,0-99 min
2533,L,298.9,308.7,1389,44.9,69,0,treino,0-99 min
2534,L,298.8,308.7,1490,33.6,71,0,validacao,0-99 min
2535,L,298.9,308.7,1729,26.6,73,0,teste,0-99 min
2536,L,299,308.8,1495,38.4,75,0,treino,0-99 min
2537,L,298.9,308.8,1281,53.9,77,0,treino,0-99 min
2538,H,298.9,308.7,1353,48.1,79,0,teste,0-99 min
2539,L,299.1,308.8,1429,50.1,84,0,validacao,0-99 min
2540,L,299.1,308.8,1413,42.1,86,0,teste,0-99 min
2541,L,299.1,308.8,1502,38.3,88,0,treino,0-99 min
2542,H,299.1,308.8,1553,32.6,90,0,treino,0-99 min
2543,H,299.2,308.9,1712,26.4,95,0,treino,0-99 min
2544,L,299.3,309,1786,23.5,100,0,treino,100-199 min
2545,L,299.2,309,1951,21.4,102,0,teste,100-199 min
2546,M,299.2,309,1541,36.3,104,0,treino,100-199 min
2547,L,299.2,309.1,1605,34.3,107,0,treino,100-199 min
2548,L,299.2,309.1,1578,38.1,109,0,teste,100-199 min
2549,M,299.3,309.2,1440,37.5,111,0,treino,100-199 min
2550,L,299.4,309.2,1489,42.3,114,0,validacao,100-199 min
2551,L,299.4,309.3,1366,48.4,116,0,treino,100-199 min
2552,L,299.3,309.2,1541,37.2,118,0,treino,100-199 min
2553,H,299.3,309.1,1552,40.7,120,0,treino,100-199 min
2554,L,299.3,309.1,1473,40.3,125,0,treino,100-199 min
2555,L,299.3,309.1,1531,37.9,127,0,teste,100-199 min
2556,L,299.3,309.2,1511,37.2,129,0,treino,100-199 min
2557,M,299.3,309.1,1449,47.9,131,0,teste,100-199 min
2558,M,299.4,309.1,1440,50,134,0,treino,100-199 min
2559,M,299.2,309,1881,23.9,137,0,treino,100-199 min
2560,L,299.3,309,1447,50.4,140,0,treino,100-199 min
2561,M,299.4,309.1,1326,62,142,0,treino,100-199 min
2562,L,299.4,309.2,1607,31.7,145,0,treino,100-199 min
2563,L,299.3,309.1,1551,39.1,147,0,validacao,100-199 min
2564,L,299.3,309.1,1496,37.2,149,0,treino,100-199 min
2565,L,299.3,309.1,1493,38,151,0,treino,100-199 min
2566,L,299.4,309.1,1304,50.5,153,0,validacao,100-199 min
2567,M,299.3,309,1420,41.6,155,0,teste,100-199 min
2568,L,299.4,309.1,1766,24.6,158,0,teste,100-199 min
2569,L,299.6,309.2,1450,43.1,160,0,treino,100-199 min
2570,H,299.5,309.2,1872,22.6,162,0,teste,100-199 min
2571,L,299.6,309.2,1713,26.5,167,0,treino,100-199 min
2572,M,299.5,309.2,1497,40.9,169,0,treino,100-199 min
2573,M,299.4,309.1,1352,44.7,172,0,validacao,100-199 min
2574,L,299.5,309.2,1499,41.5,175,0,treino,100-199 min
2575,L,299.5,309.3,1972,19.3,177,0,treino,100-199 min
2576,L,299.5,309.3,1422,49.2,179,0,treino,100-199 min
2577,L,299.5,309.3,1523,41.5,181,0,teste,100-199 min
2578,L,299.5,309.4,1563,41.5,183,0,treino,100-199 min
2579,L,299.4,309.3,1391,46.6,185,0,validacao,100-199 min
2580,L,299.3,309.1,1795,24.7,187,0,treino,100-199 min
2581,L,299.3,309.1,1293,53.7,189,0,treino,100-199 min
2582,L,299.2,309.1,1345,60.7,191,1,treino,100-199 min
2583,L,299.2,309,1615,33.7,193,0,treino,100-199 min
2584,L,299.2,308.9,1342,50.8,195,0,treino,100-199 min
2585,L,299.1,308.8,1502,46.7,197,0,validacao,100-199 min
2586,M,299,308.7,1620,35.4,199,0,treino,100-199 min
2587,L,299,308.7,1537,42.8,202,0,treino,200+ min
2588,L,299,308.7,2248,16.8,204,0,validacao,200+ min
2589,L,299,308.7,1706,28.6,206,0,treino,200+ min
2590,L,299,308.7,2250,16.6,208,0,treino,200+ min
2591,L,299,308.7,1396,48.6,0,0,treino,0-99 min
2592,L,298.9,308.6,1522,46.4,2,0,treino,0-99 min
2593,L,298.9,308.6,1539,45.4,4,0,treino,0-99 min
2594,H,298.9,308.5,1415,54,6,0,validacao,0-99 min
2595,L,298.8,308.5,1446,37,11,0,treino,0-99 min
2596,M,298.8,308.6,1486,41.1,13,0,treino,0-99 min
2597,L,299,308.7,1426,38.6,16,0,treino,0-99 min
2598,L,299,308.7,1449,38.9,18,0,validacao,0-99 min
2599,L,299.1,308.8,1320,67.5,20,1,treino,0-99 min
2600,M,299.2,308.9,1447,39.6,22,0,teste,0-99 min
2601,L,299.3,309,1422,47.3,25,0,treino,0-99 min
2602,L,299.3,309.1,1399,52.1,27,0,treino,0-99 min
2603,L,299.4,309.2,1427,41.5,29,0,validacao,0-99 min
2604,M,299.3,309.2,1334,46.3,31,0,treino,0-99 min
2605,M,299.3,309.1,1385,45.6,34,0,treino,0-99 min
2606,L,299.4,309.2,1552,37.4,37,0,teste,0-99 min
2607,H,299.4,309.3,1534,37.5,39,0,teste,0-99 min
2608,L,299.4,309.3,1448,48.6,44,0,treino,0-99 min
2609,L,299.5,309.3,1409,44.7,46,0,teste,0-99 min
2610,L,299.4,309.2,1621,34.5,48,0,treino,0-99 min
2611,H,299.4,309.1,1547,40.9,50,0,validacao,0-99 min
2612,L,299.4,309.1,1957,22.1,55,0,validacao,0-99 min
2613,L,299.4,309.1,2421,14.2,57,0,teste,0-99 min
2614,M,299.3,309.1,1571,38.3,59,0,treino,0-99 min
2615,L,299.3,309.1,1634,36.8,62,0,treino,0-99 min
2616,L,299.3,309,1516,38.7,64,0,treino,0-99 min
2617,L,299.4,309.1,1207,66.5,66,0,treino,0-99 min
2618,L,299.4,309.1,1670,35.9,68,0,treino,0-99 min
2619,M,299.4,309.1,1461,48.6,70,0,teste,0-99 min
2620,L,299.4,309.2,1569,40.8,73,0,treino,0-99 min
2621,L,299.4,309.2,1556,35.7,75,0,treino,0-99 min
2622,M,299.5,309.3,1506,41.5,77,0,treino,0-99 min
2623,M,299.6,309.4,1642,30.3,80,0,treino,0-99 min
2624,M,299.6,309.4,1283,62.1,83,0,treino,0-99 min
2625,H,299.7,309.5,1375,46.8,86,0,teste,0-99 min
2626,L,299.7,309.4,1399,39.9,91,0,teste,0-99 min
2627,L,299.7,309.4,1650,29.8,93,0,treino,0-99 min
2628,M,299.8,309.6,1346,53.2,95,0,teste,0-99 min
2629,H,299.9,309.6,1410,51.2,98,0,treino,0-99 min
2630,L,300,309.7,1586,37.8,103,0,treino,100-199 min
2631,L,300,309.8,1372,39.6,105,0,treino,100-199 min
2632,H,300,309.7,1529,42.4,107,0,treino,100-199 min
2633,M,300,309.7,1652,28.6,112,0,treino,100-199 min
2634,L,300.1,309.8,1532,39.8,115,0,validacao,100-199 min
2635,L,300,309.7,1554,32,117,0,treino,100-199 min
2636,H,299.9,309.6,1462,51,119,0,teste,100-199 min
2637,L,299.9,309.6,1254,61.3,124,0,validacao,100-199 min
2638,L,299.9,309.6,1294,49.7,126,0,treino,100-199 min
2639,L,299.8,309.5,1739,27.5,128,0,validacao,100-199 min
2640,M,299.8,309.4,1412,47.8,130,0,validacao,100-199 min
2641,M,299.9,309.5,1372,56.2,133,0,teste,100-199 min
2642,H,299.8,309.5,1420,46.7,136,0,treino,100-199 min
2643,L,299.8,309.5,1542,40.3,141,0,treino,100-199 min
2644,M,299.8,309.4,1401,48.1,143,0,treino,100-199 min
2645,L,299.8,309.4,1510,42.5,146,0,treino,100-199 min
2646,H,299.9,309.5,1547,38.5,148,0,treino,100-199 min
2647,M,299.8,309.5,1453,43.2,153,0,treino,100-199 min
2648,L,299.8,309.4,1408,45.6,156,0,validacao,100-199 min
2649,L,299.8,309.4,1436,51.6,158,0,validacao,100-199 min
2650,M,299.9,309.5,1582,38.2,160,0,treino,100-199 min
2651,L,299.9,309.6,1280,59.3,163,0,treino,100-199 min
2652,L,299.9,309.5,2008,20.4,165,0,treino,100-199 min
2653,L,299.9,309.5,1772,23.5,167,0,treino,100-199 min
2654,L,299.9,309.5,1779,26.1,169,0,treino,100-199 min
2655,L,299.9,309.5,1567,35.5,171,0,validacao,100-199 min
2656,M,299.8,309.4,1751,27,173,0,validacao,100-199 min
2657,L,299.9,309.5,1349,51.3,176,0,treino,100-199 min
2658,M,300,309.5,1425,40.8,178,0,teste,100-199 min
2659,L,300,309.4,1395,44.5,181,0,treino,100-199 min
2660,H,299.8,309.3,1595,32.1,183,0,treino,100-199 min
2661,L,299.8,309.3,1291,56.4,188,0,teste,100-199 min
2662,M,299.9,309.4,1509,42.8,190,0,treino,100-199 min
2663,M,299.9,309.4,1483,38.1,193,0,treino,100-199 min
2664,L,299.9,309.3,1620,31.1,196,0,treino,100-199 min
2665,M,299.9,309.4,1487,42.2,198,0,treino,100-199 min
2666,L,299.8,309.4,2256,15.9,201,0,treino,200+ min
2667,H,299.7,309.2,1691,27.7,203,0,teste,200+ min
2668,M,299.8,309.3,1663,35.2,208,0,validacao,200+ min
2669,M,299.8,309.3,1640,31.1,211,0,treino,200+ min
2670,H,299.7,309.3,1494,37.8,214,0,validacao,200+ min
2671,L,299.8,309.4,1467,46.2,219,0,treino,200+ min
2672,M,299.7,309.3,1399,41.9,221,1,teste,200+ min
2673,L,299.7,309.3,1445,42.6,0,0,teste,0-99 min
2674,L,299.8,309.4,1480,40.9,2,0,treino,0-99 min
2675,L,299.7,309.3,1546,37.2,4,0,validacao,0-99 min
2676,L,299.7,309.3,1574,35.8,6,0,treino,0-99 min
2677,L,299.7,309.3,1592,34.2,8,0,validacao,0-99 min
2678,L,299.8,309.5,1495,39.6,10,0,treino,0-99 min
2679,L,299.8,309.6,1447,43.1,12,0,treino,0-99 min
2680,L,299.8,309.5,1476,44.4,14,0,validacao,0-99 min
2681,L,299.8,309.5,1641,27.1,16,0,teste,0-99 min
2682,L,299.8,309.5,1545,32.2,18,0,treino,0-99 min
2683,M,299.9,309.6,1364,44.4,20,0,treino,0-99 min
2684,L,299.8,309.5,1590,28.5,23,0,treino,0-99 min
2685,L,299.8,309.4,1460,37.4,25,0,treino,0-99 min
2686,L,299.8,309.4,1609,32.5,27,0,treino,0-99 min
2687,L,299.8,309.4,1633,27.5,29,0,treino,0-99 min
2688,L,299.9,309.4,1348,52.8,31,0,treino,0-99 min
2689,L,299.9,309.4,1322,53.9,33,0,treino,0-99 min
2690,L,300,309.5,1641,30.1,35,0,treino,0-99 min
2691,L,300,309.5,1728,26,37,0,treino,0-99 min
2692,L,300,309.6,1431,47.7,39,0,validacao,0-99 min
2693,L,300.1,309.7,1641,30.4,41,0,treino,0-99 min
2694,M,300.1,309.6,1622,36.1,43,0,teste,0-99 min
2695,M,300.1,309.6,1625,38,46,0,treino,0-99 min
2696,L,300,309.5,1869,22.7,49,0,treino,0-99 min
2697,L,300,309.6,1452,46,51,0,validacao,0-99 min
2698,L,300,309.6,1618,28.7,53,0,treino,0-99 min
2699,L,300,309.4,2010,20,55,0,treino,0-99 min
2700,L,299.9,309.4,1363,60.9,57,0,treino,0-99 min
2701,L,299.9,309.3,1473,40.4,59,0,teste,0-99 min
2702,L,299.9,309.2,1333,50.8,61,0,treino,0-99 min
2703,L,299.8,309.2,1760,25.9,63,0,treino,0-99 min
2704,M,299.8,309.2,1372,58.2,65,0,teste,0-99 min
2705,M,299.7,309.2,1608,34.4,68,0,teste,0-99 min
2706,L,299.7,309.2,1326,64.8,71,0,treino,0-99 min
2707,M,299.6,309.1,1560,37.1,73,0,validacao,0-99 min
2708,M,299.6,309,1539,36.1,76,0,teste,0-99 min
2709,L,299.6,309.1,2266,15.3,79,0,treino,0-99 min
2710,L,299.6,309.1,1641,35.8,81,0,treino,0-99 min
2711,L,299.6,309.1,1574,39.2,83,0,treino,0-99 min
2712,L,299.6,309.1,1407,50.6,85,0,treino,0-99 min
2713,H,299.7,309.2,1302,55.5,87,0,validacao,0-99 min
2714,M,299.6,309.2,1651,30.8,92,0,teste,0-99 min
2715,M,299.6,309.1,1366,55.2,95,0,treino,0-99 min
2716,M,299.5,309,1701,28.6,98,0,treino,0-99 min
2717,L,299.5,309,1498,44.6,101,0,treino,100-199 min
2718,M,299.5,309.1,1422,45.3,103,0,treino,100-199 min
2719,L,299.5,309.1,1357,47.3,106,0,treino,100-199 min
2720,L,299.5,309.2,1690,29.2,108,0,validacao,100-199 min
2721,L,299.6,309.2,1559,39.1,110,0,treino,100-199 min
2722,M,299.6,309.3,1553,32.4,112,0,treino,100-199 min
2723,L,299.6,309.3,1558,34.8,115,0,treino,100-199 min
2724,L,299.7,309.4,1362,51.9,117,0,treino,100-199 min
2725,M,299.8,309.3,1470,42.7,119,0,treino,100-199 min
2726,L,299.8,309.4,1555,34.8,122,0,validacao,100-199 min
2727,M,299.8,309.4,1423,42.9,124,0,validacao,100-199 min
2728,L,299.7,309.3,1434,38.5,127,0,treino,100-199 min
2729,L,299.7,309.3,1779,25.5,129,0,validacao,100-199 min
2730,L,299.7,309.3,1417,54.6,131,0,treino,100-199 min
2731,L,299.6,309.2,1425,45.9,133,0,treino,100-199 min
2732,M,299.7,309.2,1597,32.9,135,0,treino,100-199 min
2733,L,299.7,309.2,1346,57.4,138,0,validacao,100-199 min
2734,L,299.7,309.2,1422,40.4,140,0,treino,100-199 min
2735,H,299.7,309.2,1572,32.8,142,0,treino,100-199 min
2736,L,299.7,309.2,1412,45.4,147,0,teste,100-199 min
2737,M,299.7,309.1,1576,36.4,149,0,treino,100-199 min
2738,M,299.7,309.1,1508,41.2,152,0,treino,100-199 min
2739,M,299.8,309.1,1496,44.4,155,0,treino,100-199 min
2740,L,299.8,309.2,1572,35.4,158,0,validacao,100-199 min
2741,L,299.6,309,1525,42.8,160,0,validacao,100-199 min
2742,L,299.6,309,1378,51.9,162,0,treino,100-199 min
2743,L,299.6,309.1,1369,51.4,164,0,teste,100-199 min
2744,L,299.6,309.1,1476,45.3,166,0,treino,100-199 min
2745,L,299.7,309.2,1620,30,168,0,validacao,100-199 min
2746,M,299.7,309.1,1603,38.5,170,0,treino,100-199 min
2747,L,299.7,309.2,1411,46.1,173,0,validacao,100-199 min
2748,L,299.7,309.2,1616,31.6,175,0,teste,100-199 min
2749,L,299.7,309.2,1631,35.1,177,0,treino,100-199 min
2750,M,299.7,309.2,1685,28.9,179,1,treino,100-199 min
2751,H,299.7,309.2,1456,40.6,182,0,teste,100-199 min
2752,L,299.7,309.1,1417,50.1,187,0,treino,100-199 min
2753,M,299.7,309.1,1851,24.7,189,0,treino,100-199 min
2754,L,299.7,309.1,1715,27.8,192,0,treino,100-199 min
2755,H,299.6,309.1,1630,32.3,194,0,validacao,100-199 min
2756,L,299.7,309.2,1478,38.8,199,0,treino,100-199 min
2757,L,299.7,309.2,1781,29.6,201,0,treino,200+ min
2758,L,299.8,309.2,1439,36.1,203,0,treino,200+ min
2759,M,299.7,309.2,1412,45.3,205,0,validacao,200+ min
2760,L,299.7,309.1,1483,41.1,208,0,treino,200+ min
2761,L,299.8,309.2,1400,42.6,210,0,treino,200+ min
2762,L,299.8,309.3,1299,65.1,212,1,validacao,200+ min
2763,L,299.8,309.2,1479,44.4,214,0,treino,200+ min
2764,L,299.8,309.2,1491,47.5,216,0,teste,200+ min
2765,M,299.9,309.3,1389,52.8,0,0,treino,0-99 min
2766,M,299.9,309.4,1399,54.8,3,0,teste,0-99 min
2767,M,299.9,309.4,1889,26,6,0,validacao,0-99 min
2768,L,300,309.5,1925,21.9,9,0,validacao,0-99 min
2769,L,300,309.5,1675,30.2,11,0,treino,0-99 min
2770,M,300,309.6,1477,38.1,13,0,treino,0-99 min
2771,L,300,309.6,1364,45.9,16,0,treino,0-99 min
2772,L,299.9,309.5,1451,39.4,18,0,treino,0-99 min
2773,L,299.9,309.4,1467,41.2,20,0,validacao,0-99 min
2774,L,299.9,309.4,1858,22.5,22,0,teste,0-99 min
2775,L,300.1,309.4,1559,39.7,24,0,treino,0-99 min
2776,L,300.1,309.4,1560,47.7,26,0,treino,0-99 min
2777,L,300.1,309.4,1453,47.6,28,0,treino,0-99 min
2778,L,300.1,309.4,1464,41.7,30,0,treino,0-99 min
2779,L,300,309.4,1308,50.2,32,0,teste,0-99 min
2780,L,300.1,309.5,1353,50.9,34,0,validacao,0-99 min
2781,M,300.2,309.6,1556,35.8,36,0,treino,0-99 min
2782,L,300.2,309.5,2183,17.8,39,0,teste,0-99 min
2783,M,300.2,309.6,1491,41.8,41,0,teste,0-99 min
2784,M,300.2,309.6,1528,35.1,44,0,teste,0-99 min
2785,L,300.2,309.6,1430,52.7,47,0,treino,0-99 min
2786,L,300.2,309.5,1495,32.6,49,0,treino,0-99 min
2787,M,300.2,309.5,1630,28.3,51,0,treino,0-99 min
2788,M,300.3,309.6,1524,38.4,54,0,teste,0-99 min
2789,L,300.3,309.6,1326,52.4,57,0,treino,0-99 min
2790,H,300.3,309.5,1438,44,59,0,teste,0-99 min
2791,L,300.4,309.6,1356,45.9,64,0,teste,0-99 min
2792,H,300.4,309.6,1416,43.3,66,0,validacao,0-99 min
2793,L,300.4,309.7,1584,32.6,71,0,treino,0-99 min
2794,L,300.3,309.6,1597,31.8,73,0,treino,0-99 min
2795,L,300.4,309.6,1553,43.9,75,0,treino,0-99 min
2796,M,300.3,309.5,1405,49.4,77,0,validacao,0-99 min
2797,L,300.2,309.5,1539,35.3,80,0,treino,0-99 min
2798,M,300.3,309.6,1398,53.7,82,0,treino,0-99 min
2799,L,300.3,309.6,1568,39.6,85,0,treino,0-99 min
2800,L,300.3,309.6,1404,44.6,87,0,treino,0-99 min
2801,M,300.2,309.5,1500,45.7,89,0,validacao,0-99 min
2802,M,300.2,309.5,1642,28.8,92,0,teste,0-99 min
2803,M,300.3,309.6,1509,46.6,95,0,treino,0-99 min
2804,L,300.2,309.5,1343,50.2,98,0,teste,0-99 min
2805,L,300.1,309.5,1450,40.1,100,0,teste,100-199 min
2806,L,300,309.4,1460,43.5,102,0,treino,100-199 min
2807,L,300,309.3,1364,41.2,104,0,teste,100-199 min
2808,M,299.9,309.3,1452,41.9,106,0,treino,100-199 min
2809,L,299.9,309.3,1471,41.8,109,0,teste,100-199 min
2810,L,299.9,309.2,1598,34.6,111,0,teste,100-199 min
2811,L,299.8,309.1,1772,24.8,113,0,teste,100-199 min
2812,L,299.9,309.2,1761,25.6,115,0,treino,100-199 min
2813,M,300,309.3,1413,40.7,117,0,treino,100-199 min
2814,L,300,309.3,1887,22.6,120,0,treino,100-199 min
2815,L,300,309.3,1395,56.5,122,0,teste,100-199 min
2816,M,300.1,309.4,1569,31.6,124,0,teste,100-199 min
2817,L,300.1,309.4,1434,47.3,127,0,treino,100-199 min
2818,L,300.2,309.5,1417,41.1,129,0,teste,100-199 min
2819,L,300.2,309.5,1729,28.4,131,0,treino,100-199 min
2820,L,300.2,309.5,1356,51.1,133,0,treino,100-199 min
2821,L,300.2,309.5,1436,48.8,135,0,treino,100-199 min
2822,M,300.3,309.6,1419,42.5,137,0,treino,100-199 min
2823,L,300.3,309.6,1593,38.1,140,0,teste,100-199 min
2824,M,300.3,309.5,1320,62.2,142,0,validacao,100-199 min
2825,M,300.3,309.5,1448,42.4,145,0,validacao,100-199 min
2826,L,300.3,309.4,1470,33.5,148,0,treino,100-199 min
2827,M,300.3,309.4,1612,33.1,150,0,validacao,100-199 min
2828,L,300.4,309.4,1412,51.6,153,0,treino,100-199 min
2829,M,300.4,309.4,1875,23.9,155,0,treino,100-199 min
2830,L,300.3,309.3,1612,36,158,0,treino,100-199 min
2831,M,300.4,309.3,1411,41.6,160,0,validacao,100-199 min
2832,M,300.3,309.2,1490,47.9,163,0,treino,100-199 min
2833,M,300.4,309.3,1467,40.3,166,0,treino,100-199 min
2834,L,300.3,309.2,1807,26.4,169,0,validacao,100-199 min
2835,L,300.3,309.1,1368,46,171,0,treino,100-199 min
2836,L,300.3,309.2,1572,32,173,0,treino,100-199 min
2837,M,300.3,309.1,1458,44.3,175,0,treino,100-199 min
2838,L,300.3,309.1,1699,30.3,178,0,validacao,100-199 min
2839,L,300.3,309.3,1478,39.5,180,0,teste,100-199 min
2840,M,300.4,309.4,1362,42.1,182,0,treino,100-199 min
2841,H,300.4,309.4,1487,38.9,185,0,treino,100-199 min
2842,L,300.3,309.4,1705,29.4,190,0,treino,100-199 min
2843,L,300.3,309.3,1345,53.5,192,0,teste,100-199 min
2844,L,300.3,309.2,1532,40.2,194,0,treino,100-199 min
2845,L,300.3,309.2,1650,35.2,196,0,treino,100-199 min
2846,L,300.3,309.2,1398,54.4,198,0,treino,100-199 min
2847,L,300.3,309.2,1412,44.8,200,0,validacao,200+ min
2848,L,300.4,309.3,1525,39.6,202,0,treino,200+ min
2849,M,300.3,309.3,1391,57.9,204,0,treino,200+ min
2850,L,300.4,309.3,1766,28.2,207,0,teste,200+ min
2851,L,300.4,309.3,1671,35,209,0,treino,200+ min
2852,L,300.5,309.3,1373,48.8,211,0,treino,200+ min
2853,M,300.5,309.4,1347,50.1,213,0,teste,200+ min
2854,M,300.5,309.3,1539,39.1,216,0,treino,200+ min
2855,L,300.5,309.3,1470,40.8,219,0,treino,200+ min
2856,L,300.5,309.3,1528,37,221,0,treino,200+ min
2857,H,300.5,309.3,1471,45.2,223,0,teste,200+ min
2858,M,300.4,309.2,1528,37.2,228,0,treino,200+ min
2859,L,300.5,309.3,1417,51.5,231,1,treino,200+ min
2860,L,300.6,309.4,1549,43.4,233,0,treino,200+ min
2861,H,300.6,309.4,1463,49.2,235,0,treino,200+ min
2862,L,300.7,309.5,1479,43.6,240,0,teste,200+ min
2863,L,300.6,309.5,1867,23,242,0,validacao,200+ min
2864,L,300.6,309.4,1471,44.1,244,0,treino,200+ min
2865,H,300.6,309.4,1380,47.6,246,1,teste,200+ min
2866,H,300.7,309.7,1623,32.7,0,0,teste,0-99 min
2867,L,300.8,309.7,1997,20.7,5,0,treino,0-99 min
2868,H,300.7,309.6,1390,48.5,7,0,validacao,0-99 min
2869,L,300.8,309.7,1418,46.6,12,0,treino,0-99 min
2870,L,300.8,309.7,1519,35.8,14,0,teste,0-99 min
2871,M,300.8,309.7,1519,39.7,16,0,validacao,0-99 min
2872,M,300.7,309.6,1536,37.2,19,0,treino,0-99 min
2873,L,300.8,309.6,1680,28.7,22,0,treino,0-99 min
2874,H,300.6,309.4,1555,37.9,24,0,treino,0-99 min
2875,L,300.6,309.5,1471,49.6,29,0,treino,0-99 min
2876,M,300.5,309.4,1877,23.8,31,0,treino,0-99 min
2877,M,300.5,309.3,1578,30.5,34,0,treino,0-99 min
2878,M,300.5,309.4,1655,32.1,37,0,treino,0-99 min
2879,H,300.5,309.4,1502,34.3,40,0,teste,0-99 min
2880,M,300.6,309.4,1367,63.2,45,1,treino,0-99 min
2881,L,300.7,309.5,1541,37.2,48,0,treino,0-99 min
2882,M,300.6,309.6,1588,37,50,0,teste,0-99 min
2883,L,300.6,309.6,1684,32.8,53,0,treino,0-99 min
2884,L,300.6,309.5,1437,40,55,0,treino,0-99 min
2885,L,300.6,309.6,1409,42.4,57,0,teste,0-99 min
2886,M,300.5,309.5,1320,49.9,59,0,treino,0-99 min
2887,H,300.5,309.5,1635,34.2,62,0,treino,0-99 min
2888,M,300.5,309.5,1691,27.6,67,0,teste,0-99 min
2889,M,300.6,309.6,1365,50,70,0,treino,0-99 min
2890,M,300.7,309.7,1523,38.2,73,0,treino,0-99 min
2891,L,300.6,309.7,1593,32.4,76,0,validacao,0-99 min
2892,L,300.6,309.6,1682,30.7,78,0,treino,0-99 min
2893,L,300.7,309.6,1329,54.3,80,0,validacao,0-99 min
2894,M,300.7,309.6,1568,35.2,82,0,validacao,0-99 min
2895,L,300.7,309.6,1733,24.8,85,0,validacao,0-99 min
2896,M,300.7,309.6,1473,48.1,87,0,treino,0-99 min
2897,M,300.7,309.5,1633,31.3,90,0,treino,0-99 min
2898,M,300.6,309.5,1530,40.2,93,0,teste,0-99 min
2899,M,300.6,309.5,1550,40.2,96,0,treino,0-99 min
2900,L,300.6,309.4,1410,40.6,99,0,treino,0-99 min
2901,L,300.5,309.3,1574,33.5,101,0,treino,100-199 min
2902,L,300.6,309.4,1425,40.3,103,0,treino,100-199 min
2903,M,300.6,309.4,1541,35.2,105,0,validacao,100-199 min
2904,M,300.7,309.5,1733,26.7,108,0,teste,100-199 min
2905,L,300.6,309.4,2496,13.5,111,0,treino,100-199 min
2906,L,300.6,309.4,1552,36.4,113,0,teste,100-199 min
2907,L,300.6,309.3,1409,38.7,115,0,treino,100-199 min
2908,M,300.6,309.4,1581,35.7,117,0,treino,100-199 min
2909,L,300.7,309.5,1251,59.9,120,0,validacao,100-199 min
2910,L,300.7,309.6,1500,44.1,122,0,treino,100-199 min
2911,L,300.6,309.5,1576,38.8,124,0,treino,100-199 min
2912,M,300.7,309.5,1352,44,126,0,teste,100-199 min
2913,L,300.7,309.6,1661,30.3,129,0,teste,100-199 min
2914,L,300.7,309.6,1541,34.6,131,0,treino,100-199 min
2915,H,300.6,309.6,1888,20.5,133,0,treino,100-199 min
2916,L,300.5,309.5,1255,62.1,138,0,validacao,100-199 min
2917,L,300.6,309.6,1411,41.6,140,0,validacao,100-199 min
2918,L,300.6,309.5,1516,39,142,0,teste,100-199 min
2919,M,300.6,309.5,1492,34,144,0,validacao,100-199 min
2920,L,300.6,309.6,1726,30,147,0,treino,100-199 min
2921,L,300.7,309.7,1598,33.7,149,0,validacao,100-199 min
2922,L,300.8,309.8,1657,31.1,151,0,treino,100-199 min
2923,L,300.8,309.7,1481,38.1,153,0,teste,100-199 min
2924,M,300.7,309.7,1397,51.3,155,0,treino,100-199 min
2925,L,300.8,309.7,1461,44.3,158,0,treino,100-199 min
2926,M,300.7,309.6,1388,51.1,160,0,treino,100-199 min
2927,L,300.7,309.7,1507,52.4,163,0,treino,100-199 min
2928,M,300.7,309.6,1421,49.8,165,0,treino,100-199 min
2929,M,300.8,309.7,1258,54.9,168,0,validacao,100-199 min
2930,M,300.8,309.7,1482,39,171,0,treino,100-199 min
2931,H,300.7,309.6,1403,51.3,174,0,treino,100-199 min
2932,L,300.8,309.7,1373,45.4,179,0,treino,100-199 min
2933,L,300.9,309.7,1460,42.1,181,0,treino,100-199 min
2934,M,300.8,309.7,1751,27.9,183,0,treino,100-199 min
2935,M,300.8,309.6,1546,42.3,186,0,validacao,100-199 min
2936,M,300.8,309.7,1680,28.2,189,0,treino,100-199 min
2937,M,300.9,309.7,1394,48.8,192,0,teste,100-199 min
2938,L,300.7,309.6,1810,26,195,0,treino,100-199 min
2939,L,300.7,309.5,1479,34.5,197,0,treino,100-199 min
2940,L,300.9,309.7,1431,41.4,199,0,teste,100-199 min
2941,L,300.9,309.7,2355,14.4,201,0,validacao,200+ min
2942,M,300.7,309.6,1996,19.8,203,1,teste,200+ min
2943,L,300.7,309.5,1461,49.9,0,0,validacao,0-99 min
2944,H,300.7,309.5,2007,19.7,2,0,teste,0-99 min
2945,L,300.7,309.6,1505,34.9,7,0,treino,0-99 min
2946,H,300.7,309.6,1925,20.5,9,0,teste,0-99 min
2947,M,300.7,309.5,1622,30.5,14,0,teste,0-99 min
2948,L,300.7,309.5,1592,29,17,0,treino,0-99 min
2949,L,300.7,309.5,1850,24.5,19,0,treino,0-99 min
2950,M,300.7,309.5,1470,48.7,21,0,teste,0-99 min
2951,M,300.7,309.5,1445,46.4,24,0,treino,0-99 min
2952,L,300.7,309.5,1685,31.1,27,0,treino,0-99 min
2953,H,300.7,309.5,1667,30.5,29,0,teste,0-99 min
2954,L,300.7,309.5,1578,35.4,34,0,treino,0-99 min
2955,H,300.6,309.4,1691,28,36,0,treino,0-99 min
2956,M,300.7,309.5,1439,43.8,41,0,treino,0-99 min
2957,M,300.8,309.6,1404,38.7,44,0,treino,0-99 min
2958,L,300.8,309.6,1498,45.8,47,0,validacao,0-99 min
2959,M,300.8,309.5,1481,44.5,49,0,treino,0-99 min
2960,M,300.7,309.4,1589,35,52,0,validacao,0-99 min
2961,L,300.7,309.5,1467,44.3,55,0,treino,0-99 min
2962,L,300.6,309.4,1654,32.8,57,0,treino,0-99 min
2963,L,300.7,309.5,1508,39.9,59,0,validacao,0-99 min
2964,M,300.7,309.6,1439,43,61,0,teste,0-99 min
2965,L,300.7,309.5,1692,30.3,64,0,treino,0-99 min
2966,M,300.7,309.5,1838,24.9,66,0,teste,0-99 min
2967,L,300.6,309.3,1601,40.2,69,0,treino,0-99 min
2968,L,300.6,309.4,1369,51.6,71,0,treino,0-99 min
2969,M,300.6,309.4,1312,45.2,73,0,validacao,0-99 min
2970,L,300.6,309.4,1468,44.1,76,0,validacao,0-99 min
2971,M,300.6,309.4,1452,39.4,78,0,teste,0-99 min
2972,M,300.7,309.5,1393,43.9,81,0,treino,0-99 min
2973,M,300.6,309.4,1432,44.2,84,0,teste,0-99 min
2974,M,300.6,309.3,1510,46,87,0,treino,0-99 min
2975,M,300.6,309.4,1521,37.2,90,0,validacao,0-99 min
2976,H,300.5,309.4,1360,46.2,93,0,validacao,0-99 min
2977,M,300.5,309.3,1881,25.5,98,0,treino,0-99 min
2978,L,300.4,309.3,1413,50.3,101,0,validacao,100-199 min
2979,H,300.5,309.4,1642,36.2,103,0,treino,100-199 min
2980,L,300.5,309.5,1542,38.5,108,0,treino,100-199 min
2981,L,300.4,309.5,1447,39.3,110,0,treino,100-199 min
2982,H,300.4,309.4,1530,40.4,112,0,validacao,100-199 min
2983,L,300.5,309.5,1795,27.7,117,0,validacao,100-199 min
2984,L,300.6,309.6,1290,57.4,119,0,treino,100-199 min
2985,L,300.6,309.7,1639,30.4,121,0,treino,100-199 min
2986,L,300.7,309.8,1596,31.5,123,0,teste,100-199 min
2987,L,300.6,309.8,1455,48,125,0,validacao,100-199 min
2988,M,300.6,309.8,1659,28.9,127,0,treino,100-199 min
2989,M,300.6,309.8,1532,42.5,130,0,teste,100-199 min
2990,L,300.6,309.8,1502,42.4,133,0,treino,100-199 min
2991,L,300.6,309.8,1688,28.6,135,0,treino,100-199 min
2992,M,300.5,309.7,1341,50.9,137,0,treino,100-199 min
2993,M,300.5,309.7,1685,29.4,140,0,treino,100-199 min
2994,M,300.5,309.8,1370,55.9,143,0,validacao,100-199 min
2995,L,300.5,309.8,1461,52.5,146,0,teste,100-199 min
2996,L,300.5,309.8,1550,37.4,148,0,treino,100-199 min
2997,M,300.5,309.8,1508,37.8,150,0,treino,100-199 min
2998,L,300.5,309.8,1345,62.7,153,0,teste,100-199 min
2999,L,300.5,309.7,1616,34.5,155,0,validacao,100-199 min
3000,L,300.5,309.7,1395,61,157,0,treino,100-199 min
3001,H,300.5,309.8,1324,72.8,159,1,treino,100-199 min
3002,L,300.5,309.8,1445,43.9,164,0,treino,100-199 min
3003,M,300.5,309.8,1555,38.9,166,0,treino,100-199 min
3004,M,300.6,309.9,1449,42.4,169,0,validacao,100-199 min
3005,M,300.5,309.9,1466,53.2,172,0,treino,100-199 min
3006,L,300.5,309.9,1503,37.4,175,0,validacao,100-199 min
3007,L,300.4,309.7,1488,35.7,177,0,teste,100-199 min
3008,L,300.4,309.7,1314,50.2,179,0,treino,100-199 min
3009,M,300.4,309.7,1547,38,181,0,treino,100-199 min
3010,M,300.4,309.7,1466,39.8,184,0,treino,100-199 min
3011,L,300.3,309.6,1537,37.1,187,0,treino,100-199 min
3012,M,300.2,309.5,1434,51.5,189,0,treino,100-199 min
3013,L,300.4,309.6,1432,44.7,192,0,treino,100-199 min
3014,L,300.5,309.6,1390,48.4,194,0,teste,100-199 min
3015,L,300.5,309.7,1580,42.8,196,0,treino,100-199 min
3016,L,300.5,309.7,1589,30.5,198,0,treino,100-199 min
3017,L,300.5,309.8,1441,48.8,200,0,validacao,200+ min
3018,L,300.5,309.8,1305,51.7,202,0,treino,200+ min
3019,M,300.5,309.8,1566,35.9,204,0,treino,200+ min
3020,L,300.5,309.8,1379,54.2,207,1,treino,200+ min
3021,L,300.4,309.6,1543,38.1,209,0,treino,200+ min
3022,L,300.5,309.8,1421,49.6,211,0,validacao,200+ min
3023,L,300.5,309.6,1760,30.6,213,0,teste,200+ min
3024,L,300.4,309.5,1711,29.2,215,0,treino,200+ min
3025,L,300.5,309.6,1465,41.6,217,0,treino,200+ min
3026,L,300.5,309.6,1366,50.2,219,0,treino,200+ min
3027,M,300.4,309.5,1888,21.9,221,0,teste,200+ min
3028,L,300.5,309.5,1777,23.6,0,0,validacao,0-99 min
3029,L,300.5,309.5,1379,55.6,2,0,treino,0-99 min
3030,L,300.4,309.5,1525,51.3,4,0,treino,0-99 min
3031,M,300.4,309.6,1563,34,6,0,validacao,0-99 min
3032,M,300.5,309.7,1389,43.3,9,0,validacao,0-99 min
3033,M,300.6,309.8,1447,42.9,12,0,teste,0-99 min
3034,M,300.6,309.7,1934,22.8,15,0,treino,0-99 min
3035,H,300.6,309.7,1470,43.8,18,0,teste,0-99 min
3036,M,300.6,309.7,1428,42.6,23,0,treino,0-99 min
3037,L,300.4,309.6,1319,48.1,26,0,validacao,0-99 min
3038,L,300.5,309.7,1887,24.3,28,0,teste,0-99 min
3039,L,300.4,309.5,1349,50.4,30,0,validacao,0-99 min
3040,M,300.3,309.5,1665,31.4,32,0,treino,0-99 min
3041,L,300.3,309.5,1474,38.7,35,0,treino,0-99 min
3042,L,300.4,309.5,1543,38.9,37,0,treino,0-99 min
3043,M,300.2,309.4,1459,43.9,39,0,treino,0-99 min
3044,L,300.3,309.5,1551,37.9,42,0,teste,0-99 min
3045,L,300.2,309.4,1981,21.4,44,0,treino,0-99 min
3046,L,300.2,309.4,1526,35.3,46,0,teste,0-99 min
3047,M,300.2,309.4,1501,40,48,0,treino,0-99 min
3048,L,300.2,309.4,1558,38.3,51,0,teste,0-99 min
3049,L,300.2,309.3,1532,43.2,53,0,treino,0-99 min
3050,L,300.1,309.2,1326,55.9,55,0,treino,0-99 min
3051,L,300.2,309.2,1431,51.3,57,0,treino,0-99 min
3052,L,300.2,309.3,1366,49.3,59,0,teste,0-99 min
3053,L,300.1,309.2,1421,42.5,61,0,teste,0-99 min
3054,H,300.2,309.3,1506,35.6,63,0,treino,0-99 min
3055,H,300.2,309.3,1342,48.7,68,0,treino,0-99 min
3056,L,300.1,309.2,1427,37.6,73,0,teste,0-99 min
3057,L,300.2,309.2,1667,29.9,75,0,treino,0-99 min
3058,L,300.1,309.1,1400,46.7,77,0,validacao,0-99 min
3059,L,300,309,1709,32.1,79,0,treino,0-99 min
3060,M,300,309,1368,45.8,81,0,teste,0-99 min
3061,L,300,309.1,1882,23.8,84,0,treino,0-99 min
3062,L,300.1,309.1,1353,58.7,86,0,treino,0-99 min
3063,L,299.9,309,1553,40,88,0,validacao,0-99 min
3064,L,300,309.1,1431,45.4,90,0,treino,0-99 min
3065,M,300.1,309.1,1731,30.4,92,0,treino,0-99 min
3066,M,300.1,309.2,1687,27.7,95,0,teste,0-99 min
3067,M,300.1,309.2,1457,44.3,98,0,validacao,0-99 min
3068,L,300.1,309.2,1533,37,101,0,validacao,100-199 min
3069,H,300,309,1622,31.8,103,0,treino,100-199 min
3070,L,300,309.1,1791,28.2,108,0,treino,100-199 min
3071,L,300,309.1,1631,28.3,110,0,treino,100-199 min
3072,L,300,309,2174,16.9,112,0,treino,100-199 min
3073,L,300.1,309,1314,58.2,114,0,treino,100-199 min
3074,L,300.1,309.1,1478,46.9,116,0,treino,100-199 min
3075,L,300.1,309.2,1783,27.3,118,0,treino,100-199 min
3076,M,300.1,309.2,1385,46.1,120,0,treino,100-199 min
3077,L,300,309.2,1444,43.6,123,0,validacao,100-199 min
3078,L,300.1,309.3,1841,23,125,0,treino,100-199 min
3079,M,300.1,309.4,1349,56.2,127,0,treino,100-199 min
3080,L,300.1,309.3,1340,56,130,0,treino,100-199 min
3081,M,299.9,309.2,1539,43.2,132,0,teste,100-199 min
3082,M,300,309.3,1932,21.8,135,0,teste,100-199 min
3083,M,300,309.3,1407,43.9,138,0,treino,100-199 min
3084,L,300.1,309.3,1712,28.5,141,0,treino,100-199 min
3085,H,300.1,309.4,1329,55.2,143,0,treino,100-199 min
3086,L,300.1,309.2,1441,42.9,148,0,teste,100-199 min
3087,L,300,309.2,1610,32.1,150,0,treino,100-199 min
3088,M,300,309.1,1474,45.2,152,0,treino,100-199 min
3089,M,300,309.1,1624,30.8,155,0,treino,100-199 min
3090,H,300.1,309.3,1520,38.2,158,0,treino,100-199 min
3091,H,300.1,309.3,1448,45.8,163,0,treino,100-199 min
3092,L,300,309.3,1558,29.7,168,0,teste,100-199 min
3093,M,300,309.3,2293,16.3,170,0,validacao,100-199 min
3094,L,300,309.3,1397,51.2,173,0,treino,100-199 min
3095,L,300,309.3,1972,22,175,0,treino,100-199 min
3096,M,299.9,309.2,1574,36.5,177,0,validacao,100-199 min
3097,L,299.9,309.2,1560,38.9,180,0,teste,100-199 min
3098,M,299.9,309.2,1353,49.8,182,0,validacao,100-199 min
3099,M,299.9,309.2,1389,51.2,185,0,teste,100-199 min
3100,M,299.9,309.1,1513,43.8,188,0,treino,100-199 min
3101,L,299.8,309.1,1578,42.1,191,0,treino,100-199 min
3102,H,299.8,309,1467,37.3,193,0,treino,100-199 min
3103,L,299.9,309.1,1412,48.3,198,0,treino,100-199 min
3104,L,299.8,309.1,1668,30.3,200,0,treino,200+ min
3105,M,299.8,309.2,1678,29.8,202,0,teste,200+ min
3106,L,299.8,309.1,1612,35.4,205,0,treino,200+ min
3107,L,299.8,309.1,1485,39.9,207,0,teste,200+ min
3108,M,299.8,309.1,1456,39.4,209,0,treino,200+ min
3109,L,299.8,309.2,1504,38.7,212,0,validacao,200+ min
3110,L,299.9,309.2,1491,44.3,214,0,treino,200+ min
3111,H,299.9,309.2,1525,33.2,0,0,treino,0-99 min
3112,L,300,309.2,1759,27.9,5,0,treino,0-99 min
3113,M,299.8,309.1,1355,56.7,7,0,treino,0-99 min
3114,M,299.9,309.1,1345,56.8,10,0,validacao,0-99 min
3115,M,299.9,309.2,1683,30.5,13,0,treino,0-99 min
3116,L,299.9,309.2,1658,34.8,16,0,validacao,0-99 min
3117,L,300,309.2,1566,34.4,18,0,treino,0-99 min
3118,M,300.1,309.3,1469,43.9,20,0,teste,0-99 min
3119,M,300.2,309.5,1458,46.9,23,0,teste,0-99 min
3120,L,300.1,309.4,1858,23.6,26,0,validacao,0-99 min
3121,H,300.1,309.4,1563,40.8,28,0,treino,0-99 min
3122,L,300.1,309.4,2141,17.9,33,0,treino,0-99 min
3123,L,300,309.3,1473,46,35,0,treino,0-99 min
3124,H,300,309.4,1498,38.5,37,0,treino,0-99 min
3125,L,300.1,309.4,1568,39.7,42,0,validacao,0-99 min
3126,L,300.1,309.4,1694,27.4,44,0,validacao,0-99 min
3127,L,300,309.4,1499,35.7,46,0,validacao,0-99 min
3128,L,300,309.5,1717,28.3,48,0,teste,0-99 min
3129,M,300.1,309.5,1462,42.8,50,0,teste,0-99 min
3130,L,300.1,309.6,1642,34.5,53,0,treino,0-99 min
3131,L,300.1,309.6,1760,25.4,55,0,teste,0-99 min
3132,L,300.1,309.5,1660,32.7,57,0,treino,0-99 min
3133,L,300.1,309.5,1557,40.6,59,0,teste,0-99 min
3134,H,300.2,309.6,1442,49.2,61,0,validacao,0-99 min
3135,L,300.2,309.6,1359,51.5,66,0,validacao,0-99 min
3136,L,300.4,309.8,1342,52.5,68,0,treino,0-99 min
3137,L,300.4,309.9,1435,54.8,70,0,treino,0-99 min
3138,L,300.4,309.9,1567,36.5,72,0,treino,0-99 min
3139,L,300.4,309.9,1376,43.5,74,0,treino,0-99 min
3140,H,300.4,309.9,1513,38.7,76,0,treino,0-99 min
3141,H,300.4,309.9,2563,12.8,81,1,treino,0-99 min
3142,L,300.5,310,1521,45.1,86,0,treino,0-99 min
3143,L,300.6,310,1658,34.7,88,0,treino,0-99 min
3144,H,300.6,310,1419,42.4,90,0,validacao,0-99 min
3145,M,300.6,310,1478,36.3,95,0,teste,0-99 min
3146,M,300.5,310,1415,43.5,98,0,treino,0-99 min
3147,M,300.5,309.9,1780,26.5,101,0,treino,100-199 min
3148,M,300.4,309.7,1440,42.8,104,0,treino,100-199 min
3149,H,300.4,309.8,1448,39.7,107,0,treino,100-199 min
3150,H,300.4,309.7,1500,35.2,112,0,teste,100-199 min
3151,L,300.4,309.8,1513,32.9,117,0,teste,100-199 min
3152,L,300.5,309.8,1428,43.8,119,0,treino,100-199 min
3153,M,300.5,309.8,1473,42.3,121,0,treino,100-199 min
3154,M,300.5,309.9,1483,49.3,124,0,validacao,100-199 min
3155,L,300.4,309.7,1534,42.5,127,0,treino,100-199 min
3156,L,300.5,309.8,1367,54,129,0,treino,100-199 min
3157,L,300.4,309.7,1467,36.9,131,0,treino,100-199 min
3158,M,300.4,309.7,1488,42.2,133,0,treino,100-199 min
3159,L,300.4,309.7,1679,30.1,136,0,teste,100-199 min
3160,H,300.4,309.8,1409,47.5,138,0,validacao,100-199 min
3161,M,300.4,309.7,1367,51.2,143,0,treino,100-199 min
3162,L,300.4,309.8,1314,63.1,146,0,treino,100-199 min
3163,L,300.5,309.9,1480,40,148,0,treino,100-199 min
3164,L,300.4,309.8,1549,38.9,150,0,teste,100-199 min
3165,L,300.4,309.7,1685,31.3,152,0,validacao,100-199 min
3166,L,300.4,309.6,1536,34.5,154,0,treino,100-199 min
3167,M,300.4,309.7,1539,37.7,156,0,treino,100-199 min
3168,L,300.4,309.7,1384,45.1,159,0,treino,100-199 min
3169,M,300.4,309.6,1614,30.3,161,0,validacao,100-199 min
3170,M,300.4,309.6,1675,35.5,164,0,treino,100-199 min
3171,M,300.4,309.7,1685,32.3,167,0,teste,100-199 min
3172,L,300.4,309.6,1386,56.9,170,0,validacao,100-199 min
3173,M,300.3,309.6,1488,41.3,172,0,treino,100-199 min
3174,L,300.3,309.6,1624,32.6,175,0,treino,100-199 min
3175,L,300.3,309.6,1600,34.6,177,0,treino,100-199 min
3176,L,300.3,309.6,1468,44.7,179,0,treino,100-199 min
3177,L,300.3,309.6,1435,45.4,181,0,teste,100-199 min
3178,M,300.2,309.5,1564,33.4,183,0,treino,100-199 min
3179,M,300.2,309.4,1329,53.6,186,0,treino,100-199 min
3180,L,300.1,309.3,1570,36.8,189,0,treino,100-199 min
3181,M,300.2,309.4,1433,48.8,191,0,treino,100-199 min
3182,L,300.2,309.4,1527,37,194,0,teste,100-199 min
3183,M,300.1,309.3,1443,50.3,196,0,treino,100-199 min
3184,L,300.1,309.3,1616,32,199,0,treino,100-199 min
3185,L,300.1,309.3,1654,31,201,0,treino,200+ min
3186,L,300.1,309.3,1685,27.1,203,0,teste,200+ min
3187,M,300.2,309.4,1456,48.8,205,0,treino,200+ min
3188,M,300.2,309.4,1752,27.8,208,0,treino,200+ min
3189,M,300.1,309.2,1438,51,211,0,treino,200+ min
3190,L,300.1,309.1,1551,33.7,214,0,treino,200+ min
3191,L,300.1,309.2,1599,30.1,216,0,treino,200+ min
3192,M,300.1,309.2,1732,33.7,218,0,validacao,200+ min
3193,M,300.1,309.2,1418,39.8,221,0,validacao,200+ min
3194,L,300,309.1,1401,44.5,0,0,treino,0-99 min
3195,L,300,309,1454,51.7,2,0,teste,0-99 min
3196,M,300,309.2,1635,32.4,4,0,treino,0-99 min
3197,L,300,309.1,1489,40.3,7,0,treino,0-99 min
3198,L,300,309.1,1465,40.6,9,0,treino,0-99 min
3199,M,300,309.1,1463,45.7,11,0,treino,0-99 min
3200,H,300.1,309.1,1560,35.4,14,0,treino,0-99 min
3201,M,300.1,309.2,1454,44.4,19,0,treino,0-99 min
3202,L,300.2,309.1,1479,47,22,0,teste,0-99 min
3203,L,300.2,309.2,1430,43.4,24,0,treino,0-99 min
3204,M,300.1,309.1,1533,38,26,0,treino,0-99 min
3205,L,300.1,309,1404,54.8,29,0,treino,0-99 min
3206,M,300.1,308.9,1548,38.4,31,0,treino,0-99 min
3207,M,300.1,309,1612,33,34,0,validacao,0-99 min
3208,M,300.2,309,1642,31.2,37,0,validacao,0-99 min
3209,M,300.2,309.1,1406,42.2,40,0,treino,0-99 min
3210,L,300.3,309.2,1587,31.4,43,0,treino,0-99 min
3211,M,300.3,309.2,1364,47.6,45,0,validacao,0-99 min
3212,L,300.3,309.2,1462,51.4,48,0,treino,0-99 min
3213,L,300.3,309.2,1649,32.4,50,0,validacao,0-99 min
3214,L,300.4,309.2,1752,29,52,0,validacao,0-99 min
3215,H,300.4,309.3,1396,51.2,54,0,treino,0-99 min
3216,M,300.5,309.4,2179,16.3,59,0,treino,0-99 min
3217,L,300.5,309.5,1653,27.6,62,0,validacao,0-99 min
3218,L,300.6,309.5,2025,21.4,64,0,treino,0-99 min
3219,L,300.6,309.6,1426,53.6,66,0,teste,0-99 min
3220,M,300.6,309.6,1503,38.4,68,0,treino,0-99 min
3221,M,300.7,309.6,1525,36.5,71,0,treino,0-99 min
3222,L,300.6,309.6,1423,49.1,74,0,teste,0-99 min
3223,M,300.7,309.7,1435,44.7,76,0,validacao,0-99 min
3224,H,300.6,309.5,1495,36.5,79,0,treino,0-99 min
3225,M,300.6,309.5,1557,33.8,84,0,teste,0-99 min
3226,L,300.6,309.4,1474,40.7,87,0,validacao,0-99 min
3227,L,300.5,309.3,1465,46,89,0,validacao,0-99 min
3228,M,300.5,309.3,1589,34.9,91,0,treino,0-99 min
3229,L,300.5,309.3,1475,46.8,94,0,treino,0-99 min
3230,L,300.6,309.4,1442,43.2,96,0,teste,0-99 min
3231,L,300.6,309.4,1556,36,98,0,treino,0-99 min
3232,L,300.7,309.3,1425,45.3,100,0,treino,100-199 min
3233,L,300.7,309.3,1580,38.3,102,0,teste,100-199 min
3234,H,300.8,309.4,1474,40.7,104,0,validacao,100-199 min
3235,L,300.8,309.4,1489,38.4,109,0,teste,100-199 min
3236,L,300.8,309.4,1946,20.5,111,0,treino,100-199 min
3237,M,300.8,309.4,1342,62.4,113,1,treino,100-199 min
3238,M,300.9,309.5,1758,26.8,116,0,treino,100-199 min
3239,M,300.9,309.4,1724,25.6,119,0,treino,100-199 min
3240,L,301,309.5,1430,48.5,122,0,treino,100-199 min
3241,L,300.9,309.5,1612,35.2,124,0,treino,100-199 min
3242,H,300.9,309.5,1469,43.4,126,0,treino,100-199 min
3243,L,300.9,309.6,1384,42.4,131,0,treino,100-199 min
3244,L,301,309.6,1724,28.1,133,0,treino,100-199 min
3245,M,301,309.6,1397,48,135,0,treino,100-199 min
3246,M,301,309.6,1588,32.7,138,0,treino,100-199 min
3247,L,301,309.7,1468,42,141,0,treino,100-199 min
3248,M,301,309.8,1594,31.1,143,0,treino,100-199 min
3249,M,301,309.7,1511,39.3,146,0,teste,100-199 min
3250,L,301.1,309.8,1493,38.9,149,0,treino,100-199 min
3251,H,301.2,309.8,1709,27,151,0,treino,100-199 min
3252,L,301.1,309.6,1501,36.1,156,0,teste,100-199 min
3253,L,301.1,309.7,1668,30.8,158,0,teste,100-199 min
3254,L,301.1,309.6,1502,48.9,160,0,treino,100-199 min
3255,M,301,309.7,1288,58.4,162,0,treino,100-199 min
3256,L,301,309.7,1491,42.9,165,0,teste,100-199 min
3257,L,301.1,309.8,1519,39.6,167,0,teste,100-199 min
3258,L,301.2,309.9,1984,19.7,169,0,teste,100-199 min
3259,L,301.2,309.9,1643,32.9,171,0,treino,100-199 min
3260,M,301.2,310,1625,31.6,173,0,treino,100-199 min
3261,M,301.3,310,2068,17.8,176,0,treino,100-199 min
3262,H,301.3,310.1,1469,39.7,179,0,treino,100-199 min
3263,L,301.3,310.1,1558,36.3,184,0,validacao,100-199 min
3264,L,301.3,310,1344,54.8,186,0,validacao,100-199 min
3265,H,301.3,310.1,1455,44.1,188,0,teste,100-199 min
3266,L,301.3,310.1,1355,53.6,193,0,treino,100-199 min
3267,L,301.3,310.1,1269,56.8,195,1,treino,100-199 min
3268,L,301.3,310,1550,41.5,197,0,teste,100-199 min
3269,M,301.3,310.1,1525,37.8,199,0,treino,100-199 min
3270,M,301.3,310,1696,32.4,202,0,treino,200+ min
3271,L,301.4,310.1,1937,21.8,205,0,treino,200+ min
3272,M,301.4,310,1689,32.1,207,0,teste,200+ min
3273,M,301.3,310,1593,30.8,210,0,treino,200+ min
3274,M,301.3,309.9,1565,36,213,0,validacao,200+ min
3275,L,301.3,310,1665,31.4,0,0,treino,0-99 min
3276,H,301.3,310,1532,36.3,2,0,treino,0-99 min
3277,L,301.3,310,1438,40.9,7,0,treino,0-99 min
3278,L,301.3,310.1,1531,41.6,9,0,validacao,0-99 min
3279,L,301.3,310,1506,40.8,11,0,validacao,0-99 min
3280,L,301.2,309.9,1382,52.4,13,0,treino,0-99 min
3281,M,301.2,309.9,1456,50.8,15,0,treino,0-99 min
3282,M,301.2,310,1445,45.6,18,0,treino,0-99 min
3283,L,301.2,309.9,1515,40.9,21,0,treino,0-99 min
3284,L,301.2,309.9,1449,45.5,23,0,validacao,0-99 min
3285,H,301.2,309.9,1362,50.7,25,0,treino,0-99 min
3286,L,301.2,309.9,1687,29.7,30,0,validacao,0-99 min
3287,L,301.2,310,1618,37.6,32,0,treino,0-99 min
3288,M,301.2,310.1,1558,32.6,34,0,treino,0-99 min
3289,L,301.3,310.1,1662,31,37,0,validacao,0-99 min
3290,M,301.2,310.1,1295,56.6,39,0,treino,0-99 min
3291,L,301.2,310.2,1385,42.3,42,0,treino,0-99 min
3292,M,301.2,310.1,1479,45.5,44,0,treino,0-99 min
3293,L,301.3,310.3,1400,44.3,47,0,treino,0-99 min
3294,M,301.2,310.3,1357,54.5,49,0,treino,0-99 min
3295,L,301.1,310.2,1657,34.1,52,0,treino,0-99 min
3296,L,301.1,310.2,1496,43.4,54,0,teste,0-99 min
3297,M,301.2,310.3,1379,43.2,56,0,treino,0-99 min
3298,L,301.2,310.3,1548,38.6,59,0,treino,0-99 min
3299,L,301.2,310.3,1499,38.1,61,0,validacao,0-99 min
3300,L,301.3,310.5,1390,45.8,63,0,validacao,0-99 min
3301,H,301.3,310.4,1538,38.4,65,0,validacao,0-99 min
3302,L,301.3,310.5,1365,47.7,70,0,validacao,0-99 min
3303,L,301.3,310.5,1503,48.6,72,0,teste,0-99 min
3304,L,301.2,310.4,1390,49.9,74,0,teste,0-99 min
3305,L,301.2,310.3,1497,45.7,76,0,treino,0-99 min
3306,M,301.3,310.4,1577,48.3,78,0,treino,0-99 min
3307,L,301.4,310.5,1432,54.3,81,0,treino,0-99 min
3308,M,301.4,310.5,1563,39.9,83,0,teste,0-99 min
3309,L,301.4,310.4,1433,43.4,86,0,validacao,0-99 min
3310,L,301.3,310.4,1384,50.1,88,0,teste,0-99 min
3311,L,301.3,310.4,1346,46.7,90,0,validacao,0-99 min
3312,L,301.3,310.4,1459,44.7,92,0,teste,0-99 min
3313,L,301.4,310.4,1639,28.9,94,0,treino,0-99 min
3314,L,301.4,310.4,1737,31.9,96,0,validacao,0-99 min
3315,L,301.4,310.5,1489,43.5,98,0,treino,0-99 min
3316,M,301.5,310.6,1492,43,100,0,treino,100-199 min
3317,M,301.4,310.5,1217,60.6,103,0,treino,100-199 min
3318,L,301.5,310.5,1636,28.7,106,0,treino,100-199 min
3319,L,301.4,310.4,1436,49.7,108,0,teste,100-199 min
3320,L,301.4,310.4,1689,30.6,110,0,treino,100-199 min
3321,L,301.5,310.5,2289,16.4,112,0,teste,100-199 min
3322,L,301.5,310.6,1522,41,114,0,teste,100-199 min
3323,L,301.5,310.5,1351,52.9,116,0,treino,100-199 min
3324,L,301.5,310.5,1589,36.7,118,0,treino,100-199 min
3325,L,301.5,310.6,1578,34.1,120,0,treino,100-199 min
3326,L,301.5,310.6,1587,33.7,122,0,treino,100-199 min
3327,L,301.5,310.6,1962,20.2,124,0,validacao,100-199 min
3328,M,301.5,310.6,2432,14.2,126,0,treino,100-199 min
3329,L,301.6,310.6,1418,43.9,129,0,teste,100-199 min
3330,L,301.6,310.7,1683,29.7,131,0,treino,100-199 min
3331,L,301.7,310.8,1385,50.7,133,0,treino,100-199 min
3332,L,301.7,310.8,1559,44.5,135,0,treino,100-199 min
3333,M,301.7,310.8,1671,31.6,137,0,treino,100-199 min
3334,M,301.6,310.8,1343,49.5,140,0,treino,100-199 min
3335,M,301.6,310.8,1548,34.2,143,0,treino,100-199 min
3336,L,301.7,310.9,1705,31.2,146,0,treino,100-199 min
3337,L,301.6,310.8,1535,35.4,148,0,validacao,100-199 min
3338,L,301.6,310.8,1564,34.1,150,0,treino,100-199 min
3339,M,301.6,310.9,1510,40.9,152,0,validacao,100-199 min
3340,L,301.6,310.9,1492,45.2,155,0,treino,100-199 min
3341,M,301.5,310.8,1452,44.1,157,0,treino,100-199 min
3342,H,301.4,310.7,1329,52,160,0,validacao,100-199 min
3343,L,301.5,310.8,1382,52.4,165,0,treino,100-199 min
3344,M,301.5,310.8,1628,36.4,167,0,validacao,100-199 min
3345,L,301.4,310.7,1706,27.9,170,0,validacao,100-199 min
3346,L,301.3,310.7,1594,34.1,172,0,teste,100-199 min
3347,L,301.3,310.7,1761,24.3,174,0,teste,100-199 min
3348,L,301.3,310.6,1529,41.8,176,0,validacao,100-199 min
3349,M,301.3,310.7,1532,40.7,178,0,treino,100-199 min
3350,L,301.4,310.7,1673,27.8,181,0,treino,100-199 min
3351,L,301.4,310.8,1285,62.6,183,1,treino,100-199 min
3352,L,301.4,310.8,1680,31.4,185,0,validacao,100-199 min
3353,L,301.4,310.8,1610,34.6,187,0,treino,100-199 min
3354,L,301.6,310.9,1632,31.6,189,0,validacao,100-199 min
3355,L,301.6,310.9,1559,40.2,191,0,validacao,100-199 min
3356,L,301.5,310.8,1367,49,193,0,treino,100-199 min
3357,L,301.6,310.8,1355,57.8,195,1,treino,100-199 min
3358,H,301.6,310.7,1414,51.7,197,0,treino,100-199 min
3359,L,301.5,310.6,1522,36.6,202,0,treino,200+ min
3360,L,301.5,310.6,1525,41.9,204,0,validacao,200+ min
3361,L,301.5,310.6,1394,46.5,206,0,treino,200+ min
3362,L,301.5,310.6,1519,40.7,208,0,validacao,200+ min
3363,L,301.4,310.6,1445,43.9,210,0,treino,200+ min
3364,L,301.4,310.6,1555,43.3,212,0,treino,200+ min
3365,L,301.4,310.5,1633,39.5,0,0,treino,0-99 min
3366,M,301.4,310.6,1630,30.3,2,0,treino,0-99 min
3367,M,301.4,310.7,1692,32.3,5,0,validacao,0-99 min
3368,H,301.5,310.7,1790,26.2,8,0,validacao,0-99 min
3369,L,301.5,310.8,1350,58.5,13,0,validacao,0-99 min
3370,L,301.5,310.9,2760,8,15,1,treino,0-99 min
3371,L,301.4,310.7,1584,32.2,17,0,treino,0-99 min
3372,L,301.4,310.7,1989,21.8,19,0,validacao,0-99 min
3373,L,301.4,310.8,1431,44.3,21,0,treino,0-99 min
3374,L,301.4,310.7,1568,35.2,23,0,teste,0-99 min
3375,L,301.4,310.7,1376,50.6,25,0,treino,0-99 min
3376,M,301.4,310.6,1459,46.9,27,0,treino,0-99 min
3377,M,301.5,310.8,1385,47.5,30,0,teste,0-99 min
3378,H,301.5,310.8,1591,29.6,33,0,validacao,0-99 min
3379,L,301.5,310.7,1568,33.1,38,0,treino,0-99 min
3380,M,301.4,310.7,1459,37.7,40,0,treino,0-99 min
3381,L,301.4,310.7,1590,36.3,43,0,treino,0-99 min
3382,L,301.3,310.6,1376,47.6,45,0,validacao,0-99 min
3383,L,301.3,310.6,1510,38.5,47,0,teste,0-99 min
3384,H,301.4,310.6,1674,33.6,49,0,validacao,0-99 min
3385,L,301.3,310.6,1426,40.7,54,0,treino,0-99 min
3386,L,301.5,310.7,1466,43.6,56,0,treino,0-99 min
3387,H,301.5,310.8,1474,38.7,58,0,teste,0-99 min
3388,M,301.6,310.8,1290,65.3,63,0,treino,0-99 min
3389,M,301.7,310.9,1435,48,66,0,treino,0-99 min
3390,M,301.5,310.7,1416,53.2,69,0,validacao,0-99 min
3391,H,301.5,310.7,1599,40.4,72,0,validacao,0-99 min
3392,L,301.5,310.7,1466,47.3,77,0,treino,0-99 min
3393,L,301.5,310.7,1408,47.3,79,0,teste,0-99 min
3394,L,301.5,310.6,1490,48.1,81,0,treino,0-99 min
3395,L,301.5,310.6,1405,42.3,83,0,validacao,0-99 min
3396,L,301.4,310.5,1647,33.3,85,0,treino,0-99 min
3397,M,301.4,310.6,1459,35,87,0,treino,0-99 min
3398,L,301.4,310.6,1648,30.7,90,0,treino,0-99 min
3399,L,301.4,310.7,1675,30.7,92,0,treino,0-99 min
3400,L,301.4,310.7,1605,34.2,94,0,validacao,0-99 min
3401,H,301.4,310.7,1536,44.4,96,0,validacao,0-99 min
3402,M,301.4,310.7,1617,34.3,101,0,treino,100-199 min
3403,L,301.4,310.6,1347,53.3,104,0,treino,100-199 min
3404,L,301.3,310.5,1337,52.7,106,0,treino,100-199 min
3405,L,301.3,310.4,1695,30.9,108,0,validacao,100-199 min
3406,M,301.3,310.4,1635,32.5,110,0,treino,100-199 min
3407,L,301.2,310.4,1470,44,113,0,teste,100-199 min
3408,L,301.2,310.4,1381,49.8,115,0,validacao,100-199 min
3409,M,301.2,310.4,1382,41.6,117,0,treino,100-199 min
3410,M,301.2,310.4,1697,30,120,0,teste,100-199 min
3411,L,301.2,310.3,1451,39.7,123,0,validacao,100-199 min
3412,L,301.3,310.3,1419,55.7,125,0,treino,100-199 min
3413,L,301.3,310.3,1313,55.6,127,0,teste,100-199 min
3414,L,301.3,310.3,1560,36.3,129,0,treino,100-199 min
3415,L,301.3,310.3,1555,41.2,131,0,validacao,100-199 min
3416,L,301.4,310.4,1579,36.9,133,0,treino,100-199 min
3417,L,301.5,310.5,1435,44.6,135,0,treino,100-199 min
3418,L,301.6,310.6,1621,33.7,137,0,teste,100-199 min
3419,H,301.6,310.6,1555,40.4,139,0,treino,100-199 min
3420,L,301.5,310.5,1611,33.8,144,0,validacao,100-199 min
3421,L,301.6,310.6,1834,23.5,146,0,teste,100-199 min
3422,M,301.5,310.5,1612,29.8,148,0,treino,100-199 min
3423,L,301.5,310.4,1629,34.1,151,0,treino,100-199 min
3424,L,301.4,310.4,1496,35.2,153,0,treino,100-199 min
3425,L,301.5,310.5,1593,32.9,155,0,teste,100-199 min
3426,M,301.5,310.5,1623,33.5,157,0,teste,100-199 min
3427,L,301.5,310.5,1380,48.7,160,0,treino,100-199 min
3428,L,301.6,310.6,1562,34.4,162,0,teste,100-199 min
3429,L,301.6,310.6,1391,49.4,164,0,validacao,100-199 min
3430,H,301.5,310.5,1551,34.3,166,0,validacao,100-199 min
3431,H,301.6,310.6,1821,26.2,171,0,treino,100-199 min
3432,L,301.6,310.7,1429,43.6,176,0,treino,100-199 min
3433,M,301.6,310.7,2012,20.7,178,0,treino,100-199 min
3434,M,301.6,310.6,1924,23.6,181,0,treino,100-199 min
3435,M,301.5,310.5,1412,44.1,184,0,treino,100-199 min
3436,L,301.5,310.5,1389,54.9,187,0,treino,100-199 min
3437,L,301.5,310.5,1466,48.1,189,0,teste,100-199 min
3438,L,301.5,310.5,2297,15.8,191,0,treino,100-199 min
3439,L,301.4,310.4,1471,37.5,193,0,teste,100-199 min
3440,L,301.4,310.3,1492,41.4,195,0,treino,100-199 min
3441,L,301.3,310.3,1460,41.5,197,0,validacao,100-199 min
3442,L,301.4,310.4,1559,39.4,199,0,treino,100-199 min
3443,M,301.4,310.5,1495,52.5,201,0,treino,200+ min
3444,L,301.5,310.5,1535,39,204,0,treino,200+ min
3445,L,301.5,310.6,1381,50.7,206,0,treino,200+ min
3446,M,301.6,310.6,1599,36.1,208,0,validacao,200+ min
3447,H,301.6,310.6,1400,49.5,211,0,teste,200+ min
3448,L,301.7,310.6,1624,34.5,216,0,validacao,200+ min
3449,L,301.6,310.6,1478,36.6,218,0,treino,200+ min
3450,L,301.7,310.7,1605,33.3,220,0,treino,200+ min
3451,L,301.6,310.6,1506,43.4,222,0,teste,200+ min
3452,L,301.6,310.6,1455,43.9,0,0,teste,0-99 min
3453,H,301.6,310.5,1602,32.3,2,0,treino,0-99 min
3454,L,301.5,310.4,1425,54.4,7,0,teste,0-99 min
3455,L,301.5,310.4,1918,21.8,9,0,treino,0-99 min
3456,H,301.4,310.3,1611,41.5,11,0,teste,0-99 min
3457,H,301.4,310.4,1610,38.6,16,0,teste,0-99 min
3458,M,301.5,310.4,2639,12,21,1,treino,0-99 min
3459,L,301.5,310.4,1329,46.6,24,0,treino,0-99 min
3460,L,301.5,310.4,1270,54.2,26,0,teste,0-99 min
3461,L,301.5,310.3,1415,41.6,28,0,validacao,0-99 min
3462,H,301.6,310.4,1330,49.5,30,0,validacao,0-99 min
3463,H,301.6,310.5,1786,27.1,35,0,treino,0-99 min
3464,L,301.6,310.5,1809,25.5,40,0,teste,0-99 min
3465,L,301.7,310.6,1303,59.7,42,0,treino,0-99 min
3466,M,301.8,310.7,1383,45.7,44,0,treino,0-99 min
3467,L,301.7,310.6,1447,56.9,47,0,treino,0-99 min
3468,L,301.8,310.7,1461,44.2,49,0,treino,0-99 min
3469,L,301.8,310.7,2092,18.6,51,0,teste,0-99 min
3470,M,301.8,310.7,1429,47.9,53,0,validacao,0-99 min
3471,L,301.8,310.8,1736,26.5,56,0,treino,0-99 min
3472,L,301.8,310.7,1441,49.3,58,0,treino,0-99 min
3473,L,301.8,310.7,1523,43.3,60,0,teste,0-99 min
3474,M,301.8,310.8,1691,33.4,62,0,treino,0-99 min
3475,M,301.9,310.8,1557,35.3,65,0,teste,0-99 min
3476,L,301.8,310.7,1644,33.4,68,0,validacao,0-99 min
3477,L,301.8,310.6,1522,43.8,70,0,treino,0-99 min
3478,L,301.8,310.7,1547,41.7,72,0,teste,0-99 min
3479,L,301.8,310.7,1597,30.8,74,0,treino,0-99 min
3480,M,301.8,310.8,1619,31,76,0,validacao,0-99 min
3481,L,301.9,310.8,1400,58.2,79,0,treino,0-99 min
3482,L,302,310.9,1663,31.5,81,0,treino,0-99 min
3483,L,301.9,310.8,1540,37.6,83,0,treino,0-99 min
3484,H,301.9,310.8,1455,42.7,85,0,treino,0-99 min
3485,L,301.9,310.8,1519,39,90,0,treino,0-99 min
3486,L,301.9,310.8,1427,47.7,92,0,treino,0-99 min
3487,L,301.9,310.8,1650,29.8,94,0,treino,0-99 min
3488,M,301.8,310.8,1508,38.8,96,0,validacao,0-99 min
3489,L,301.9,310.9,1379,54.8,99,0,treino,0-99 min
3490,L,301.9,310.9,1542,36.7,101,0,treino,100-199 min
3491,M,301.9,310.9,1763,28.4,103,0,treino,100-199 min
3492,H,301.9,310.9,1590,34.3,106,0,treino,100-199 min
3493,H,301.9,311,1336,63.6,111,0,validacao,100-199 min
3494,M,301.9,311,1638,35.4,116,0,treino,100-199 min
3495,L,301.9,311,1356,45.7,119,0,validacao,100-199 min
3496,M,301.9,311,1384,47.4,121,0,validacao,100-199 min
3497,L,301.9,310.9,1309,48,124,0,treino,100-199 min
3498,L,301.9,311,1642,33.1,126,0,treino,100-199 min
3499,L,301.9,311,1289,54.9,128,0,validacao,100-199 min
3500,L,301.9,311,1353,43.8,130,0,teste,100-199 min
3501,H,301.9,311,1871,26,132,0,teste,100-199 min
3502,H,301.9,311,1291,63.6,137,0,treino,100-199 min
3503,M,301.8,310.9,1346,44.6,142,0,teste,100-199 min
3504,L,301.7,310.8,1493,47.6,145,0,teste,100-199 min
3505,M,301.7,310.8,1524,41.3,147,0,treino,100-199 min
3506,L,301.6,310.8,1726,26.7,150,0,validacao,100-199 min
3507,H,301.6,310.8,1435,47.2,152,0,treino,100-199 min
3508,M,301.7,310.8,1502,34.4,157,0,treino,100-199 min
3509,L,301.7,310.9,1608,33,160,0,validacao,100-199 min
3510,L,301.8,311,1771,27.2,162,0,validacao,100-199 min
3511,L,301.7,311,1474,42.6,164,0,teste,100-199 min
3512,L,301.8,311,1322,53,166,0,treino,100-199 min
3513,M,301.8,311,1393,49.5,168,0,treino,100-199 min
3514,M,301.9,311.1,1417,52.5,171,0,teste,100-199 min
3515,H,301.9,311,1430,49.8,174,0,treino,100-199 min
3516,M,301.9,311.1,1605,40,179,0,teste,100-199 min
3517,L,302,311.1,1402,47.8,182,0,treino,100-199 min
3518,L,302,311,1550,35.2,184,0,treino,100-199 min
3519,L,301.9,311,1376,44.9,186,0,treino,100-199 min
3520,M,301.9,310.9,1569,32.5,188,0,teste,100-199 min
3521,L,301.9,311,1669,32.2,191,0,treino,100-199 min
3522,L,301.9,311,1541,38.9,193,0,treino,100-199 min
3523,L,301.8,311,1651,32.5,195,0,treino,100-199 min
3524,L,301.8,310.9,1521,39.3,197,0,teste,100-199 min
3525,M,301.8,310.8,1365,48.2,199,0,treino,100-199 min
3526,L,301.8,310.9,1609,31.7,202,0,treino,200+ min
3527,H,301.8,310.8,1470,37.6,204,0,treino,200+ min
3528,M,301.9,310.9,1573,38.9,209,0,teste,200+ min
3529,L,302,310.9,1378,53.1,212,1,treino,200+ min
3530,L,301.9,310.9,1567,39,214,1,treino,200+ min
3531,M,301.9,310.9,1441,43.7,0,0,treino,0-99 min
3532,M,301.9,310.9,1641,33.2,3,0,teste,0-99 min
3533,L,301.9,310.9,1486,40.3,6,0,treino,0-99 min
3534,L,302,311,1563,36.2,8,0,treino,0-99 min
3535,M,302,311.1,1769,26,10,0,treino,0-99 min
3536,H,301.9,311,1672,29.9,13,0,treino,0-99 min
3537,L,302,311,1632,34.2,18,0,teste,0-99 min
3538,M,302,311,1980,21.5,20,0,teste,0-99 min
3539,L,302,311.1,1635,36,23,0,teste,0-99 min
3540,L,302,311,1686,32.5,25,0,validacao,0-99 min
3541,L,301.9,310.9,1574,31.4,27,0,treino,0-99 min
3542,L,301.8,310.8,1546,43.4,29,0,treino,0-99 min
3543,L,301.8,310.9,1899,24.7,31,0,validacao,0-99 min
3544,L,301.8,310.9,1449,36.5,33,0,treino,0-99 min
3545,M,301.9,310.9,1483,37,35,0,validacao,0-99 min
3546,L,301.8,310.8,1576,38.6,38,0,treino,0-99 min
3547,M,301.9,310.9,1317,51.9,40,0,treino,0-99 min
3548,M,301.9,311,1467,48.1,43,0,teste,0-99 min
3549,L,301.9,310.9,1616,34.5,46,0,treino,0-99 min
3550,M,301.8,310.9,1299,60.4,48,0,treino,0-99 min
3551,M,301.9,311,1432,41.5,51,0,treino,0-99 min
3552,L,301.9,310.9,1799,24.2,54,0,teste,0-99 min
3553,M,301.8,310.9,1358,52.3,56,0,treino,0-99 min
3554,M,301.8,310.8,1618,37.8,59,0,treino,0-99 min
3555,L,301.9,310.8,1525,43.2,62,0,treino,0-99 min
3556,L,301.8,310.7,1551,37.7,64,0,treino,0-99 min
3557,L,301.9,310.8,1735,31.5,66,0,treino,0-99 min
3558,M,301.8,310.7,1309,43.3,68,0,teste,0-99 min
3559,L,301.7,310.6,1743,26.2,71,0,treino,0-99 min
3560,M,301.7,310.7,1659,29.9,73,0,treino,0-99 min
3561,L,301.8,310.7,1680,32.4,76,0,treino,0-99 min
3562,L,301.7,310.6,1486,38.5,78,0,teste,0-99 min
3563,L,301.7,310.6,1471,43.8,80,0,treino,0-99 min
3564,M,301.8,310.7,1465,35.8,82,0,treino,0-99 min
3565,M,301.7,310.6,1492,42.2,85,0,treino,0-99 min
3566,M,301.8,310.7,1420,52,88,0,validacao,0-99 min
3567,L,301.8,310.6,1295,62.3,91,0,treino,0-99 min
3568,L,301.8,310.5,1548,34.1,93,0,treino,0-99 min
3569,L,301.8,310.6,1372,54.7,95,0,treino,0-99 min
3570,M,301.8,310.6,1552,35.9,97,0,treino,0-99 min
3571,H,301.8,310.6,1441,46.3,100,0,teste,100-199 min
3572,M,301.7,310.6,1691,27.7,105,0,teste,100-199 min
3573,L,301.8,310.6,1451,50.7,108,0,treino,100-199 min
3574,L,301.8,310.6,1452,48.4,110,0,treino,100-199 min
3575,L,301.7,310.6,1406,46,112,0,treino,100-199 min
3576,L,301.7,310.5,1567,39.1,114,0,teste,100-199 min
3577,L,301.6,310.4,1599,41.7,116,0,treino,100-199 min
3578,M,301.6,310.4,1455,39,118,0,treino,100-199 min
3579,M,301.7,310.5,1625,35.9,121,0,treino,100-199 min
3580,L,301.8,310.6,2672,11.8,124,1,treino,100-199 min
3581,L,301.8,310.6,1650,31.9,126,0,validacao,100-199 min
3582,M,301.8,310.6,1459,40.2,128,0,treino,100-199 min
3583,L,301.8,310.6,1395,50.5,131,0,teste,100-199 min
3584,L,301.8,310.7,1751,29.3,133,0,treino,100-199 min
3585,L,301.8,310.6,1192,68.9,135,0,treino,100-199 min
3586,L,301.9,310.7,1947,25,137,0,treino,100-199 min
3587,L,301.8,310.5,1593,34.9,139,0,treino,100-199 min
3588,H,301.8,310.5,1478,38.6,141,0,treino,100-199 min
3589,M,301.7,310.6,1505,44.5,146,0,treino,100-199 min
3590,L,301.7,310.5,2465,13.7,149,0,treino,100-199 min
3591,L,301.8,310.6,1403,46.8,151,0,treino,100-199 min
3592,M,301.7,310.5,1458,41.4,153,0,treino,100-199 min
3593,H,301.6,310.4,1369,45.4,156,0,teste,100-199 min
3594,M,301.6,310.4,1377,44.9,161,0,teste,100-199 min
3595,M,301.6,310.4,1452,45.7,164,0,treino,100-199 min
3596,L,301.6,310.4,1517,41.1,167,0,treino,100-199 min
3597,L,301.7,310.5,1354,50,169,0,teste,100-199 min
3598,M,301.7,310.5,1724,33,171,0,teste,100-199 min
3599,L,301.7,310.5,1399,53.2,174,0,validacao,100-199 min
3600,H,301.7,310.5,1388,50.5,176,0,treino,100-199 min
3601,L,301.7,310.5,1523,34.7,181,0,treino,100-199 min
3602,L,301.7,310.5,1377,43.1,183,0,treino,100-199 min
3603,M,301.7,310.6,1417,45.2,185,0,validacao,100-199 min
3604,L,301.7,310.7,1542,40,188,0,teste,100-199 min
3605,L,301.8,310.8,1557,33.3,190,0,treino,100-199 min
3606,L,301.7,310.7,1641,31.9,192,0,treino,100-199 min
3607,L,301.7,310.7,1318,55,194,0,treino,100-199 min
3608,L,301.6,310.7,1638,33.8,196,0,treino,100-199 min
3609,M,301.7,310.8,1954,21.6,198,0,treino,100-199 min
3610,M,301.7,310.9,1644,32.5,201,0,treino,200+ min
3611,M,301.7,310.8,1594,32.4,204,0,treino,200+ min
3612,L,301.7,310.9,1405,46.4,207,1,treino,200+ min
3613,L,301.7,310.8,1622,37.8,0,0,treino,0-99 min
3614,L,301.7,310.9,1557,39.4,2,0,treino,0-99 min
3615,L,301.8,311,1606,33.3,4,0,treino,0-99 min
3616,M,301.8,311.1,1647,31.6,6,0,treino,0-99 min
3617,M,301.8,311.1,1413,42.2,9,0,treino,0-99 min
3618,L,301.8,311,1529,41.6,12,0,teste,0-99 min
3619,L,301.9,311.1,1448,46.3,14,0,teste,0-99 min
3620,L,301.9,311.2,1435,44.2,16,0,validacao,0-99 min
3621,H,301.9,311.2,1474,41.8,18,0,treino,0-99 min
3622,L,301.9,311.2,1657,29.1,23,0,treino,0-99 min
3623,L,302,311.3,1509,39.9,25,0,treino,0-99 min
3624,M,302,311.3,1530,36.4,27,0,treino,0-99 min
3625,M,302,311.4,1587,35.9,30,0,treino,0-99 min
3626,M,302.1,311.4,1467,43.4,33,0,treino,0-99 min
3627,M,302.2,311.5,1360,53,36,0,validacao,0-99 min
3628,L,302.2,311.5,1588,30.6,39,0,treino,0-99 min
3629,L,302.2,311.4,1609,32.1,41,0,treino,0-99 min
3630,L,302.1,311.3,1415,44.1,43,0,treino,0-99 min
3631,L,302,311.2,1845,27.3,45,0,validacao,0-99 min
3632,M,302.1,311.4,1419,36.2,47,0,treino,0-99 min
3633,L,302.1,311.3,1634,30.6,50,0,treino,0-99 min
3634,M,302.2,311.3,1521,40.6,52,0,treino,0-99 min
3635,L,302.2,311.4,1499,37.7,55,0,treino,0-99 min
3636,M,302.1,311.2,1616,35.1,57,0,treino,0-99 min
3637,L,302.2,311.4,1449,46.5,60,0,teste,0-99 min
3638,M,302.2,311.4,1626,31.6,62,0,treino,0-99 min
3639,M,302.3,311.5,1445,44.8,65,0,treino,0-99 min
3640,L,302.4,311.6,1622,35,68,0,treino,0-99 min
3641,H,302.4,311.6,1544,39.1,70,0,teste,0-99 min
3642,L,302.3,311.6,1488,41.8,75,0,treino,0-99 min
3643,L,302.3,311.6,1309,57.6,77,0,validacao,0-99 min
3644,L,302.3,311.6,1784,26.4,79,0,teste,0-99 min
3645,L,302.2,311.5,1548,32.4,81,0,validacao,0-99 min
3646,L,302.2,311.5,1413,43.5,83,0,validacao,0-99 min
3647,M,302.2,311.5,1863,25.7,85,0,treino,0-99 min
3648,L,302.2,311.5,1427,43.8,88,0,validacao,0-99 min
3649,M,302.2,311.5,1443,47,90,0,teste,0-99 min
3650,L,302.2,311.5,1481,40.4,93,0,treino,0-99 min
3651,L,302.1,311.4,1446,39.7,95,0,treino,0-99 min
3652,L,302.1,311.5,1444,44.9,97,0,teste,0-99 min
3653,M,302.1,311.5,1341,50.8,99,0,treino,0-99 min
3654,L,302.1,311.4,1518,37.4,102,0,validacao,100-199 min
3655,L,302.1,311.4,1603,35.9,104,0,treino,100-199 min
3656,L,302.1,311.4,1686,30.9,106,0,teste,100-199 min
3657,M,302.1,311.5,1383,53.6,108,0,treino,100-199 min
3658,L,302.1,311.5,1477,45.4,111,0,treino,100-199 min
3659,M,302.2,311.5,1449,44.5,113,0,treino,100-199 min
3660,M,302.2,311.5,1734,25,116,0,teste,100-199 min
3661,L,302.3,311.6,1398,49.1,119,0,treino,100-199 min
3662,M,302.3,311.7,1639,36.6,121,0,treino,100-199 min
3663,M,302.3,311.7,1517,37.6,124,0,treino,100-199 min
3664,M,302.3,311.7,1442,41.7,127,0,treino,100-199 min
3665,M,302.3,311.7,1685,30.8,130,0,treino,100-199 min
3666,M,302.4,311.8,1358,50.6,133,0,validacao,100-199 min
3667,M,302.3,311.6,1608,39.9,136,0,teste,100-199 min
3668,L,302.3,311.6,1665,34.3,139,0,treino,100-199 min
3669,L,302.3,311.7,1510,38.7,141,0,teste,100-199 min
3670,L,302.4,311.8,1465,40.2,143,0,validacao,100-199 min
3671,L,302.3,311.7,1701,27.5,145,0,validacao,100-199 min
3672,M,302.3,311.7,1486,39.6,147,0,teste,100-199 min
3673,L,302.3,311.6,1658,32.3,150,0,treino,100-199 min
3674,H,302.3,311.7,1449,44.5,152,0,treino,100-199 min
3675,L,302.2,311.5,1346,52.4,157,0,validacao,100-199 min
3676,M,302.1,311.5,1866,23.1,159,0,treino,100-199 min
3677,M,302.2,311.5,1562,38,162,0,treino,100-199 min
3678,M,302.3,311.7,1368,53.6,165,0,validacao,100-199 min
3679,L,302.2,311.5,1567,33.1,168,0,teste,100-199 min
3680,L,302.2,311.5,1725,34,170,0,treino,100-199 min
3681,L,302.2,311.5,1744,31.2,172,0,treino,100-199 min
3682,M,302.1,311.3,1453,45.1,174,0,teste,100-199 min
3683,L,302.1,311.2,1550,34.8,177,0,teste,100-199 min
3684,M,302,311.2,1558,39.1,179,0,teste,100-199 min
3685,L,302,311.2,1270,65.3,182,1,treino,100-199 min
3686,M,301.9,311.1,1380,51.6,184,0,treino,100-199 min
3687,L,302,311.1,1406,50.5,187,0,teste,100-199 min
3688,M,302,311.2,1625,30.7,189,0,validacao,100-199 min
3689,L,302,311.2,1420,45.8,192,0,teste,100-199 min
3690,L,302.1,311.4,1889,22.7,194,0,treino,100-199 min
3691,L,302.1,311.3,1477,43.6,196,0,treino,100-199 min
3692,L,302.1,311.2,1460,46.9,198,0,treino,100-199 min
3693,L,302.1,311.3,1758,24.4,200,0,validacao,200+ min
3694,L,302.1,311.3,1521,31.5,202,0,validacao,200+ min
3695,M,302.1,311.3,1511,45,204,0,treino,200+ min
3696,L,302.2,311.3,1530,37.3,207,1,teste,200+ min
3697,L,302.1,311.2,1454,46.8,0,0,treino,0-99 min
3698,L,302.2,311.2,1928,23.1,2,0,treino,0-99 min
3699,H,302.2,311.3,1758,26.4,4,0,treino,0-99 min
3700,L,302.2,311.2,1649,33.2,9,0,teste,0-99 min
3701,L,302.1,311.2,1447,50.3,11,0,treino,0-99 min
3702,L,302.1,311.2,1417,48,13,0,validacao,0-99 min
3703,L,302,311.2,1434,44.9,15,0,treino,0-99 min
3704,M,302,311.2,1418,49.5,17,0,treino,0-99 min
3705,M,302,311.2,1400,49.5,20,0,treino,0-99 min
3706,M,302,311.3,1725,27.7,23,0,treino,0-99 min
3707,L,302,311.3,1567,41.1,26,0,treino,0-99 min
3708,M,302.1,311.3,1497,38.4,28,0,treino,0-99 min
3709,L,302.1,311.4,1549,44.6,31,0,validacao,0-99 min
3710,L,302.2,311.4,1754,26.9,33,0,treino,0-99 min
3711,L,302.2,311.5,1489,38.3,35,0,treino,0-99 min
3712,L,302.2,311.5,1543,38.5,37,0,treino,0-99 min
3713,L,302.3,311.5,1543,33.1,39,0,teste,0-99 min
3714,L,302.3,311.5,1565,35.6,41,0,treino,0-99 min
3715,M,302.3,311.4,1855,23.9,43,0,treino,0-99 min
3716,M,302.4,311.4,1475,45.2,46,0,treino,0-99 min
3717,L,302.3,311.4,1609,32.3,49,0,teste,0-99 min
3718,H,302.3,311.4,1443,44.1,51,0,treino,0-99 min
3719,L,302.4,311.4,1450,44.1,56,0,teste,0-99 min
3720,L,302.4,311.5,1590,39.9,58,0,treino,0-99 min
3721,M,302.4,311.4,1508,41.2,60,0,treino,0-99 min
3722,M,302.2,311.2,1544,43.6,63,0,validacao,0-99 min
3723,L,302.2,311.2,1451,41.8,66,0,teste,0-99 min
3724,L,302.3,311.2,1758,24.4,68,0,treino,0-99 min
3725,M,302.3,311.2,1507,47.7,70,0,teste,0-99 min
3726,H,302.3,311.1,1543,37.5,73,0,teste,0-99 min
3727,M,302.3,311.2,1505,36.7,78,0,validacao,0-99 min
3728,L,302.3,311.2,1786,24.3,81,0,teste,0-99 min
3729,L,302.3,311.3,1457,44.5,83,0,validacao,0-99 min
3730,M,302.4,311.3,1312,61.5,85,0,teste,0-99 min
3731,M,302.3,311.2,1405,47.7,88,0,treino,0-99 min
3732,M,302.2,311.2,1377,43,91,0,treino,0-99 min
3733,M,302.2,311.2,1347,49.8,94,0,treino,0-99 min
3734,L,302.2,311.1,1470,39.6,97,0,teste,0-99 min
3735,M,302.2,311.2,1873,24,99,0,validacao,0-99 min
3736,M,302.2,311.1,1434,58.6,102,0,validacao,100-199 min
3737,H,302.2,311.1,1628,30.6,105,0,treino,100-199 min
3738,L,302.2,311.1,1351,48.6,110,0,treino,100-199 min
3739,M,302.3,311.2,1454,43.8,112,0,treino,100-199 min
3740,M,302.2,311.2,1663,29.6,115,0,treino,100-199 min
3741,L,302.3,311.2,1401,49.7,118,0,validacao,100-199 min
3742,L,302.4,311.3,1503,38.2,120,0,treino,100-199 min
3743,L,302.4,311.4,1564,35,122,0,treino,100-199 min
3744,L,302.5,311.4,1759,24.6,124,0,teste,100-199 min
3745,L,302.5,311.4,1409,53.1,126,0,treino,100-199 min
3746,L,302.6,311.4,1738,25.8,128,0,treino,100-199 min
3747,H,302.5,311.3,1393,47.5,130,0,validacao,100-199 min
3748,L,302.5,311.1,1499,38.8,135,0,treino,100-199 min
3749,L,302.5,311.1,1493,39,137,0,treino,100-199 min
3750,L,302.4,311.1,1652,33.9,139,0,treino,100-199 min
3751,L,302.3,311.1,1589,29.9,141,0,treino,100-199 min
3752,L,302.4,311.1,1520,42.2,143,0,treino,100-199 min
3753,H,302.3,311.1,1455,40.3,145,0,treino,100-199 min
3754,L,302.2,311,1463,46.8,150,0,treino,100-199 min
3755,L,302.3,311,1442,43.7,152,0,teste,100-199 min
3756,L,302.3,311,1329,51.5,154,0,validacao,100-199 min
3757,L,302.3,311.1,1546,33.1,156,0,treino,100-199 min
3758,M,302.2,311.1,1516,33.7,158,0,validacao,100-199 min
3759,M,302.2,311,1476,47.4,161,0,treino,100-199 min
3760,L,302.3,311,1412,47,164,0,treino,100-199 min
3761,L,302.3,310.9,1377,46.8,166,1,validacao,100-199 min
3762,M,302.4,311,1490,37.1,168,0,treino,100-199 min
3763,M,302.3,311,1526,37.7,171,0,teste,100-199 min
3764,L,302.3,311,1428,47.9,174,0,teste,100-199 min
3765,L,302.4,311,1329,54.6,176,0,validacao,100-199 min
3766,M,302.4,311.1,1443,51.8,178,0,teste,100-199 min
3767,L,302.3,311.1,1373,53,181,0,teste,100-199 min
3768,L,302.3,311.1,1630,35.6,183,0,validacao,100-199 min
3769,L,302.2,311,1555,34.2,185,0,validacao,100-199 min
3770,M,302.2,311,1436,47,187,0,treino,100-199 min
3771,L,302.3,311,1609,31,190,0,treino,100-199 min
3772,M,302.3,311,1384,49.7,192,0,teste,100-199 min
3773,L,302.4,311.1,1448,44.8,195,0,validacao,100-199 min
3774,M,302.4,311.1,1887,22.4,197,0,treino,100-199 min
3775,M,302.4,311.1,1480,45.7,200,0,treino,200+ min
3776,H,302.5,311.1,1850,23.3,203,0,treino,200+ min
3777,L,302.5,311.1,1538,36.8,208,0,treino,200+ min
3778,M,302.4,311.1,1721,30.1,210,0,teste,200+ min
3779,M,302.4,311.1,1366,54.4,0,0,treino,0-99 min
3780,L,302.3,311,1657,31.1,3,0,treino,0-99 min
3781,L,302.4,311.1,1446,42.9,5,0,validacao,0-99 min
3782,L,302.3,310.8,1465,43.8,7,0,treino,0-99 min
3783,L,302.2,310.8,1827,23.8,9,0,treino,0-99 min
3784,H,302.2,310.8,1397,47.6,11,0,treino,0-99 min
3785,L,302.2,310.8,1744,29.7,16,0,treino,0-99 min
3786,L,302.3,310.9,1545,36.7,18,0,teste,0-99 min
3787,L,302.3,310.9,1587,36.6,20,0,teste,0-99 min
3788,L,302.3,310.8,1377,47.3,22,1,validacao,0-99 min
3789,L,302.3,310.8,1511,48.1,24,0,validacao,0-99 min
3790,L,302.3,310.8,1650,32.4,26,0,treino,0-99 min
3791,L,302.3,310.9,1412,48.9,28,0,treino,0-99 min
3792,L,302.3,311,1528,43.1,30,0,validacao,0-99 min
3793,L,302.3,310.9,1459,35,32,0,teste,0-99 min
3794,L,302.3,310.9,1379,49.3,34,1,treino,0-99 min
3795,M,302.2,310.8,1356,48.3,36,0,teste,0-99 min
3796,M,302.1,310.8,1409,41.3,39,0,validacao,0-99 min
3797,M,302.1,310.8,1504,37.5,42,0,treino,0-99 min
3798,L,302.1,310.8,1622,36.8,45,0,treino,0-99 min
3799,L,302.1,310.8,1786,25.7,47,0,treino,0-99 min
3800,L,302.2,310.9,1506,34,49,0,treino,0-99 min
3801,M,302.1,310.9,1916,23.1,51,0,treino,0-99 min
3802,M,302.2,310.9,1771,27.6,54,0,teste,0-99 min
3803,M,302.2,310.9,1488,44.2,57,0,treino,0-99 min
3804,L,302.2,310.9,1531,37.5,60,0,treino,0-99 min
3805,L,302.3,310.9,1529,33.4,62,0,teste,0-99 min
3806,M,302.4,311,1580,36.5,64,0,treino,0-99 min
3807,M,302.3,310.9,1360,44,67,1,teste,0-99 min
3808,M,302.3,311,1546,35.5,70,0,teste,0-99 min
3809,M,302.3,310.9,1762,24.5,73,0,treino,0-99 min
3810,L,302.2,310.8,1350,56.6,76,0,treino,0-99 min
3811,M,302.2,310.8,1562,38.1,78,0,treino,0-99 min
3812,M,302.1,310.7,1608,30.3,81,0,validacao,0-99 min
3813,L,302,310.6,1392,50,84,0,teste,0-99 min
3814,L,302,310.6,1467,44.9,86,0,treino,0-99 min
3815,M,302.1,310.6,1326,59.1,88,1,teste,0-99 min
3816,L,302.2,310.7,1769,24.9,91,0,treino,0-99 min
3817,L,302.1,310.6,1459,47.6,93,0,treino,0-99 min
3818,M,302.1,310.6,1421,52,95,0,treino,0-99 min
3819,L,302.1,310.7,1491,42.8,98,0,treino,0-99 min
3820,L,302.2,310.7,1567,36.4,100,0,treino,100-199 min
3821,L,302.3,310.8,1421,41.4,102,0,teste,100-199 min
3822,L,302.3,310.9,1596,33.5,104,0,treino,100-199 min
3823,M,302.4,311,1464,44.2,106,0,validacao,100-199 min
3824,M,302.3,310.9,1581,36.1,109,0,treino,100-199 min
3825,L,302.3,310.9,1620,30.3,112,0,treino,100-199 min
3826,H,302.2,310.7,1413,48.9,114,0,treino,100-199 min
3827,H,302.3,310.8,1438,43.8,119,0,treino,100-199 min
3828,M,302.4,310.9,1469,41.6,124,0,treino,100-199 min
3829,M,302.3,310.8,1762,27.8,127,0,treino,100-199 min
3830,H,302.3,310.9,1366,48.4,130,1,treino,100-199 min
3831,L,302.3,310.9,1891,22.7,135,0,teste,100-199 min
3832,M,302.3,310.9,1742,29.7,137,0,treino,100-199 min
3833,M,302.2,310.9,1465,43.5,140,0,validacao,100-199 min
3834,M,302.3,311,1541,36.6,143,0,teste,100-199 min
3835,M,302.3,311.1,1295,57.1,146,0,treino,100-199 min
3836,M,302.3,311.1,1435,43.1,149,0,treino,100-199 min
3837,L,302.4,311.2,1466,43.9,152,0,teste,100-199 min
3838,L,302.4,311.2,1450,47.9,154,0,treino,100-199 min
3839,L,302.4,311.1,1880,24.5,156,0,validacao,100-199 min
3840,M,302.3,311,1578,33.5,158,0,teste,100-199 min
3841,L,302.4,311,1610,33.1,161,0,treino,100-199 min
3842,L,302.4,311.1,1565,42.8,163,0,treino,100-199 min
3843,L,302.5,311.2,1545,40.1,165,0,validacao,100-199 min
3844,L,302.5,311.2,1227,60.1,167,0,teste,100-199 min
3845,L,302.4,311.1,1484,45.9,169,0,treino,100-199 min
3846,L,302.3,311,1591,32.7,171,0,validacao,100-199 min
3847,L,302.3,310.9,1403,47.2,173,0,treino,100-199 min
3848,M,302.3,311,1450,45.7,175,0,treino,100-199 min
3849,L,302.3,310.9,1720,28.1,178,0,treino,100-199 min
3850,L,302.3,311,1561,37.2,180,0,treino,100-199 min
3851,M,302.3,311,1421,41.3,182,0,treino,100-199 min
3852,H,302.2,310.9,1415,48.4,185,0,teste,100-199 min
3853,L,302.3,310.9,2034,19.7,190,0,treino,100-199 min
3854,L,302.4,311,1486,40.4,192,0,treino,100-199 min
3855,L,302.4,311,1338,67.6,194,1,treino,100-199 min
3856,H,302.4,311.1,1578,32.3,196,0,treino,100-199 min
3857,M,302.4,311.2,1330,58.6,201,0,teste,200+ min
3858,H,302.4,311.2,1506,40.8,204,0,treino,200+ min
3859,L,302.5,311.4,1559,37.6,209,0,teste,200+ min
3860,L,302.6,311.5,1599,37,211,0,teste,200+ min
3861,L,302.6,311.5,1427,38.9,213,0,validacao,200+ min
3862,M,302.5,311.5,1481,41.1,215,0,treino,200+ min
3863,H,302.5,311.5,1496,43.8,218,0,teste,200+ min
3864,L,302.5,311.4,1674,27,223,0,treino,200+ min
3865,M,302.5,311.4,1629,31.7,225,0,validacao,200+ min
3866,H,302.6,311.5,1629,34.4,228,1,treino,200+ min
3867,L,302.6,311.6,1311,53.2,0,0,teste,0-99 min
3868,M,302.7,311.6,2709,9.7,2,1,treino,0-99 min
3869,M,302.7,311.7,1759,29.9,5,0,treino,0-99 min
3870,L,302.7,311.7,1480,45.2,8,0,treino,0-99 min
3871,L,302.7,311.8,1461,46.1,10,0,treino,0-99 min
3872,M,302.7,311.8,1728,30,12,0,treino,0-99 min
3873,L,302.7,311.9,1389,46.5,15,0,treino,0-99 min
3874,L,302.6,311.8,1638,35.1,17,0,teste,0-99 min
3875,L,302.6,311.7,1254,54.1,19,0,treino,0-99 min
3876,L,302.6,311.8,1427,50.1,21,0,treino,0-99 min
3877,L,302.6,311.8,1627,31.8,23,0,teste,0-99 min
3878,H,302.6,311.7,1471,48.3,25,0,treino,0-99 min
3879,L,302.6,311.7,1773,27.1,30,0,validacao,0-99 min
3880,M,302.6,311.7,1430,51.7,32,0,treino,0-99 min
3881,L,302.5,311.6,1595,29.5,35,0,treino,0-99 min
3882,L,302.5,311.5,1521,44.1,37,0,treino,0-99 min
3883,L,302.5,311.6,1419,43.7,39,0,treino,0-99 min
3884,M,302.4,311.4,1534,40.1,41,0,treino,0-99 min
3885,H,302.5,311.5,1626,36,44,0,validacao,0-99 min
3886,L,302.5,311.5,1677,29.2,49,0,validacao,0-99 min
3887,L,302.4,311.3,1392,50.5,51,0,teste,0-99 min
3888,L,302.4,311.2,1448,50.5,53,0,validacao,0-99 min
3889,L,302.3,311.2,1903,22.9,55,0,treino,0-99 min
3890,L,302.4,311.2,1404,52,57,0,treino,0-99 min
3891,L,302.3,311.2,1386,53.5,59,0,treino,0-99 min
3892,L,302.2,311.1,1418,47,61,0,treino,0-99 min
3893,M,302.3,311.1,1338,53.3,63,0,treino,0-99 min
3894,L,302.3,311.2,1549,40.6,66,0,validacao,0-99 min
3895,M,302.3,311.2,1432,42.7,68,0,validacao,0-99 min
3896,M,302.3,311.2,1546,40,71,0,teste,0-99 min
3897,M,302.2,311.2,1627,33.2,74,0,treino,0-99 min
3898,M,302.2,311.1,1640,32.8,77,0,treino,0-99 min
3899,M,302.1,311.1,1423,36.8,80,0,treino,0-99 min
3900,M,302.1,311,1711,28.7,83,0,treino,0-99 min
3901,M,302.1,311.1,1450,51.6,86,0,treino,0-99 min
3902,H,302.2,311.1,1553,34.1,89,0,validacao,0-99 min
3903,L,302.2,311.1,1630,34.6,94,0,teste,0-99 min
3904,H,302.2,311.1,1476,39.6,96,0,treino,0-99 min
3905,H,302.2,311.1,1426,50.6,101,0,treino,100-199 min
3906,M,302.2,311.2,1561,34.9,106,0,treino,100-199 min
3907,L,302.3,311.2,1297,62.5,109,0,treino,100-199 min
3908,M,302.3,311.2,1842,23.9,111,0,validacao,100-199 min
3909,L,302.3,311.2,1633,36.4,114,0,teste,100-199 min
3910,H,302.3,311.3,1744,30.3,116,0,teste,100-199 min
3911,L,302.4,311.4,1831,26.9,121,0,teste,100-199 min
3912,M,302.3,311.3,1339,50.8,123,0,treino,100-199 min
3913,L,302.4,311.4,1475,40.4,126,0,teste,100-199 min
3914,M,302.4,311.4,1675,29.6,128,0,treino,100-199 min
3915,L,302.5,311.5,1493,35.1,131,0,validacao,100-199 min
3916,L,302.5,311.5,1700,29.5,133,0,validacao,100-199 min
3917,L,302.6,311.6,1453,37,135,0,teste,100-199 min
3918,L,302.6,311.7,1542,34.1,137,0,treino,100-199 min
3919,M,302.5,311.5,1358,52.7,139,0,validacao,100-199 min
3920,H,302.5,311.5,1655,32.3,142,0,treino,100-199 min
3921,L,302.6,311.5,1885,27.5,147,0,validacao,100-199 min
3922,L,302.7,311.5,1494,41.4,149,0,treino,100-199 min
3923,M,302.6,311.4,1757,29.5,151,0,validacao,100-199 min
3924,M,302.6,311.4,1718,31.2,154,0,treino,100-199 min
3925,M,302.5,311.4,1636,35,157,0,treino,100-199 min
3926,L,302.6,311.6,1638,29.6,160,0,treino,100-199 min
3927,L,302.6,311.5,1609,36,162,0,teste,100-199 min
3928,H,302.7,311.5,1556,35,164,0,treino,100-199 min
3929,L,302.6,311.5,1442,59.8,169,1,treino,100-199 min
3930,M,302.7,311.6,1501,38.8,171,0,treino,100-199 min
3931,M,302.6,311.6,2041,19.2,174,0,treino,100-199 min
3932,M,302.7,311.7,1784,25.1,177,0,validacao,100-199 min
3933,L,302.6,311.6,1953,22.4,180,0,validacao,100-199 min
3934,L,302.6,311.6,1576,34.7,182,0,treino,100-199 min
3935,M,302.6,311.6,1518,39,184,0,validacao,100-199 min
3936,M,302.6,311.6,1227,68.2,187,1,teste,100-199 min
3937,L,302.5,311.5,1985,18.8,190,0,validacao,100-199 min
3938,L,302.5,311.5,1802,26.4,192,0,treino,100-199 min
3939,L,302.5,311.5,1603,32.4,194,0,treino,100-199 min
3940,L,302.5,311.6,1400,54,196,0,treino,100-199 min
3941,L,302.3,311.5,1395,54.2,198,0,teste,100-199 min
3942,L,302.2,311.4,1987,19.9,200,0,treino,200+ min
3943,M,302.2,311.4,1398,47.2,202,0,treino,200+ min
3944,L,302.3,311.4,1333,66.7,205,1,treino,200+ min
3945,L,302.2,311.2,1381,49.4,207,0,teste,200+ min
3946,L,302.2,311.3,1570,36.1,0,0,treino,0-99 min
3947,M,302.2,311.3,1658,31,2,0,teste,0-99 min
3948,H,302.2,311.3,1749,29.2,5,0,validacao,0-99 min
3949,M,302.2,311.3,1510,37.1,10,0,treino,0-99 min
3950,L,302.3,311.5,1384,50.8,13,0,teste,0-99 min
3951,L,302.3,311.4,1570,37.2,15,0,validacao,0-99 min
3952,M,302.3,311.4,1571,32.7,17,0,teste,0-99 min
3953,L,302.3,311.4,1476,37.3,20,0,treino,0-99 min
3954,M,302.3,311.4,1484,39.5,22,0,treino,0-99 min
3955,M,302.3,311.4,1909,23.2,25,0,treino,0-99 min
3956,L,302.3,311.5,1448,49.6,28,0,teste,0-99 min
3957,M,302.3,311.4,1500,40.2,30,0,validacao,0-99 min
3958,L,302.2,311.4,1510,44.9,33,0,validacao,0-99 min
3959,L,302.2,311.3,1378,55.5,35,0,validacao,0-99 min
3960,M,302.2,311.4,1538,37.4,37,0,validacao,0-99 min
3961,L,302.2,311.4,1390,48.1,40,0,treino,0-99 min
3962,M,302.2,311.4,1642,32.1,42,0,treino,0-99 min
3963,L,302.4,311.5,1785,24.8,45,0,validacao,0-99 min
3964,H,302.3,311.5,1526,38.2,47,0,validacao,0-99 min
3965,M,302.3,311.6,1668,33.2,52,0,teste,0-99 min
3966,L,302.3,311.5,1507,37.5,55,0,validacao,0-99 min
3967,L,302.3,311.5,1530,37.8,57,0,teste,0-99 min
3968,M,302.3,311.4,1479,45.6,59,0,treino,0-99 min
3969,M,302.3,311.4,1418,41.3,62,0,treino,0-99 min
3970,L,302.3,311.4,1504,38.7,65,0,teste,0-99 min
3971,M,302.3,311.4,1345,47.6,67,0,validacao,0-99 min
3972,H,302.2,311.4,1625,35.4,70,0,treino,0-99 min
3973,L,302.3,311.4,1511,34.7,75,0,treino,0-99 min
3974,L,302.3,311.4,1535,41.8,77,0,validacao,0-99 min
3975,L,302.4,311.5,1505,37.9,79,0,teste,0-99 min
3976,H,302.4,311.5,1540,43.7,81,0,treino,0-99 min
3977,H,302.3,311.4,1372,46,86,0,treino,0-99 min
3978,M,302.2,311.3,1510,36.6,91,0,teste,0-99 min
3979,L,302.2,311.3,1382,46.4,94,0,treino,0-99 min
3980,L,302.3,311.3,1439,41.8,96,0,treino,0-99 min
3981,M,302.2,311.3,1375,47,98,0,treino,0-99 min
3982,M,302.2,311.3,1931,21.9,101,0,treino,100-199 min
3983,L,302.2,311.3,1475,48.6,104,0,treino,100-199 min
3984,L,302.2,311.3,1389,46.9,106,0,treino,100-199 min
3985,L,302.3,311.3,1652,32.8,108,0,treino,100-199 min
3986,L,302.3,311.2,1386,50.3,110,0,treino,100-199 min
3987,M,302.2,311.3,1577,29.8,112,0,treino,100-199 min
3988,M,302.3,311.3,1444,43.1,115,0,validacao,100-199 min
3989,L,302.2,311.3,1554,40.2,118,0,validacao,100-199 min
3990,L,302.2,311.3,1602,32.8,120,0,teste,100-199 min
3991,H,302.2,311.2,1692,28.2,122,0,treino,100-199 min
3992,L,302.3,311.3,1682,34.4,127,0,teste,100-199 min
3993,L,302.3,311.3,1614,34.1,129,0,treino,100-199 min
3994,L,302.3,311.3,1324,47.8,131,0,treino,100-199 min
3995,L,302.3,311.4,1434,40.3,133,0,validacao,100-199 min
3996,L,302.3,311.3,1621,31.6,135,0,treino,100-199 min
3997,M,302.3,311.3,1625,33.1,137,0,treino,100-199 min
3998,L,302.2,311.1,1394,53.7,140,0,validacao,100-199 min
3999,L,302.1,311,1586,35.1,142,0,treino,100-199 min
4000,L,302,311,1420,45.9,144,0,treino,100-199 min
4001,L,302.1,311.2,1422,50.3,146,0,treino,100-199 min
4002,H,302.1,311.2,1598,37.9,148,0,teste,100-199 min
4003,L,302.1,311.2,1454,59.2,153,1,validacao,100-199 min
4004,L,302.1,311.2,1519,39.3,155,0,treino,100-199 min
4005,L,302,311.1,1373,55.7,157,0,treino,100-199 min
4006,M,302,311.1,1406,48.8,159,0,treino,100-199 min
4007,L,302.1,311.2,1492,45,162,0,treino,100-199 min
4008,L,302.1,311.2,1369,50.8,164,0,treino,100-199 min
4009,M,302.2,311.2,1471,41.9,166,0,treino,100-199 min
4010,L,302.2,311.2,1630,36,169,0,treino,100-199 min
4011,M,302.1,311.1,1605,37.6,171,0,validacao,100-199 min
4012,L,302.2,311.1,1447,52.1,174,0,validacao,100-199 min
4013,M,302.2,311.2,1360,52.8,176,0,validacao,100-199 min
4014,M,302.2,311.1,1728,34,179,0,teste,100-199 min
4015,L,302.1,311,1740,30.8,182,0,treino,100-199 min
4016,L,302.1,310.9,1477,41.4,184,0,teste,100-199 min
4017,L,302.1,310.9,1658,30.3,186,0,treino,100-199 min
4018,L,302,310.8,1902,23.4,188,0,validacao,100-199 min
4019,M,302,310.8,1783,23.1,190,0,treino,100-199 min
4020,M,302,310.9,1558,45.3,193,0,treino,100-199 min
4021,L,302.1,311,1351,49.5,196,0,treino,100-199 min
4022,H,302.1,310.9,1452,42.5,198,0,treino,100-199 min
4023,L,302.1,310.9,1666,30.7,203,0,treino,200+ min
4024,L,302.1,311,1364,50,205,0,validacao,200+ min
4025,M,302.1,311,1351,60.3,207,1,treino,200+ min
4026,H,302.1,311,1729,26.1,210,0,treino,200+ min
4027,M,302.1,311,1574,34.1,215,0,teste,200+ min
4028,L,302,311,1566,37.8,218,0,validacao,200+ min
4029,L,302,310.9,1455,43.2,220,0,teste,200+ min
4030,H,302,310.9,1679,29,222,0,treino,200+ min
4031,L,302,310.8,2143,17.3,227,0,treino,200+ min
4032,L,302,310.8,1447,42.7,229,0,teste,200+ min
4033,L,302,310.8,1383,50.3,231,1,treino,200+ min
4034,L,302.1,310.8,1772,27.1,233,0,validacao,200+ min
4035,L,302,310.8,1615,29,235,1,teste,200+ min
4036,L,302,310.8,1454,36.6,0,0,teste,0-99 min
4037,L,302,310.8,1445,49.1,2,0,treino,0-99 min
4038,M,302,310.8,1609,35.2,4,0,treino,0-99 min
4039,L,302,310.9,1546,34.4,7,0,treino,0-99 min
4040,L,301.9,310.8,1567,39.3,9,0,treino,0-99 min
4041,L,302,310.8,1767,27.4,11,0,treino,0-99 min
4042,L,302,310.9,1539,34.2,13,0,treino,0-99 min
4043,L,302,310.9,1564,39,15,0,treino,0-99 min
4044,M,302,310.8,1445,46.3,17,0,validacao,0-99 min
4045,M,301.9,310.9,1419,47.7,20,1,treino,0-99 min
4046,M,301.8,310.9,1881,20.9,23,0,treino,0-99 min
4047,M,301.9,310.9,1421,46.2,26,0,treino,0-99 min
4048,L,301.9,311,1455,46,29,0,treino,0-99 min
4049,L,301.9,311,2691,12.1,31,1,treino,0-99 min
4050,L,301.8,310.8,1505,41.2,33,0,treino,0-99 min
4051,L,301.8,310.8,1456,46.6,35,0,teste,0-99 min
4052,L,301.8,310.8,1383,46.4,37,0,treino,0-99 min
4053,M,301.9,310.8,1563,39.2,39,0,treino,0-99 min
4054,M,301.9,310.9,2305,16.1,42,0,validacao,0-99 min
4055,M,301.9,310.9,1456,43.6,45,0,treino,0-99 min
4056,L,302,311,1865,22.7,48,0,treino,0-99 min
4057,L,301.9,310.9,1597,36.9,50,0,treino,0-99 min
4058,L,302,310.9,1495,38.6,52,0,treino,0-99 min
4059,M,302,310.9,1456,47.2,54,0,treino,0-99 min
4060,L,301.9,310.8,1465,44.3,57,0,teste,0-99 min
4061,M,302,310.9,1352,55.5,59,0,teste,0-99 min
4062,L,301.9,310.8,1906,21.7,62,0,treino,0-99 min
4063,L,302,310.9,1446,44,64,0,treino,0-99 min
4064,L,302,310.8,1948,19.7,66,0,validacao,0-99 min
4065,L,301.9,310.7,1480,47.1,68,0,teste,0-99 min
4066,M,301.9,310.7,1511,37.6,70,0,treino,0-99 min
4067,M,301.9,310.7,1472,47,73,0,treino,0-99 min
4068,L,301.9,310.7,1429,51,76,0,treino,0-99 min
4069,L,301.9,310.7,1405,48.8,78,0,treino,0-99 min
4070,M,301.9,310.7,1405,47.9,80,0,validacao,0-99 min
4071,L,302,310.7,1348,58.1,83,0,validacao,0-99 min
4072,L,301.9,310.6,1331,68.6,85,1,treino,0-99 min
4073,L,301.9,310.6,1610,33.4,87,0,treino,0-99 min
4074,M,301.9,310.6,1412,46.5,89,0,validacao,0-99 min
4075,L,302,310.7,1453,42.7,92,0,treino,0-99 min
4076,L,302,310.6,1583,38.9,94,0,treino,0-99 min
4077,M,302,310.6,1539,37.4,96,0,treino,0-99 min
4078,L,302,310.5,1635,39.8,99,0,treino,0-99 min
4079,H,302.1,310.7,1294,62.4,101,1,teste,100-199 min
4080,L,302,310.5,1978,22,106,0,treino,100-199 min
4081,L,302,310.4,1357,58,108,1,teste,100-199 min
4082,L,302,310.4,1336,58.2,110,1,teste,100-199 min
4083,L,302,310.4,1568,39.2,112,0,treino,100-199 min
4084,M,302,310.4,1567,36.4,114,0,teste,100-199 min
4085,L,302,310.4,1611,35.6,117,0,treino,100-199 min
4086,H,302,310.5,1841,23.6,119,0,teste,100-199 min
4087,L,302,310.5,1567,36.1,124,0,treino,100-199 min
4088,L,301.9,310.4,1376,54.9,126,1,treino,100-199 min
4089,L,301.9,310.5,1477,42.4,128,0,treino,100-199 min
4090,M,301.9,310.5,1590,40.3,130,0,treino,100-199 min
4091,L,302,310.5,2197,15.8,133,0,treino,100-199 min
4092,M,302,310.4,1595,32.9,135,0,validacao,100-199 min
4093,H,302,310.5,1812,24.4,138,0,validacao,100-199 min
4094,M,302,310.5,1573,32.1,143,0,treino,100-199 min
4095,L,302,310.5,1651,30.9,146,0,treino,100-199 min
4096,H,302,310.5,1459,43.2,148,0,validacao,100-199 min
4097,L,301.9,310.4,1370,51.7,153,1,treino,100-199 min
4098,L,301.9,310.4,1518,34.1,155,0,treino,100-199 min
4099,L,302,310.3,1648,29.6,157,0,treino,100-199 min
4100,L,302,310.4,1464,47.2,159,0,teste,100-199 min
4101,L,302,310.4,1895,23.2,161,0,teste,100-199 min
4102,L,301.9,310.4,1884,23.4,163,0,validacao,100-199 min
4103,L,302,310.4,1450,46.6,165,0,treino,100-199 min
4104,L,302,310.4,1448,43.4,167,0,treino,100-199 min
4105,L,302.1,310.5,1389,49.6,169,0,treino,100-199 min
4106,L,302,310.6,1583,35.2,171,0,treino,100-199 min
4107,L,301.9,310.5,1425,51.1,173,0,teste,100-199 min
4108,L,302,310.5,1809,27.1,175,0,validacao,100-199 min
4109,L,301.9,310.5,1892,21.8,177,0,treino,100-199 min
4110,M,301.9,310.6,1475,47.8,179,0,treino,100-199 min
4111,L,302,310.6,1361,46.7,182,0,treino,100-199 min
4112,M,302,310.6,1563,41,184,0,teste,100-199 min
4113,H,301.9,310.5,1472,39.7,187,0,treino,100-199 min
4114,L,302,310.6,1325,55.3,192,0,teste,100-199 min
4115,L,302,310.6,1358,53.1,194,0,treino,100-199 min
4116,H,302,310.6,1346,54.7,196,0,treino,100-199 min
4117,M,302,310.5,1381,58.4,201,0,treino,200+ min
4118,L,301.9,310.5,1340,55.7,204,1,validacao,200+ min
4119,L,302,310.6,1366,47.7,206,0,treino,200+ min
4120,L,302.1,310.7,1325,45.1,208,1,validacao,200+ min
4121,M,302.1,310.7,1376,46.3,210,1,teste,200+ min
4122,M,302.1,310.7,1364,47.8,213,1,validacao,200+ min
4123,L,302.2,310.6,1462,43.6,0,0,teste,0-99 min
4124,M,302.1,310.6,1517,38.9,2,0,treino,0-99 min
4125,L,302.1,310.6,1385,53.6,5,0,treino,0-99 min
4126,L,302.1,310.6,1439,40,7,0,validacao,0-99 min
4127,M,302,310.6,1623,34.3,9,0,teste,0-99 min
4128,H,302,310.6,1438,43.2,12,0,treino,0-99 min
4129,L,301.9,310.4,1708,24.8,17,0,treino,0-99 min
4130,M,301.8,310.3,1666,32.7,19,0,treino,0-99 min
4131,L,301.9,310.4,1286,62.8,22,1,teste,0-99 min
4132,L,301.9,310.3,1485,46.3,24,0,treino,0-99 min
4133,M,301.8,310.3,1409,52.5,26,0,teste,0-99 min
4134,L,301.8,310.3,1765,27.3,29,0,validacao,0-99 min
4135,L,301.8,310.3,1688,28.8,31,0,teste,0-99 min
4136,M,301.7,310.3,1787,26.7,33,0,validacao,0-99 min
4137,L,301.7,310.1,1487,48,36,0,teste,0-99 min
4138,L,301.7,310.1,1384,50.5,38,0,treino,0-99 min
4139,L,301.7,310.2,1311,57.4,40,1,treino,0-99 min
4140,H,301.7,310.2,1620,30.8,42,0,treino,0-99 min
4141,L,301.7,310.2,1331,61.2,47,1,treino,0-99 min
4142,H,301.7,310.1,1462,38.3,49,0,teste,0-99 min
4143,L,301.7,310.1,1424,50.2,54,0,treino,0-99 min
4144,L,301.7,310.1,1500,39.6,56,0,teste,0-99 min
4145,L,301.8,310.1,1738,28,58,0,treino,0-99 min
4146,M,301.8,310.3,1465,46.5,60,0,treino,0-99 min
4147,L,301.8,310.3,1482,41.4,63,0,treino,0-99 min
4148,L,301.9,310.3,1398,44,65,0,treino,0-99 min
4149,L,301.9,310.3,1972,21.3,67,0,treino,0-99 min
4150,L,301.9,310.4,1603,37.6,69,0,treino,0-99 min
4151,L,301.9,310.4,1610,34.8,71,0,treino,0-99 min
4152,M,301.9,310.4,1373,48,73,1,treino,0-99 min
4153,M,302,310.5,1425,44.7,76,0,validacao,0-99 min
4154,M,302,310.4,1212,55.6,79,1,treino,0-99 min
4155,M,302,310.4,1828,26.3,82,0,treino,0-99 min
4156,L,302,310.5,1370,44.4,85,1,treino,0-99 min
4157,M,302,310.5,1823,25.1,87,0,teste,0-99 min
4158,L,302,310.5,1263,60.6,90,1,treino,0-99 min
4159,L,301.9,310.4,1889,21.5,92,0,treino,0-99 min
4160,M,302,310.5,1639,32.9,94,0,treino,0-99 min
4161,M,302,310.4,1608,33.1,97,0,teste,0-99 min
4162,H,301.9,310.3,1653,32.4,100,0,treino,100-199 min
4163,L,302,310.4,1591,29.8,105,0,treino,100-199 min
4164,L,302.1,310.5,1696,30.9,107,0,treino,100-199 min
4165,L,302.2,310.6,1346,47.5,109,1,validacao,100-199 min
4166,M,302.2,310.5,1507,40.4,111,0,treino,100-199 min
4167,H,302.3,310.6,1525,48.7,114,0,validacao,100-199 min
4168,M,302.3,310.7,1559,33.9,119,0,validacao,100-199 min
4169,L,302.2,310.6,1632,30.5,122,0,treino,100-199 min
4170,L,302.1,310.5,1559,36,124,0,treino,100-199 min
4171,M,302.2,310.6,1355,51.5,126,1,teste,100-199 min
4172,M,302.2,310.5,1832,23.7,129,0,validacao,100-199 min
4173,L,302.2,310.6,1386,50,132,0,treino,100-199 min
4174,M,302.2,310.6,1346,49.2,134,1,treino,100-199 min
4175,L,302.3,310.7,1499,37.8,137,0,treino,100-199 min
4176,L,302.3,310.7,1612,33.4,139,0,validacao,100-199 min
4177,M,302.3,310.7,1544,39.7,141,0,teste,100-199 min
4178,L,302.5,310.9,1477,39.2,144,0,treino,100-199 min
4179,L,302.5,310.9,1624,34.4,146,0,treino,100-199 min
4180,L,302.4,310.9,1349,46.1,148,1,teste,100-199 min
4181,L,302.4,310.8,1686,28.8,150,0,validacao,100-199 min
4182,M,302.4,310.7,1521,40.4,152,0,treino,100-199 min
4183,L,302.4,310.7,1362,54.8,155,1,treino,100-199 min
4184,L,302.3,310.7,1402,50.9,157,0,treino,100-199 min
4185,L,302.2,310.6,1334,53.2,159,1,treino,100-199 min
4186,L,302.2,310.6,1348,48.4,161,1,treino,100-199 min
4187,M,302.2,310.6,1570,34.6,163,0,treino,100-199 min
4188,M,302.2,310.7,1601,33,166,0,treino,100-199 min
4189,M,302.3,310.8,1611,31.8,169,0,validacao,100-199 min
4190,L,302.4,310.9,1560,31.8,172,0,treino,100-199 min
4191,H,302.4,310.9,1444,40.7,174,0,treino,100-199 min
4192,L,302.4,311,1317,59.4,179,0,validacao,100-199 min
4193,M,302.5,311,1463,43.1,181,0,teste,100-199 min
4194,L,302.4,311.1,1634,34.2,184,0,treino,100-199 min
4195,L,302.4,311,1423,46.2,186,0,validacao,100-199 min
4196,L,302.5,311,1548,38.4,188,0,treino,100-199 min
4197,M,302.5,311,1563,35.6,190,0,teste,100-199 min
4198,L,302.4,311,1573,36.5,193,0,treino,100-199 min
4199,M,302.4,311.1,1432,44.5,195,0,treino,100-199 min
4200,M,302.5,311.1,1638,32,198,0,treino,100-199 min
4201,L,302.5,311.1,1571,34.2,201,0,treino,200+ min
4202,L,302.4,311,2211,15.4,203,0,teste,200+ min
4203,L,302.4,311,1555,40.6,205,0,validacao,200+ min
4204,M,302.3,310.9,1558,31.9,207,0,validacao,200+ min
4205,M,302.3,310.9,1523,43.2,210,0,treino,200+ min
4206,L,302.3,310.8,1723,26.3,213,0,treino,200+ min
4207,M,302.3,310.8,1721,28.4,215,0,treino,200+ min
4208,M,302.3,310.9,1710,30.4,218,1,treino,200+ min
4209,M,302.3,310.9,1627,32.3,0,0,treino,0-99 min
4210,M,302.2,310.8,1422,47,3,0,validacao,0-99 min
4211,L,302.1,310.8,1565,35.3,6,0,treino,0-99 min
4212,L,302.1,310.7,1314,52.8,8,1,treino,0-99 min
4213,M,302,310.6,1392,60.5,10,0,teste,0-99 min
4214,L,302.1,310.7,1465,40.7,13,0,treino,0-99 min
4215,L,301.9,310.6,1573,36.6,15,0,treino,0-99 min
4216,M,302,310.7,2157,17.8,17,0,treino,0-99 min
4217,L,301.9,310.7,1370,50.3,20,0,treino,0-99 min
4218,L,301.9,310.6,1462,38.8,22,0,treino,0-99 min
4219,M,302,310.6,1479,40.5,24,0,treino,0-99 min
4220,L,301.9,310.7,1717,26.8,27,0,treino,0-99 min
4221,M,301.9,310.6,1260,65.9,29,0,treino,0-99 min
4222,L,301.9,310.6,1467,39.3,32,0,treino,0-99 min
4223,M,302,310.6,1535,38.6,34,0,teste,0-99 min
4224,L,302,310.7,1657,31.9,37,0,teste,0-99 min
4225,L,302,310.7,1698,28.1,39,0,treino,0-99 min
4226,L,302.1,310.7,1359,49.3,41,1,treino,0-99 min
4227,L,302.1,310.8,1596,37.1,43,0,validacao,0-99 min
4228,L,302.2,310.8,1383,46.9,45,0,validacao,0-99 min
4229,L,302.2,310.8,2203,16.6,47,0,treino,0-99 min
4230,M,302.2,310.8,1408,46.8,49,0,treino,0-99 min
4231,L,302.2,310.8,1673,32.9,52,0,treino,0-99 min
4232,L,302.2,310.8,1340,47.8,54,0,teste,0-99 min
4233,L,302.2,310.9,1452,42.3,56,0,treino,0-99 min
4234,M,302.2,310.9,1302,53.4,58,0,validacao,0-99 min
4235,H,302.2,310.9,1522,35.9,61,0,validacao,0-99 min
4236,L,302.2,310.8,1438,41.4,66,0,validacao,0-99 min
4237,L,302.2,310.9,1604,40.5,68,0,treino,0-99 min
4238,L,302.2,311,1832,23.2,70,0,treino,0-99 min
4239,M,302.3,311,1521,34.8,72,0,treino,0-99 min
4240,L,302.3,311,1446,37.6,75,0,treino,0-99 min
4241,L,302.4,311.1,1905,20.9,77,0,validacao,0-99 min
4242,L,302.4,311,1475,47.9,79,0,teste,0-99 min
4243,L,302.4,311,1462,48.5,81,0,treino,0-99 min
4244,M,302.4,310.9,1435,42.3,83,0,teste,0-99 min
4245,L,302.4,310.9,1469,39.6,86,0,treino,0-99 min
4246,M,302.6,311.1,1520,43,88,0,treino,0-99 min
4247,L,302.6,311,1537,35.5,91,0,treino,0-99 min
4248,L,302.6,311,1369,60,93,1,treino,0-99 min
4249,L,302.6,311,1506,37.2,95,0,treino,0-99 min
4250,L,302.5,310.9,1330,56.9,97,1,validacao,0-99 min
4251,L,302.6,311,1660,38,99,0,teste,0-99 min
4252,H,302.5,310.9,1356,55.5,101,1,treino,100-199 min
4253,H,302.6,311,1438,51,106,0,treino,100-199 min
4254,M,302.6,311,1329,48.6,111,1,treino,100-199 min
4255,L,302.6,311,1284,68,114,1,treino,100-199 min
4256,M,302.5,311,1387,52.1,116,0,teste,100-199 min
4257,M,302.6,311,1591,33.9,119,0,validacao,100-199 min
4258,M,302.6,311,1589,39,122,0,treino,100-199 min
4259,M,302.7,311.1,1297,60.7,125,1,teste,100-199 min
4260,L,302.7,311.2,1545,35.1,128,0,treino,100-199 min
4261,H,302.7,311.1,1418,43.4,130,0,treino,100-199 min
4262,L,302.7,311.1,1730,28.1,135,0,treino,100-199 min
4263,L,302.6,311,2001,20.7,137,0,treino,100-199 min
4264,L,302.6,311,1620,36.2,139,0,treino,100-199 min
4265,M,302.6,311,1542,39.7,141,0,teste,100-199 min
4266,L,302.6,311,1424,38,144,0,validacao,100-199 min
4267,L,302.7,311.1,1440,39.5,146,0,treino,100-199 min
4268,L,302.6,311,1520,42.8,148,0,validacao,100-199 min
4269,L,302.7,311,1694,29.8,150,0,treino,100-199 min
4270,L,302.6,311,1610,39.2,152,0,validacao,100-199 min
4271,L,302.6,310.9,1331,52,154,1,teste,100-199 min
4272,L,302.6,310.8,1470,41.2,156,0,teste,100-199 min
4273,L,302.5,310.8,1577,36.9,158,0,validacao,100-199 min
4274,L,302.6,310.8,1486,36.4,160,0,validacao,100-199 min
4275,L,302.4,310.6,1445,40.3,162,0,teste,100-199 min
4276,M,302.4,310.5,1500,36.7,164,0,treino,100-199 min
4277,M,302.2,310.4,1456,47.5,167,0,treino,100-199 min
4278,L,302.2,310.4,1743,28.1,170,0,treino,100-199 min
4279,L,302,310.1,1409,50.4,172,0,treino,100-199 min
4280,L,302,310.1,1361,45.4,174,1,validacao,100-199 min
4281,L,302.1,310.1,1753,28.9,176,0,treino,100-199 min
4282,L,302,310,1832,22.9,178,0,validacao,100-199 min
4283,L,301.9,309.9,1374,48.5,180,1,treino,100-199 min
4284,M,301.8,309.9,1334,61,182,1,teste,100-199 min
4285,L,301.8,310,1493,40.3,185,0,validacao,100-199 min
4286,L,301.7,309.9,1317,49,187,1,treino,100-199 min
4287,M,301.7,309.9,1434,47.9,189,0,validacao,100-199 min
4288,M,301.7,309.9,1457,39.2,192,0,teste,100-199 min
4289,M,301.7,310,1391,50.6,195,0,teste,100-199 min
4290,M,301.8,310,1781,23.9,198,0,validacao,100-199 min
4291,L,301.8,310,1642,32.6,201,0,validacao,200+ min
4292,L,301.8,310,2032,19,203,0,teste,200+ min
4293,M,301.8,310.1,2372,13.9,205,1,treino,200+ min
4294,L,301.8,310,1393,44.9,208,0,treino,200+ min
4295,M,301.7,310.1,1743,27.3,210,0,treino,200+ min
4296,L,301.8,310.2,1457,40.4,213,0,treino,200+ min
4297,L,301.8,310.2,2825,5.8,215,1,teste,200+ min
4298,M,301.8,310.2,1609,34.2,217,0,teste,200+ min
4299,M,301.8,310.2,1437,42.3,0,0,treino,0-99 min
4300,L,301.7,310.1,1402,50.1,3,0,treino,0-99 min
4301,M,301.7,310.1,1644,34.6,5,0,treino,0-99 min
4302,L,301.7,310.2,1471,51.1,8,0,treino,0-99 min
4303,L,301.7,310.1,2695,12.6,10,0,treino,0-99 min
4304,L,301.7,310.2,1435,48.1,12,0,treino,0-99 min
4305,L,301.6,310.1,1694,26.3,14,0,treino,0-99 min
4306,L,301.6,310.1,1687,26.6,16,0,teste,0-99 min
4307,L,301.6,310,1869,22.9,18,0,treino,0-99 min
4308,L,301.4,309.9,1259,63.9,20,1,teste,0-99 min
4309,H,301.4,309.9,1460,47.2,22,0,validacao,0-99 min
4310,M,301.3,309.9,1501,39.5,27,0,treino,0-99 min
4311,L,301.4,310,1776,25.6,30,0,treino,0-99 min
4312,M,301.5,310.1,1468,40.8,32,0,treino,0-99 min
4313,L,301.5,310.1,1430,46.5,35,0,teste,0-99 min
4314,L,301.4,310.1,1502,46.6,37,0,treino,0-99 min
4315,H,301.4,310.1,1623,32.3,39,0,treino,0-99 min
4316,M,301.4,310,1651,29.8,44,0,teste,0-99 min
4317,L,301.5,310.1,1639,33.4,47,0,treino,0-99 min
4318,M,301.5,310,1417,44.6,49,0,treino,0-99 min
4319,L,301.5,310.1,1541,42.2,52,0,treino,0-99 min
4320,M,301.6,310.2,1411,45.1,54,0,teste,0-99 min
4321,L,301.7,310.3,1397,44.6,57,0,treino,0-99 min
4322,L,301.7,310.2,1686,28.9,59,0,validacao,0-99 min
4323,M,301.7,310.1,1431,44,61,0,treino,0-99 min
4324,L,301.8,310.3,1341,50.5,64,1,treino,0-99 min
4325,L,301.7,310.2,1486,43,66,0,teste,0-99 min
4326,L,301.6,310.2,1384,57.1,68,0,treino,0-99 min
4327,L,301.6,310.1,1362,55.8,70,1,treino,0-99 min
4328,H,301.7,310.1,1660,29.3,72,0,teste,0-99 min
4329,L,301.6,310.1,1326,48.2,77,1,treino,0-99 min
4330,L,301.6,310,1566,30.3,79,0,teste,0-99 min
4331,L,301.5,309.8,1549,38.5,81,0,teste,0-99 min
4332,M,301.6,309.9,1746,31.1,83,0,validacao,0-99 min
4333,M,301.7,309.9,1452,41.5,86,0,teste,0-99 min
4334,L,301.6,309.8,1588,33.9,89,0,validacao,0-99 min
4335,L,301.6,309.8,1472,42.5,91,0,treino,0-99 min
4336,L,301.7,309.9,1607,37.7,93,0,treino,0-99 min
4337,H,301.6,309.9,1423,53.6,95,0,treino,0-99 min
4338,L,301.6,309.9,1440,43.4,100,0,teste,100-199 min
4339,L,301.6,309.9,1397,43.7,102,0,treino,100-199 min
4340,L,301.7,309.9,1524,46.6,104,0,teste,100-199 min
4341,M,301.7,309.9,1533,40.9,106,0,treino,100-199 min
4342,L,301.7,309.8,1398,46,109,0,treino,100-199 min
4343,M,301.7,309.8,1284,68.2,111,1,teste,100-199 min
4344,L,301.7,309.8,1491,39.3,114,0,validacao,100-199 min
4345,H,301.8,309.9,1418,51.3,116,0,validacao,100-199 min
4346,M,301.8,309.8,1546,39.8,121,0,treino,100-199 min
4347,L,301.8,309.7,1598,30.4,124,0,validacao,100-199 min
4348,H,301.9,309.8,1724,27.5,126,0,treino,100-199 min
4349,L,301.9,309.8,1507,44.7,131,0,treino,100-199 min
4350,L,301.9,309.7,1595,31.4,133,0,teste,100-199 min
4351,M,301.9,309.7,1568,37.5,135,0,treino,100-199 min
4352,L,301.8,309.6,1432,43.7,138,0,teste,100-199 min
4353,L,301.9,309.7,1424,42.8,140,0,treino,100-199 min
4354,M,302,309.7,1386,62.7,142,1,validacao,100-199 min
4355,L,302,309.8,1456,58.1,145,0,treino,100-199 min
4356,H,302,309.8,1280,57.3,147,1,treino,100-199 min
4357,L,302,309.8,1649,31,152,0,treino,100-199 min
4358,L,302,309.9,1407,52.8,154,0,teste,100-199 min
4359,H,302,309.9,1606,34.5,156,0,treino,100-199 min
4360,M,302.1,310,1531,38,161,0,treino,100-199 min
4361,L,302.1,310.1,1543,35.8,164,0,teste,100-199 min
4362,M,302.1,310.1,1379,48.2,166,1,treino,100-199 min
4363,L,302.1,310.1,1447,46.6,169,0,treino,100-199 min
4364,H,302.1,310.1,1844,24.6,171,0,teste,100-199 min
4365,H,302.1,310.1,1615,29.9,176,0,treino,100-199 min
4366,L,302,310,1449,48.8,181,0,treino,100-199 min
4367,L,302,309.9,1388,51.4,183,0,treino,100-199 min
4368,H,302,309.9,1447,42.8,185,0,teste,100-199 min
4369,L,302,310,1664,28.6,190,0,treino,100-199 min
4370,H,302,309.9,1735,27.2,192,0,validacao,100-199 min
4371,L,302,309.9,1308,57.6,197,1,treino,100-199 min
4372,L,302,309.8,1480,40,199,0,treino,100-199 min
4373,M,301.9,309.6,1439,41.7,201,0,treino,200+ min
4374,M,301.9,309.7,1533,35.9,204,0,validacao,200+ min
4375,L,302,309.7,1551,34.8,207,0,teste,200+ min
4376,L,302,309.7,1414,36.3,209,0,treino,200+ min
4377,M,301.9,309.6,1551,34.6,211,0,validacao,200+ min
4378,M,301.8,309.6,1436,49,214,0,validacao,200+ min
4379,M,301.9,309.6,1385,45.8,217,0,treino,200+ min
4380,M,301.8,309.5,1732,30.1,220,0,teste,200+ min
4381,L,301.9,309.6,1410,49,223,0,treino,200+ min
4382,L,301.9,309.6,1446,43.2,225,0,teste,200+ min
4383,L,301.8,309.5,1525,39.6,227,0,treino,200+ min
4384,L,301.7,309.5,1298,65.5,229,1,treino,200+ min
4385,L,301.8,309.6,1443,42.7,231,0,teste,200+ min
4386,L,301.8,309.7,1442,45.3,233,1,treino,200+ min
4387,L,301.9,309.7,1719,31.9,0,0,treino,0-99 min
4388,L,302,309.8,1532,39.4,2,0,treino,0-99 min
4389,L,302,309.8,1701,27.2,4,0,treino,0-99 min
4390,M,302.1,310,1355,45.1,6,1,treino,0-99 min
4391,M,302.2,310.1,1421,45.4,9,0,treino,0-99 min
4392,M,302.2,310.1,1368,51.6,12,1,treino,0-99 min
4393,L,302.2,310.1,1458,45.1,15,0,teste,0-99 min
4394,M,302.2,310.1,1572,34.6,17,0,treino,0-99 min
4395,L,302.2,310,1483,48.7,20,0,teste,0-99 min
4396,L,302.3,310.1,1513,40.4,22,0,treino,0-99 min
4397,H,302.3,310.1,1383,42.9,24,0,treino,0-99 min
4398,L,302.4,310.2,1539,37.7,29,0,treino,0-99 min
4399,M,302.3,310.1,1563,37.8,31,0,validacao,0-99 min
4400,L,302.3,310.1,1653,29.7,34,0,treino,0-99 min
4401,L,302.3,310.1,1353,50.9,36,1,treino,0-99 min
4402,H,302.2,310,1468,43.6,38,0,treino,0-99 min
4403,H,302.3,310.2,1506,33.8,43,0,treino,0-99 min
4404,L,302.3,310.1,1388,49.9,48,0,teste,0-99 min
4405,M,302.4,310.2,1485,45.9,50,0,teste,0-99 min
4406,L,302.4,310.2,1331,45.5,53,1,treino,0-99 min
4407,L,302.5,310.3,1326,58.5,55,1,treino,0-99 min
4408,L,302.3,310.2,1394,55.4,57,0,treino,0-99 min
4409,L,302.4,310.1,2009,18.9,59,0,treino,0-99 min
4410,M,302.4,310.1,1358,54.6,61,1,treino,0-99 min
4411,L,302.5,310.2,1586,32.2,64,0,treino,0-99 min
4412,L,302.5,310.3,1688,31.6,66,0,validacao,0-99 min
4413,L,302.6,310.5,1450,43.2,68,0,validacao,0-99 min
4414,M,302.7,310.5,1398,47.3,70,0,teste,0-99 min
4415,L,302.7,310.5,1520,39.3,73,0,treino,0-99 min
4416,L,302.6,310.4,1514,42.7,75,0,treino,0-99 min
4417,M,302.6,310.4,1532,36.1,77,0,validacao,0-99 min
4418,L,302.6,310.4,1365,66.8,80,1,treino,0-99 min
4419,L,302.6,310.3,1642,33.2,82,0,treino,0-99 min
4420,M,302.6,310.2,2676,10.8,84,1,treino,0-99 min
4421,H,302.6,310.2,1873,21.3,87,0,treino,0-99 min
4422,L,302.6,310.2,1325,62.4,92,1,treino,0-99 min
4423,M,302.6,310.2,2157,17.2,94,0,validacao,0-99 min
4424,M,302.6,310.2,1563,39,97,0,validacao,0-99 min
4425,M,302.6,310.2,1631,31,100,0,treino,100-199 min
4426,L,302.5,310.2,1547,36.9,103,0,treino,100-199 min
4427,L,302.6,310.3,1479,40.4,105,0,treino,100-199 min
4428,M,302.4,310.1,1379,48.9,107,1,teste,100-199 min
4429,L,302.4,310.1,1906,21.2,110,0,treino,100-199 min
4430,M,302.3,310.1,1731,33.4,112,0,teste,100-199 min
4431,H,302.3,310.1,1688,30.4,115,0,treino,100-199 min
4432,H,302.3,310.2,1443,54.6,120,0,teste,100-199 min
4433,L,302.4,310.2,1445,46.4,125,0,treino,100-199 min
4434,H,302.4,310.2,1435,44.9,127,0,treino,100-199 min
4435,L,302.4,310.1,1556,32.9,132,0,treino,100-199 min
4436,L,302.3,310.1,1321,52.7,134,1,validacao,100-199 min
4437,M,302.4,310.1,1577,35.8,136,0,validacao,100-199 min
4438,L,302.4,310.2,1578,31.2,139,0,teste,100-199 min
4439,L,302.4,310.1,1418,52.3,141,0,treino,100-199 min
4440,M,302.4,310.2,1392,55.8,143,0,validacao,100-199 min
4441,L,302.5,310.3,1446,44,146,0,treino,100-199 min
4442,L,302.5,310.2,1329,50.6,148,1,treino,100-199 min
4443,L,302.5,310.2,1563,34.8,150,0,treino,100-199 min
4444,L,302.5,310.3,1405,57.4,152,0,treino,100-199 min
4445,L,302.4,310.2,2224,16,154,0,treino,100-199 min
4446,L,302.5,310.2,1716,29.9,156,0,treino,100-199 min
4447,L,302.5,310.3,1584,35.5,158,0,treino,100-199 min
4448,M,302.5,310.3,1488,41.8,160,0,treino,100-199 min
4449,L,302.4,310.3,1374,51.2,163,1,treino,100-199 min
4450,M,302.4,310.3,1378,54.3,165,1,teste,100-199 min
4451,L,302.5,310.3,1551,37.3,168,0,teste,100-199 min
4452,L,302.5,310.3,1549,40.9,170,0,treino,100-199 min
4453,M,302.5,310.3,1447,39.2,172,0,treino,100-199 min
4454,L,302.4,310.2,1400,53.7,175,0,teste,100-199 min
4455,L,302.4,310.1,1401,48.8,177,0,teste,100-199 min
4456,H,302.4,310.1,1597,28.9,179,0,treino,100-199 min
4457,L,302.3,310.1,1487,46,184,0,treino,100-199 min
4458,M,302.5,310.3,1710,27.3,186,0,validacao,100-199 min
4459,L,302.6,310.4,1478,47.7,189,0,teste,100-199 min
4460,L,302.6,310.4,1743,26.3,191,0,treino,100-199 min
4461,L,302.6,310.5,1596,32.8,193,0,treino,100-199 min
4462,L,302.7,310.5,1642,30.8,195,0,teste,100-199 min
4463,L,302.7,310.5,1263,67.8,197,1,validacao,100-199 min
4464,L,302.8,310.6,2016,19.9,199,0,treino,100-199 min
4465,L,302.8,310.6,1671,30.5,201,0,treino,200+ min
4466,L,302.8,310.6,1404,43.2,203,0,treino,200+ min
4467,L,302.8,310.6,1470,41.1,205,0,teste,200+ min
4468,L,302.8,310.6,1617,37.9,207,0,validacao,200+ min
4469,L,302.7,310.5,1725,29,209,0,treino,200+ min
4470,L,302.7,310.5,1446,40.9,211,1,treino,200+ min
4471,L,302.7,310.6,1564,34.3,0,0,validacao,0-99 min
4472,L,302.8,310.6,1670,29.1,2,0,teste,0-99 min
4473,L,302.7,310.6,1501,48.7,4,0,treino,0-99 min
4474,L,302.7,310.5,1551,35.9,6,0,treino,0-99 min
4475,L,302.7,310.5,1563,35,8,0,teste,0-99 min
4476,L,302.7,310.5,1351,41.8,10,1,treino,0-99 min
4477,L,302.6,310.4,1415,52.1,12,0,treino,0-99 min
4478,L,302.6,310.3,1647,34.2,14,0,validacao,0-99 min
4479,L,302.5,310.2,1477,41.6,16,0,treino,0-99 min
4480,L,302.6,310.2,1923,21.5,18,0,validacao,0-99 min
4481,H,302.7,310.4,1305,55.2,20,1,treino,0-99 min
4482,M,302.6,310.4,1544,35.1,25,0,treino,0-99 min
4483,H,302.7,310.5,1568,36.9,28,0,validacao,0-99 min
4484,L,302.7,310.4,1489,42.7,33,0,validacao,0-99 min
4485,M,302.6,310.4,1451,43.1,35,0,validacao,0-99 min
4486,L,302.7,310.4,1542,35.7,38,0,treino,0-99 min
4487,M,302.6,310.5,1965,20.2,40,0,treino,0-99 min
4488,L,302.5,310.5,1436,36.5,43,0,teste,0-99 min
4489,M,302.5,310.4,1509,37.6,45,0,teste,0-99 min
4490,L,302.5,310.4,1487,40.2,48,0,treino,0-99 min
4491,L,302.5,310.4,1967,20.3,50,0,treino,0-99 min
4492,H,302.6,310.4,1409,53.3,52,0,treino,0-99 min
4493,M,302.6,310.5,1420,56.4,57,0,validacao,0-99 min
4494,L,302.7,310.5,1511,37.7,60,0,treino,0-99 min
4495,H,302.6,310.4,1649,30.1,62,0,validacao,0-99 min
4496,L,302.6,310.4,1359,57.2,67,1,teste,0-99 min
4497,M,302.5,310.4,1605,36,69,0,treino,0-99 min
4498,L,302.5,310.3,1523,36,72,0,treino,0-99 min
4499,H,302.6,310.4,1614,36,74,0,validacao,0-99 min
4500,H,302.6,310.3,1721,27.4,79,0,treino,0-99 min
4501,L,302.6,310.4,1638,36.2,84,0,validacao,0-99 min
4502,L,302.5,310.2,1307,54,86,1,validacao,0-99 min
4503,L,302.4,310.2,1642,28.3,88,0,teste,0-99 min
4504,M,302.5,310.2,1751,30.5,90,0,validacao,0-99 min
4505,L,302.4,310.1,1645,31.6,93,0,treino,0-99 min
4506,L,302.4,310.1,1426,46.8,95,0,treino,0-99 min
4507,M,302.4,310.1,1520,36.6,97,0,treino,0-99 min
4508,L,302.4,310.1,1709,31.8,100,0,treino,100-199 min
4509,L,302.4,310,1426,46.6,102,0,teste,100-199 min
4510,L,302.4,310.1,1429,43.7,104,0,validacao,100-199 min
4511,L,302.4,310.2,1346,62.4,106,1,treino,100-199 min
4512,L,302.5,310.2,1454,43,108,0,treino,100-199 min
4513,M,302.5,310.3,1411,49.5,110,0,treino,100-199 min
4514,L,302.4,310.3,1900,24.4,113,0,treino,100-199 min
4515,L,302.4,310.3,1479,36.2,115,0,treino,100-199 min
4516,L,302.5,310.4,1415,48.2,117,0,treino,100-199 min
4517,L,302.5,310.3,1539,39,119,0,treino,100-199 min
4518,L,302.4,310.3,1520,31.6,121,0,validacao,100-199 min
4519,L,302.4,310.3,1480,45.8,123,0,treino,100-199 min
4520,L,302.4,310.4,1666,29.7,125,0,validacao,100-199 min
4521,L,302.4,310.4,1456,47.6,127,0,validacao,100-199 min
4522,L,302.4,310.4,1865,23.9,129,0,treino,100-199 min
4523,M,302.5,310.5,1918,21.6,131,0,treino,100-199 min
4524,L,302.5,310.4,1488,48.4,134,0,validacao,100-199 min
4525,M,302.5,310.5,1527,38.8,136,0,treino,100-199 min
4526,M,302.4,310.4,1463,42.2,139,0,teste,100-199 min
4527,L,302.4,310.4,1521,38.5,142,0,treino,100-199 min
4528,M,302.4,310.5,1372,45.7,144,1,treino,100-199 min
4529,L,302.5,310.5,1507,39.5,147,0,treino,100-199 min
4530,M,302.4,310.4,1586,34.3,149,0,treino,100-199 min
4531,L,302.5,310.4,1487,42,152,0,treino,100-199 min
4532,L,302.5,310.5,1520,41.2,154,0,treino,100-199 min
4533,H,302.5,310.4,1422,41.9,156,0,treino,100-199 min
4534,M,302.4,310.3,1375,52.5,161,1,treino,100-199 min
4535,L,302.4,310.2,1633,28,164,0,validacao,100-199 min
4536,L,302.4,310.2,1503,36.2,166,0,treino,100-199 min
4537,L,302.4,310.2,1351,45.1,168,1,treino,100-199 min
4538,L,302.3,310.2,1548,35.3,170,0,treino,100-199 min
4539,L,302.4,310.3,1923,23.3,172,0,teste,100-199 min
4540,L,302.5,310.3,1592,32.6,174,0,treino,100-199 min
4541,M,302.5,310.4,1580,35.6,176,0,treino,100-199 min
4542,L,302.5,310.4,1427,46.8,179,0,validacao,100-199 min
4543,M,302.5,310.4,1581,32.7,181,0,teste,100-199 min
4544,M,302.6,310.5,1542,39.9,184,0,teste,100-199 min
4545,L,302.5,310.4,1349,55.1,187,1,teste,100-199 min
4546,L,302.5,310.5,1463,43,189,0,treino,100-199 min
4547,M,302.5,310.4,1429,43.2,191,0,teste,100-199 min
4548,M,302.5,310.4,1451,53.6,194,0,treino,100-199 min
4549,L,302.6,310.5,1511,37.2,197,0,validacao,100-199 min
4550,L,302.6,310.6,1549,37.5,199,0,treino,100-199 min
4551,M,302.5,310.5,1507,40.2,201,0,validacao,200+ min
4552,M,302.6,310.5,1524,33.7,204,0,treino,200+ min
4553,M,302.7,310.5,1880,22.7,207,0,treino,200+ min
4554,L,302.6,310.5,1461,45.4,0,0,treino,0-99 min
4555,L,302.6,310.5,1748,28.2,2,0,treino,0-99 min
4556,L,302.7,310.6,1690,26.7,4,0,treino,0-99 min
4557,M,302.7,310.6,1349,51.2,6,1,treino,0-99 min
4558,L,302.7,310.6,1686,26.3,9,0,treino,0-99 min
4559,L,302.7,310.7,1369,47.5,11,1,treino,0-99 min
4560,L,302.7,310.7,1433,43.7,13,0,treino,0-99 min
4561,L,302.7,310.7,1597,41.9,15,0,treino,0-99 min
4562,L,302.9,310.8,1610,32.2,17,0,validacao,0-99 min
4563,L,302.7,310.7,1398,57.7,19,0,validacao,0-99 min
4564,L,302.7,310.7,1977,20,21,0,treino,0-99 min
4565,L,302.8,310.8,1516,39.5,23,0,treino,0-99 min
4566,H,302.7,310.8,1275,55,25,1,teste,0-99 min
4567,L,302.8,310.8,1402,50.5,30,0,teste,0-99 min
4568,M,302.8,310.8,1451,44.7,32,0,treino,0-99 min
4569,M,302.7,310.8,1555,36.1,35,0,treino,0-99 min
4570,L,302.8,310.9,1636,35,38,0,treino,0-99 min
4571,L,302.8,310.9,1312,52.2,40,1,treino,0-99 min
4572,L,302.8,310.9,1708,29.8,42,0,treino,0-99 min
4573,M,302.9,311,1556,36.5,44,0,treino,0-99 min
4574,H,302.8,311,1436,43.5,47,0,validacao,0-99 min
4575,M,302.9,311,1402,40.7,52,0,validacao,0-99 min
4576,M,302.9,311,1437,49.9,55,0,teste,0-99 min
4577,M,302.9,311.1,1926,21.8,58,0,teste,0-99 min
4578,L,303,311.2,1800,23.7,61,0,teste,0-99 min
4579,L,303,311.2,1641,32.6,63,0,validacao,0-99 min
4580,L,303,311.2,1374,48.2,65,1,treino,0-99 min
4581,L,303,311.2,1494,37,67,0,treino,0-99 min
4582,L,303,311.2,1601,32.9,69,0,treino,0-99 min
4583,L,302.9,311.2,1634,36.9,71,0,validacao,0-99 min
4584,M,302.9,311.2,1467,37.7,73,0,treino,0-99 min
4585,L,302.8,311.1,1550,32.3,76,0,teste,0-99 min
4586,L,302.8,311.1,1563,32.2,78,0,validacao,0-99 min
4587,L,302.7,310.9,1395,48.3,80,0,treino,0-99 min
4588,M,302.8,311,1507,33.4,82,0,teste,0-99 min
4589,L,302.8,311,1564,38.5,85,0,teste,0-99 min
4590,L,302.8,311.1,1721,30,87,0,treino,0-99 min
4591,L,302.8,311.1,1456,36.1,89,0,treino,0-99 min
4592,H,302.9,311.2,2102,17.8,91,0,teste,0-99 min
4593,L,302.9,311.1,1555,33.9,96,0,treino,0-99 min
4594,L,303,311.2,1409,41.9,98,0,treino,0-99 min
4595,M,303,311.2,1387,41.4,100,0,validacao,100-199 min
4596,M,303,311.2,1460,43.9,103,0,validacao,100-199 min
4597,L,303,311.2,1361,47.6,106,1,validacao,100-199 min
4598,M,303,311.1,1490,43,108,0,treino,100-199 min
4599,L,303.1,311.2,1399,49.2,111,0,treino,100-199 min
4600,L,303.1,311.1,1420,55.8,113,0,treino,100-199 min
4601,L,303,311,1359,44.2,115,1,teste,100-199 min
4602,M,303,311.1,1372,54.3,117,1,teste,100-199 min
4603,M,303,311,1409,41.7,120,0,treino,100-199 min
4604,H,302.9,311,1452,58.3,123,0,treino,100-199 min
4605,L,302.9,311,1820,24.6,128,0,teste,100-199 min
4606,H,302.9,311,1469,48.7,130,0,treino,100-199 min
4607,L,302.9,311.1,1556,45.3,135,0,validacao,100-199 min
4608,L,303,311.1,1980,20.2,137,0,validacao,100-199 min
4609,M,303,311.2,1519,38,139,0,treino,100-199 min
4610,L,303,311.2,1456,44,142,0,treino,100-199 min
4611,L,303.1,311.2,1394,45.3,144,0,teste,100-199 min
4612,L,303,311.3,1365,56.2,146,1,treino,100-199 min
4613,L,303,311.3,2194,16.5,148,0,treino,100-199 min
4614,L,303.1,311.3,1403,55.6,150,0,treino,100-199 min
4615,H,303,311.2,1503,37,152,0,teste,100-199 min
4616,L,303,311.3,1793,29.3,157,0,treino,100-199 min
4617,L,303.1,311.4,1829,24.5,159,0,validacao,100-199 min
4618,M,303.1,311.4,1831,23.3,161,0,teste,100-199 min
4619,M,303,311.3,1335,53.6,164,1,teste,100-199 min
4620,H,303.1,311.3,2056,19.7,167,0,teste,100-199 min
4621,L,303.1,311.3,1336,52.6,172,1,treino,100-199 min
4622,L,303,311.2,1341,51,174,1,treino,100-199 min
4623,M,303,311.1,1526,37.3,176,0,validacao,100-199 min
4624,L,303,311.1,1525,40.7,179,0,treino,100-199 min
4625,M,303,311.1,1428,39.8,181,0,treino,100-199 min
4626,L,303,311.2,1511,45.7,184,0,teste,100-199 min
4627,L,303,311.2,1664,29.8,186,0,teste,100-199 min
4628,M,303,311.2,1592,38.9,188,0,teste,100-199 min
4629,M,303,311.1,1597,36.7,191,0,teste,100-199 min
4630,L,303,311.2,1735,26.1,194,0,treino,100-199 min
4631,L,302.9,311.2,1751,23.8,196,0,teste,100-199 min
4632,L,303,311.2,1383,44.6,198,0,treino,100-199 min
4633,M,302.9,311.2,1330,53.7,200,1,teste,200+ min
4634,L,303,311.2,1382,50.5,203,0,treino,200+ min
4635,L,303,311.2,1755,30.4,205,0,treino,200+ min
4636,M,303,311.2,1614,35.7,207,0,treino,200+ min
4637,L,303,311.3,1466,43,210,0,teste,200+ min
4638,M,303.1,311.3,1847,24.7,212,0,treino,200+ min
4639,L,303.1,311.3,1474,34.8,215,0,validacao,200+ min
4640,L,303.1,311.3,1657,31.8,217,0,treino,200+ min
4641,L,303.1,311.2,1435,40.1,219,0,validacao,200+ min
4642,H,303.1,311.3,1494,42.7,221,0,teste,200+ min
4643,L,303.2,311.4,1238,54.6,226,1,treino,200+ min
4644,L,303.2,311.4,1324,54.2,228,1,treino,200+ min
4645,L,303.2,311.4,1514,41.2,230,0,treino,200+ min
4646,L,303.3,311.4,1732,25.6,232,0,treino,200+ min
4647,L,303.3,311.4,1497,46,234,1,treino,200+ min
4648,L,303.3,311.4,1958,21.5,0,0,treino,0-99 min
4649,L,303.3,311.4,1630,32.5,2,0,treino,0-99 min
4650,M,303.3,311.4,1395,59.1,4,0,treino,0-99 min
4651,L,303.3,311.4,1658,30.5,7,0,teste,0-99 min
4652,L,303.2,311.4,1349,51.1,9,1,validacao,0-99 min
4653,L,303.1,311.2,1452,52.9,11,0,teste,0-99 min
4654,M,303.1,311.1,1594,35.5,13,0,treino,0-99 min
4655,M,303.1,311,1510,47.6,16,0,treino,0-99 min
4656,L,303.1,311.1,1854,22.6,19,0,treino,0-99 min
4657,L,303.1,311.2,1626,32.3,21,0,validacao,0-99 min
4658,L,303.1,311.2,1628,35.2,23,0,treino,0-99 min
4659,L,303.1,311.2,1679,34.8,25,0,treino,0-99 min
4660,M,303.1,311.2,1489,44.5,27,0,treino,0-99 min
4661,L,303.2,311.2,1439,43.9,30,0,treino,0-99 min
4662,L,303.3,311.3,1350,48.1,32,1,teste,0-99 min
4663,H,303.3,311.2,1607,31.7,34,0,treino,0-99 min
4664,L,303.3,311.3,1389,53.9,39,0,treino,0-99 min
4665,M,303.3,311.3,1566,46.1,41,0,treino,0-99 min
4666,M,303.4,311.4,1307,54,44,1,treino,0-99 min
4667,M,303.3,311.5,1569,36.6,47,0,treino,0-99 min
4668,H,303.3,311.4,1651,30.6,50,0,teste,0-99 min
4669,H,303.3,311.4,1692,27.9,55,0,treino,0-99 min
4670,M,303.3,311.5,1373,47.3,60,1,treino,0-99 min
4671,L,303.2,311.4,1610,35.5,63,0,treino,0-99 min
4672,L,303.3,311.4,1511,43.4,65,0,teste,0-99 min
4673,L,303.3,311.5,1412,55.6,67,0,validacao,0-99 min
4674,L,303.4,311.5,1501,36.2,69,0,teste,0-99 min
4675,L,303.4,311.5,1414,44.8,71,0,treino,0-99 min
4676,H,303.5,311.5,1629,33.5,73,0,treino,0-99 min
4677,L,303.4,311.5,1879,21.3,78,0,teste,0-99 min
4678,H,303.5,311.6,1466,47,80,0,validacao,0-99 min
4679,H,303.6,311.7,1476,40.1,85,0,treino,0-99 min
4680,L,303.6,311.8,1695,30.7,90,0,teste,0-99 min
4681,L,303.6,311.7,1491,39.8,92,0,treino,0-99 min
4682,M,303.6,311.8,1659,34.7,94,0,validacao,0-99 min
4683,L,303.6,311.8,1567,31.7,97,0,validacao,0-99 min
4684,L,303.6,311.8,1736,32.9,99,0,treino,0-99 min
4685,M,303.6,311.8,1421,44.8,101,1,treino,100-199 min
4686,M,303.6,311.8,1627,30.8,104,0,validacao,100-199 min
4687,M,303.5,311.6,1562,34.2,107,0,treino,100-199 min
4688,L,303.5,311.6,2183,17,110,0,validacao,100-199 min
4689,L,303.5,311.6,1577,38.1,112,0,treino,100-199 min
4690,M,303.4,311.5,1560,36.4,114,0,treino,100-199 min
4691,M,303.4,311.5,1483,43,117,0,treino,100-199 min
4692,L,303.5,311.5,1535,33.3,120,0,treino,100-199 min
4693,M,303.4,311.4,1606,29.6,122,0,teste,100-199 min
4694,M,303.4,311.5,1817,24.7,125,0,treino,100-199 min
4695,L,303.4,311.5,1424,50.8,128,0,validacao,100-199 min
4696,L,303.3,311.6,1514,34.7,130,0,teste,100-199 min
4697,L,303.4,311.6,1449,41.7,132,0,teste,100-199 min
4698,M,303.5,311.6,1573,34,134,0,teste,100-199 min
4699,L,303.4,311.6,1564,41.9,137,0,teste,100-199 min
4700,L,303.5,311.6,1428,46.2,139,0,teste,100-199 min
4701,L,303.5,311.7,1620,31,141,0,teste,100-199 min
4702,H,303.5,311.7,1584,32.7,143,0,teste,100-199 min
4703,L,303.6,311.8,1222,66.8,148,1,treino,100-199 min
4704,M,303.6,311.8,1432,42.5,150,0,treino,100-199 min
4705,L,303.7,311.9,1561,33.3,153,0,teste,100-199 min
4706,L,303.6,311.8,1614,33.2,155,0,validacao,100-199 min
4707,L,303.5,311.7,1959,22.3,157,0,validacao,100-199 min
4708,L,303.5,311.8,1944,23.5,159,0,treino,100-199 min
4709,L,303.4,311.7,1793,25.8,161,0,treino,100-199 min
4710,M,303.4,311.6,1446,50,163,0,validacao,100-199 min
4711,L,303.4,311.7,1673,32.2,166,0,validacao,100-199 min
4712,M,303.4,311.7,1515,44.2,168,0,treino,100-199 min
4713,L,303.4,311.8,1564,35.9,171,0,validacao,100-199 min
4714,L,303.5,311.8,1451,45.2,173,0,validacao,100-199 min
4715,H,303.4,311.8,1693,28.3,175,0,treino,100-199 min
4716,L,303.4,311.7,1476,42.3,180,0,validacao,100-199 min
4717,L,303.4,311.6,1712,30.1,182,0,treino,100-199 min
4718,M,303.4,311.6,1425,45.4,184,0,treino,100-199 min
4719,L,303.3,311.6,1337,56.8,187,1,validacao,100-199 min
4720,M,303.4,311.7,1690,34.9,189,0,treino,100-199 min
4721,M,303.4,311.7,1353,44.1,192,1,teste,100-199 min
4722,L,303.5,311.8,1927,21.9,195,0,treino,100-199 min
4723,M,303.4,311.8,1391,42.7,197,0,treino,100-199 min
4724,L,303.4,311.8,1366,50.9,200,1,validacao,200+ min
4725,L,303.4,311.9,1771,31.6,202,0,treino,200+ min
4726,M,303.4,311.8,1515,42.6,204,0,treino,200+ min
4727,M,303.4,311.8,2133,18.3,207,0,treino,200+ min
4728,M,303.4,311.8,1341,47,210,1,teste,200+ min
4729,L,303.4,311.7,1406,47.1,213,0,treino,200+ min
4730,L,303.4,311.8,1306,61,215,1,treino,200+ min
4731,L,303.3,311.7,1508,35.5,217,0,treino,200+ min
4732,L,303.3,311.6,1301,45.1,219,1,treino,200+ min
4733,L,303.3,311.7,1539,38.5,221,0,validacao,200+ min
4734,L,303.3,311.6,1484,44.6,223,0,treino,200+ min
4735,L,303.2,311.5,1507,39.2,225,0,validacao,200+ min
4736,L,303.2,311.5,1544,42.5,227,0,teste,200+ min
4737,L,303.2,311.5,1513,37.9,0,0,validacao,0-99 min
4738,M,303.2,311.5,1336,58.2,2,1,validacao,0-99 min
4739,M,303.2,311.4,2102,19,5,0,validacao,0-99 min
4740,L,303.2,311.4,1351,53.8,8,1,treino,0-99 min
4741,L,303.3,311.5,1601,35.2,10,0,treino,0-99 min
4742,L,303.2,311.3,1393,52.9,12,0,treino,0-99 min
4743,L,303.3,311.3,1592,33.7,14,0,validacao,0-99 min
4744,L,303.3,311.3,1409,51.8,16,0,teste,0-99 min
4745,L,303.3,311.3,1393,47.4,18,0,treino,0-99 min
4746,H,303.2,311.2,1475,43.1,20,0,treino,0-99 min
4747,L,303.2,311.2,1427,45.6,25,0,treino,0-99 min
4748,L,303.3,311.2,1763,27.3,27,0,treino,0-99 min
4749,L,303.2,311.2,1363,46.7,29,1,treino,0-99 min
4750,L,303.2,311.2,1404,50.9,31,0,validacao,0-99 min
4751,M,303.2,311.2,1688,31.9,33,0,treino,0-99 min
4752,L,303.3,311.4,1510,37.3,36,0,validacao,0-99 min
4753,H,303.3,311.3,1502,39.5,38,0,treino,0-99 min
4754,H,303.2,311.4,1607,36.6,43,0,treino,0-99 min
4755,M,303.3,311.5,1384,54.8,48,0,teste,0-99 min
4756,L,303.4,311.7,1295,51.3,51,1,teste,0-99 min
4757,H,303.4,311.7,1991,19,53,0,treino,0-99 min
4758,L,303.4,311.6,1497,42.8,58,0,validacao,0-99 min
4759,L,303.5,311.6,1465,48.7,60,0,teste,0-99 min
4760,L,303.5,311.6,1361,46.5,62,1,treino,0-99 min
4761,L,303.6,311.7,1546,38.5,64,0,teste,0-99 min
4762,H,303.7,311.9,1332,52.7,66,1,treino,0-99 min
4763,M,303.7,312,2663,11.4,71,1,treino,0-99 min
4764,L,303.7,312.1,1443,45.9,74,0,treino,0-99 min
4765,M,303.7,312,1402,48.6,76,0,treino,0-99 min
4766,L,303.7,312,1892,22.5,79,0,teste,0-99 min
4767,M,303.6,312,1645,35.7,81,0,teste,0-99 min
4768,L,303.6,311.9,1473,50.1,84,0,treino,0-99 min
4769,L,303.6,312,1309,52.9,86,1,validacao,0-99 min
4770,H,303.6,311.9,1544,37.1,88,0,treino,0-99 min
4771,L,303.5,311.9,1344,49.3,93,1,treino,0-99 min
4772,M,303.6,311.9,1617,36,95,0,treino,0-99 min
4773,M,303.6,312,1435,37.9,98,0,treino,0-99 min
4774,L,303.6,312,1391,50.3,101,0,treino,100-199 min
4775,L,303.6,312,1827,23.3,103,0,treino,100-199 min
4776,L,303.5,312,1761,25.8,105,0,teste,100-199 min
4777,L,303.5,312.1,1522,36.4,107,0,validacao,100-199 min
4778,M,303.5,312.2,1818,23.6,109,0,treino,100-199 min
4779,H,303.6,312.2,1371,54.6,112,1,teste,100-199 min
4780,L,303.7,312.3,1511,38.9,117,0,treino,100-199 min
4781,L,303.7,312.4,1404,46.6,119,0,treino,100-199 min
4782,L,303.7,312.3,1384,45.9,121,0,treino,100-199 min
4783,L,303.8,312.5,1368,52.6,123,0,treino,100-199 min
4784,L,303.7,312.5,1641,36,125,0,treino,100-199 min
4785,L,303.9,312.6,1642,32.3,127,0,validacao,100-199 min
4786,H,303.9,312.7,1401,50,129,0,treino,100-199 min
4787,L,303.8,312.6,1577,41.3,134,0,teste,100-199 min
4788,L,303.7,312.6,1396,44.1,136,0,teste,100-199 min
4789,H,303.7,312.6,1514,35.5,138,0,validacao,100-199 min
4790,L,303.8,312.8,1646,35.8,143,0,validacao,100-199 min
4791,L,303.8,312.8,1443,40.7,145,0,teste,100-199 min
4792,M,303.7,312.7,1469,48.5,147,0,validacao,100-199 min
4793,H,303.7,312.7,1564,40.2,150,0,treino,100-199 min
4794,H,303.6,312.6,1498,40.2,155,0,treino,100-199 min
4795,L,303.6,312.6,1699,27.9,160,0,teste,100-199 min
4796,L,303.6,312.5,1431,49,162,0,treino,100-199 min
4797,L,303.5,312.4,1390,47.3,164,0,treino,100-199 min
4798,L,303.5,312.5,1380,46.1,166,0,treino,100-199 min
4799,L,303.5,312.5,1457,46.4,168,0,treino,100-199 min
4800,L,303.5,312.5,1418,42.2,170,0,treino,100-199 min
4801,M,303.5,312.5,1353,51,172,0,treino,100-199 min
4802,L,303.5,312.4,1574,32.7,175,0,validacao,100-199 min
4803,M,303.5,312.4,1318,54.2,177,0,treino,100-199 min
4804,L,303.6,312.5,1710,31.4,180,0,validacao,100-199 min
4805,L,303.7,312.6,1621,38.8,182,0,treino,100-199 min
4806,L,303.6,312.6,1606,33.6,184,0,treino,100-199 min
4807,H,303.6,312.5,1375,54,186,0,teste,100-199 min
4808,L,303.5,312.4,1503,36.5,191,0,treino,100-199 min
4809,L,303.5,312.3,1404,48.6,193,0,treino,100-199 min
4810,L,303.4,312.2,1656,32.7,195,0,treino,100-199 min
4811,M,303.4,312.1,1499,39.4,197,0,teste,100-199 min
4812,M,303.4,312,1748,28.4,200,0,treino,200+ min
4813,L,303.4,311.9,1531,37.9,203,0,validacao,200+ min
4814,M,303.3,311.8,1536,40.6,205,0,treino,200+ min
4815,L,303.4,311.8,1401,53,208,1,treino,200+ min
4816,H,303.4,311.9,1534,33.2,210,0,validacao,200+ min
4817,L,303.4,312,1521,35.9,215,1,validacao,200+ min
4818,L,303.5,312.1,1674,30.8,0,0,validacao,0-99 min
4819,M,303.6,312.1,1967,20.9,2,0,validacao,0-99 min
4820,L,303.6,312.2,1696,30.7,5,0,treino,0-99 min
4821,M,303.6,312.1,1627,32.5,7,0,treino,0-99 min
4822,L,303.5,311.9,1405,45.6,10,0,validacao,0-99 min
4823,L,303.5,311.9,1565,38.9,12,0,teste,0-99 min
4824,L,303.5,311.9,1493,38.7,14,0,treino,0-99 min
4825,L,303.4,311.8,1499,45,16,0,treino,0-99 min
4826,L,303.3,311.8,1692,30.6,18,0,treino,0-99 min
4827,L,303.4,311.8,2268,15.8,20,0,treino,0-99 min
4828,L,303.4,311.8,1438,58.9,22,0,treino,0-99 min
4829,L,303.5,311.9,1515,39.2,24,0,treino,0-99 min
4830,L,303.4,311.9,1491,38.2,26,0,treino,0-99 min
4831,L,303.5,312,1756,29.7,28,0,validacao,0-99 min
4832,L,303.5,312,1366,54.5,30,1,treino,0-99 min
4833,L,303.5,312,1436,45.1,32,0,treino,0-99 min
4834,L,303.4,311.9,1377,41.6,34,1,treino,0-99 min
4835,M,303.4,311.9,1510,42.2,36,0,treino,0-99 min
4836,M,303.4,311.9,1419,50.9,39,0,treino,0-99 min
4837,L,303.3,311.8,1315,62,42,1,treino,0-99 min
4838,H,303.3,311.8,1806,27.7,44,0,teste,0-99 min
4839,H,303.3,311.8,1649,29.4,49,0,teste,0-99 min
4840,H,303.4,311.9,1402,50,54,0,validacao,0-99 min
4841,L,303.4,311.9,1298,63.9,59,1,treino,0-99 min
4842,M,303.3,311.8,1441,44.9,61,0,validacao,0-99 min
4843,M,303.3,311.8,1489,49.4,64,0,treino,0-99 min
4844,L,303.3,311.8,1842,24.5,67,0,treino,0-99 min
4845,M,303.4,311.8,1316,50.9,69,1,treino,0-99 min
4846,M,303.3,311.8,1583,33.3,72,0,treino,0-99 min
4847,M,303.3,311.8,1548,33.5,75,0,treino,0-99 min
4848,L,303.4,311.9,1434,44.6,78,0,treino,0-99 min
4849,H,303.5,312,1397,52.9,80,0,treino,0-99 min
4850,M,303.5,312,1475,42.9,85,0,teste,0-99 min
4851,L,303.5,312,1441,56.8,88,0,treino,0-99 min
4852,L,303.7,312.1,1363,51.8,90,1,teste,0-99 min
4853,L,303.7,312.2,1619,34.9,92,0,treino,0-99 min
4854,L,303.7,312.2,1487,34,94,0,treino,0-99 min
4855,L,303.7,312.2,1568,33.8,96,0,treino,0-99 min
4856,L,303.7,312.3,1375,46.2,98,0,treino,0-99 min
4857,M,303.6,312.3,1698,31.3,100,0,validacao,100-199 min
4858,L,303.7,312.3,1606,37.4,103,0,treino,100-199 min
4859,L,303.7,312.3,1349,51,105,0,treino,100-199 min
4860,L,303.7,312.4,1535,38.6,107,0,treino,100-199 min
4861,M,303.6,312.4,1504,49.5,109,0,treino,100-199 min
4862,L,303.5,312.3,1946,21.1,112,0,teste,100-199 min
4863,L,303.5,312.1,1326,55.7,114,0,treino,100-199 min
4864,M,303.6,312.3,1915,22.3,116,0,treino,100-199 min
4865,L,303.6,312.3,1451,43.4,119,0,treino,100-199 min
4866,M,303.5,312.3,1624,34.8,121,0,teste,100-199 min
4867,L,303.6,312.4,1781,28.7,124,0,teste,100-199 min
4868,L,303.6,312.5,1345,54.1,126,0,treino,100-199 min
4869,L,303.6,312.4,1418,46,128,0,treino,100-199 min
4870,L,303.7,312.4,1718,26.5,130,0,treino,100-199 min
4871,M,303.7,312.4,1631,28.5,132,0,treino,100-199 min
4872,L,303.7,312.4,1513,40.1,135,0,teste,100-199 min
4873,L,303.7,312.4,1316,59.3,137,0,treino,100-199 min
4874,M,303.7,312.4,1474,38.8,139,0,teste,100-199 min
4875,L,303.8,312.5,1619,30.9,142,0,treino,100-199 min
4876,L,303.7,312.4,1702,31.2,144,0,treino,100-199 min
4877,M,303.7,312.4,1540,37.4,146,0,treino,100-199 min
4878,M,303.7,312.4,1546,33.7,149,0,teste,100-199 min
4879,L,303.7,312.4,1348,51,152,0,treino,100-199 min
4880,H,303.7,312.5,1520,35.6,154,0,treino,100-199 min
4881,M,303.8,312.6,1527,41.9,159,0,treino,100-199 min
4882,M,303.8,312.6,1406,47.1,162,0,treino,100-199 min
4883,L,303.7,312.5,1462,46.2,165,0,validacao,100-199 min
4884,M,303.8,312.6,1684,29.3,167,0,validacao,100-199 min
4885,H,303.8,312.5,1655,28,170,0,validacao,100-199 min
4886,H,303.8,312.5,1748,25.1,175,0,treino,100-199 min
4887,L,303.8,312.5,1372,45.7,180,0,validacao,100-199 min
4888,L,303.7,312.5,1481,33.3,182,0,teste,100-199 min
4889,L,303.7,312.4,1512,39.2,184,0,validacao,100-199 min
4890,L,303.7,312.5,1632,36.6,186,0,validacao,100-199 min
4891,L,303.7,312.4,1525,43.9,188,0,treino,100-199 min
4892,M,303.7,312.3,1756,26.4,190,0,teste,100-199 min
4893,L,303.7,312.3,1922,23.1,193,0,validacao,100-199 min
4894,M,303.8,312.5,1448,44.3,195,0,treino,100-199 min
4895,H,303.8,312.5,1447,46.6,198,0,treino,100-199 min
4896,M,303.8,312.4,1597,33.4,203,0,validacao,200+ min
4897,M,303.7,312.4,1642,32.3,206,0,treino,200+ min
4898,H,303.8,312.5,1525,38,209,0,treino,200+ min
4899,H,303.6,312.4,1460,53.7,214,0,treino,200+ min
4900,L,303.6,312.3,2168,17.7,219,0,teste,200+ min
4901,L,303.6,312.4,1388,41.9,221,0,treino,200+ min
4902,M,303.6,312.3,1630,32.4,223,0,validacao,200+ min
4903,L,303.6,312.3,1616,29.3,226,0,teste,200+ min
4904,L,303.6,312.4,2232,16.8,0,0,validacao,0-99 min
4905,H,303.6,312.4,1480,50.7,2,0,teste,0-99 min
4906,L,303.6,312.4,1363,53.1,7,0,treino,0-99 min
4907,H,303.6,312.4,1436,45.6,9,0,validacao,0-99 min
4908,M,303.6,312.5,1607,33.7,14,0,treino,0-99 min
4909,M,303.6,312.5,1459,48.2,17,0,treino,0-99 min
4910,L,303.5,312.4,1481,43.7,20,0,treino,0-99 min
4911,M,303.5,312.4,1606,31.7,22,0,treino,0-99 min
4912,L,303.5,312.3,1681,29.8,25,0,treino,0-99 min
4913,L,303.5,312.2,1511,37.1,27,0,teste,0-99 min
4914,M,303.5,312.3,1593,35.2,29,0,treino,0-99 min
4915,M,303.5,312.3,1532,41.7,32,0,validacao,0-99 min
4916,H,303.5,312.3,1386,49,35,0,treino,0-99 min
4917,H,303.4,312.3,1769,27.9,40,0,treino,0-99 min
4918,M,303.4,312.2,1561,38.2,45,0,treino,0-99 min
4919,L,303.3,312.2,1457,40.7,48,0,treino,0-99 min
4920,L,303.3,312.2,1506,40,50,0,treino,0-99 min
4921,L,303.4,312.2,1337,69.4,52,1,treino,0-99 min
4922,L,303.4,312.3,1287,54.8,54,0,treino,0-99 min
4923,M,303.4,312.2,1615,35.7,56,0,treino,0-99 min
4924,M,303.4,312.2,1972,23.5,59,0,treino,0-99 min
4925,H,303.4,312.3,1522,42.1,62,0,treino,0-99 min
4926,L,303.4,312.3,1680,30.6,67,0,treino,0-99 min
4927,L,303.4,312.3,1502,36,69,0,validacao,0-99 min
4928,M,303.5,312.3,1543,33.3,71,0,validacao,0-99 min
4929,L,303.5,312.3,1584,35.2,74,0,treino,0-99 min
4930,L,303.5,312.4,1340,44.5,76,0,treino,0-99 min
4931,L,303.4,312.3,1663,33.9,78,0,treino,0-99 min
4932,M,303.3,312.1,1693,30,80,0,validacao,0-99 min
4933,L,303.3,312.1,1418,44.7,83,0,treino,0-99 min
4934,H,303.4,312.2,1554,36.8,85,0,teste,0-99 min
4935,L,303.4,312.2,1580,35.8,90,0,treino,0-99 min
4936,L,303.4,312.3,1479,42.8,92,0,treino,0-99 min
4937,L,303.5,312.4,1284,70.6,94,1,treino,0-99 min
4938,L,303.4,312.3,1540,38.7,96,0,treino,0-99 min
4939,M,303.5,312.4,1606,30.1,98,0,validacao,0-99 min
4940,L,303.6,312.5,1286,62.4,101,0,treino,100-199 min
4941,L,303.6,312.6,1502,39.5,103,0,treino,100-199 min
4942,M,303.6,312.7,1699,31.5,105,0,validacao,100-199 min
4943,L,303.5,312.6,1602,34.2,108,0,treino,100-199 min
4944,H,303.6,312.6,1436,42,110,0,treino,100-199 min
4945,M,303.6,312.7,1765,27.5,115,0,treino,100-199 min
4946,L,303.6,312.7,1418,44.1,118,0,validacao,100-199 min
4947,M,303.7,312.7,1669,31.7,120,0,treino,100-199 min
4948,L,303.7,312.7,1395,53.9,123,0,treino,100-199 min
4949,M,303.8,312.7,1500,41.7,125,0,validacao,100-199 min
4950,M,303.8,312.7,1555,33.4,128,0,treino,100-199 min
4951,M,303.8,312.7,1919,20.2,131,0,teste,100-199 min
4952,L,303.8,312.7,1596,36.6,134,0,treino,100-199 min
4953,M,303.8,312.7,1374,53.6,136,0,treino,100-199 min
4954,L,303.7,312.5,1670,26.1,139,0,treino,100-199 min
4955,L,303.7,312.6,1702,29.1,141,0,treino,100-199 min
4956,M,303.8,312.5,1366,45.1,143,0,treino,100-199 min
4957,M,303.8,312.5,2344,15.2,146,0,treino,100-199 min
4958,M,303.8,312.6,1768,23.9,149,0,treino,100-199 min
4959,L,303.8,312.5,1523,47,152,0,treino,100-199 min
4960,L,303.8,312.6,1735,25.9,154,0,treino,100-199 min
4961,L,303.9,312.7,1339,62.3,156,0,teste,100-199 min
4962,L,303.9,312.7,1800,24.3,158,0,validacao,100-199 min
4963,M,304,312.7,1456,51.2,160,0,treino,100-199 min
4964,L,303.9,312.7,1789,24.4,163,0,teste,100-199 min
4965,L,303.9,312.7,1602,33.9,165,0,validacao,100-199 min
4966,M,303.8,312.7,1364,49.3,167,0,treino,100-199 min
4967,L,303.8,312.6,1793,28.1,170,0,teste,100-199 min
4968,L,303.9,312.6,1426,53.4,172,0,teste,100-199 min
4969,M,303.9,312.7,1485,43.3,174,0,teste,100-199 min
4970,L,303.9,312.7,1528,38.4,177,0,treino,100-199 min
4971,L,303.8,312.6,1565,36,179,0,treino,100-199 min
4972,L,303.8,312.7,1838,27.8,181,0,treino,100-199 min
4973,H,303.8,312.6,1811,24.9,183,0,validacao,100-199 min
4974,L,303.8,312.7,1461,38.2,188,0,treino,100-199 min
4975,L,303.8,312.7,1414,41.7,190,0,treino,100-199 min
4976,L,303.7,312.7,1426,45.5,192,0,treino,100-199 min
4977,L,303.7,312.7,1359,56.8,194,1,treino,100-199 min
4978,L,303.7,312.7,1540,44.8,196,0,treino,100-199 min
4979,L,303.6,312.7,1429,47.7,198,0,treino,100-199 min
4980,M,303.7,312.7,1612,36.3,200,0,treino,200+ min
4981,M,303.7,312.8,1685,31.8,203,0,teste,200+ min
4982,M,303.7,312.8,1558,37.7,206,0,validacao,200+ min
4983,L,303.7,313,1811,24.3,209,0,validacao,200+ min
4984,L,303.8,313.1,1869,25.8,211,0,validacao,200+ min
4985,L,303.8,313.1,1256,58.7,213,1,treino,200+ min
4986,M,303.8,313,1789,23.5,215,0,teste,200+ min
4987,L,303.7,312.9,1502,40.5,0,0,treino,0-99 min
4988,M,303.7,313,1303,54.4,2,0,validacao,0-99 min
4989,L,303.8,313.1,2497,13,5,1,treino,0-99 min
4990,L,303.9,313.2,1499,37.4,7,0,treino,0-99 min
4991,L,303.9,313.2,1393,46.5,9,0,validacao,0-99 min
4992,M,303.9,313,1475,41,11,0,teste,0-99 min
4993,L,303.8,312.9,1573,34.6,14,0,treino,0-99 min
4994,L,303.8,312.9,1819,23.7,16,0,validacao,0-99 min
4995,M,303.5,312.6,1642,29.4,18,0,teste,0-99 min
4996,L,303.6,312.6,1540,39.8,21,0,treino,0-99 min
4997,M,303.6,312.8,1400,43.2,23,0,treino,0-99 min
4998,M,303.6,312.8,2659,11.4,26,1,treino,0-99 min
4999,M,303.6,312.8,1825,25.2,29,0,treino,0-99 min
5000,M,303.7,312.9,1532,41.3,32,0,treino,0-99 min
5001,L,303.7,312.8,1832,23.6,35,0,treino,0-99 min
5002,M,303.6,312.7,2174,17.6,37,0,treino,0-99 min
5003,L,303.7,312.8,1627,31.7,40,0,treino,0-99 min
5004,L,303.7,312.8,1437,51.3,42,0,validacao,0-99 min
5005,L,303.7,312.8,1364,46.3,44,0,treino,0-99 min
5006,M,303.7,312.9,1444,52.7,46,0,treino,0-99 min
5007,M,303.7,312.8,1366,47.3,49,0,treino,0-99 min
5008,L,303.8,312.9,1442,48.3,52,0,treino,0-99 min
5009,H,303.7,312.8,1488,42.8,54,0,treino,0-99 min
5010,L,303.7,312.8,1523,40.7,59,0,treino,0-99 min
5011,L,303.7,312.8,1543,38.3,61,0,validacao,0-99 min
5012,M,303.7,312.8,1634,33.8,63,0,treino,0-99 min
5013,M,303.8,312.9,1815,27.8,66,0,teste,0-99 min
5014,M,303.8,312.9,1594,35.2,69,0,treino,0-99 min
5015,L,303.8,313,1452,38.6,72,0,treino,0-99 min
5016,L,303.9,313,1759,28.4,74,0,teste,0-99 min
5017,L,303.9,313,1408,47.5,76,0,treino,0-99 min
5018,L,303.9,313,1483,45,78,0,treino,0-99 min
5019,M,303.9,313,1620,36.6,80,0,teste,0-99 min
5020,M,304,313.1,1466,39.5,83,0,teste,0-99 min
5021,L,304.1,313.1,1556,36.3,86,0,validacao,0-99 min
5022,L,304,313,1350,61.1,88,0,treino,0-99 min
5023,L,304,313.1,1404,47.1,90,0,treino,0-99 min
5024,M,304,313,1575,34.5,92,0,teste,0-99 min
5025,L,303.9,313.1,1639,29,95,0,treino,0-99 min
5026,M,303.9,313.1,1473,42.8,97,0,teste,0-99 min
5027,L,303.9,313.2,1481,40,100,0,treino,100-199 min
5028,L,304,313.3,1294,54.6,102,0,treino,100-199 min
5029,M,303.9,313.2,1630,29.3,104,0,validacao,100-199 min
5030,M,303.9,313.2,1624,39.8,107,0,treino,100-199 min
5031,M,303.9,313.1,1437,48.3,110,0,teste,100-199 min
5032,M,303.8,313,1514,45,113,0,treino,100-199 min
5033,M,304,313.1,1694,31.4,116,0,validacao,100-199 min
5034,L,304,313.1,1564,50.9,119,0,treino,100-199 min
5035,M,303.9,313.1,1514,41.1,121,0,teste,100-199 min
5036,M,304,313.2,1500,40.6,124,0,treino,100-199 min
5037,L,304,313.2,1615,37.8,127,0,treino,100-199 min
5038,M,304.1,313.2,1586,41.1,129,0,treino,100-199 min
5039,L,304.1,313.3,1732,28.5,132,0,treino,100-199 min
5040,H,304.1,313.3,1689,32.5,134,0,teste,100-199 min
5041,H,304.1,313.2,1586,34.6,139,0,teste,100-199 min
5042,L,304,313.2,1314,47.1,144,0,teste,100-199 min
5043,L,304.1,313.2,1569,35.8,146,0,treino,100-199 min
5044,L,304.1,313.2,1468,39.4,148,0,treino,100-199 min
5045,L,304.1,313.2,1412,47.5,150,0,teste,100-199 min
5046,M,304.1,313.2,1510,46.9,152,0,treino,100-199 min
5047,M,304.1,313.2,1410,42.4,155,0,teste,100-199 min
5048,M,304.1,313.3,1680,29.3,158,0,treino,100-199 min
5049,H,304,313.2,1271,68.6,161,1,treino,100-199 min
5050,H,304,313.1,1472,45.5,166,0,treino,100-199 min
5051,H,304,313,1701,30.4,171,0,treino,100-199 min
5052,L,303.9,313,1480,39.9,176,0,validacao,100-199 min
5053,L,303.9,313,1433,48.4,178,0,treino,100-199 min
5054,L,303.8,312.9,1514,34.3,180,0,treino,100-199 min
5055,L,303.8,312.9,1619,35.7,182,0,treino,100-199 min
5056,H,303.8,312.9,1378,45.6,184,0,treino,100-199 min
5057,M,303.9,312.9,1430,53.5,189,0,teste,100-199 min
5058,L,303.8,312.9,1367,49.9,192,0,validacao,100-199 min
5059,L,303.9,312.9,1526,42.5,194,0,treino,100-199 min
5060,L,303.9,312.8,1419,47.9,196,0,treino,100-199 min
5061,L,304,312.8,1542,42.7,198,0,treino,100-199 min
5062,L,304,312.9,1363,62.5,200,1,treino,200+ min
5063,L,304,312.9,1313,53.9,202,0,treino,200+ min
5064,H,304,312.9,1495,46.6,0,0,treino,0-99 min
5065,L,304,313,1407,42.1,5,0,treino,0-99 min
5066,L,304.1,313,1566,37.2,7,0,treino,0-99 min
5067,L,304.1,313.1,1550,30.9,9,0,treino,0-99 min
5068,M,304.2,313.2,1396,50.5,11,0,treino,0-99 min
5069,M,304.3,313.3,1540,39,14,0,teste,0-99 min
5070,M,304.2,313.2,1380,48.7,17,0,treino,0-99 min
5071,M,304.2,313.1,1608,31.1,20,0,treino,0-99 min
5072,H,304.2,313,1442,40.9,23,0,treino,0-99 min
5073,L,304.1,313,1408,45.3,28,0,teste,0-99 min
5074,M,304,313,1454,46.8,30,0,treino,0-99 min
5075,L,304.1,313.1,1666,34.6,33,0,treino,0-99 min
5076,L,304.1,313.2,1366,46.6,35,0,validacao,0-99 min
5077,L,304.2,313.2,1464,44.9,37,0,treino,0-99 min
5078,L,304.3,313.3,1775,24.9,39,0,validacao,0-99 min
5079,M,304.3,313.4,1482,43.8,41,0,teste,0-99 min
5080,M,304.2,313.4,1411,54.8,44,0,treino,0-99 min
5081,L,304.2,313.3,1410,51.6,47,0,treino,0-99 min
5082,M,304.1,313.3,1494,39,49,0,treino,0-99 min
5083,H,304.1,313.2,1590,43.4,52,0,treino,0-99 min
5084,L,304.1,313.1,1327,54.1,57,0,teste,0-99 min
5085,L,304.1,313.1,1969,20.8,59,0,treino,0-99 min
5086,M,304,313,1377,56,61,0,validacao,0-99 min
5087,L,304,313,1541,45.9,64,0,teste,0-99 min
5088,M,304,313,1685,28.2,66,0,teste,0-99 min
5089,L,304,313.1,1465,41,69,0,treino,0-99 min
5090,M,303.9,313.1,1483,47.2,71,0,treino,0-99 min
5091,M,303.9,313.2,1570,40.7,74,0,teste,0-99 min
5092,L,303.9,313.2,1345,48.2,77,0,teste,0-99 min
5093,M,303.9,313.2,1608,40.6,79,0,treino,0-99 min
5094,M,304,313.3,1415,52.8,82,0,validacao,0-99 min
5095,M,304.1,313.5,1470,45.8,85,0,treino,0-99 min
5096,M,304.1,313.5,1428,39.9,88,0,teste,0-99 min
5097,H,304.2,313.5,1627,32.2,91,0,teste,0-99 min
5098,L,304.2,313.4,1457,49.4,96,0,treino,0-99 min
5099,L,304.2,313.4,1475,40.2,98,0,treino,0-99 min
5100,L,304.2,313.5,1438,50.1,100,0,treino,100-199 min
5101,M,304.2,313.5,1437,47.2,102,0,treino,100-199 min
5102,M,304.1,313.4,1518,42.4,105,0,validacao,100-199 min
5103,M,304.1,313.5,1587,33.6,108,0,validacao,100-199 min
5104,L,304.1,313.4,1399,43.7,111,0,treino,100-199 min
5105,L,304.1,313.5,1469,44.6,113,0,treino,100-199 min
5106,L,304.1,313.4,1374,56.6,115,0,validacao,100-199 min
5107,L,304,313.3,1519,36.7,117,0,teste,100-199 min
5108,L,303.9,313.2,1540,44.4,119,0,validacao,100-199 min
5109,L,303.9,313.3,1394,51.6,121,0,treino,100-199 min
5110,M,304,313.4,1389,45.8,123,0,validacao,100-199 min
5111,M,304,313.5,1732,26.2,126,0,teste,100-199 min
5112,L,304.1,313.6,1556,37.4,129,0,treino,100-199 min
5113,M,304.1,313.6,1441,43.7,131,0,treino,100-199 min
5114,L,304.1,313.6,1382,46.7,134,0,teste,100-199 min
5115,M,304.2,313.8,1481,44.9,136,0,treino,100-199 min
5116,M,304.2,313.7,2113,18.4,139,0,treino,100-199 min
5117,L,304.2,313.8,1401,53.9,142,0,validacao,100-199 min
5118,L,304.1,313.6,1611,31.4,144,0,treino,100-199 min
5119,M,304.2,313.6,1512,33.4,146,0,validacao,100-199 min
5120,L,304.2,313.6,1411,46,149,0,teste,100-199 min
5121,M,304.2,313.6,1424,43.7,151,0,treino,100-199 min
5122,L,304.2,313.6,1469,40,154,0,teste,100-199 min
5123,H,304.2,313.5,1684,29.8,156,0,treino,100-199 min
5124,M,304.2,313.5,1532,41.3,161,0,validacao,100-199 min
5125,M,304.2,313.5,1557,37.3,164,0,teste,100-199 min
5126,M,304.3,313.5,1416,48.1,167,0,treino,100-199 min
5127,L,304.3,313.5,1802,25.4,170,0,teste,100-199 min
5128,M,304.3,313.5,2245,15.1,172,0,validacao,100-199 min
5129,L,304.2,313.4,1434,42.5,175,0,treino,100-199 min
5130,M,304.1,313.3,1725,28.3,177,0,teste,100-199 min
5131,L,304.2,313.3,1668,35.7,180,0,teste,100-199 min
5132,L,304.1,313.3,1452,43.9,182,0,validacao,100-199 min
5133,L,304.1,313.3,1415,50,184,0,treino,100-199 min
5134,L,304.1,313.2,1824,25.8,186,0,treino,100-199 min
5135,L,304.1,313.3,1438,45.5,188,0,validacao,100-199 min
5136,L,304.1,313.3,1883,24.5,190,0,treino,100-199 min
5137,L,304.2,313.4,1735,28.9,192,0,validacao,100-199 min
5138,L,304.3,313.5,1464,36.7,194,0,treino,100-199 min
5139,M,304.3,313.6,1489,40.3,196,0,treino,100-199 min
5140,M,304.4,313.6,1510,38.9,199,0,treino,100-199 min
5141,M,304.3,313.6,1585,32.1,202,0,treino,200+ min
5142,L,304.4,313.7,1509,35,205,1,treino,200+ min
5143,L,304.4,313.6,1568,39.1,0,0,teste,0-99 min
5144,M,304.3,313.5,1525,42,2,0,treino,0-99 min
5145,L,304.4,313.7,1607,33.5,5,0,validacao,0-99 min
5146,L,304.5,313.7,1670,32.9,7,0,treino,0-99 min
5147,L,304.4,313.6,1585,38.9,9,0,treino,0-99 min
5148,L,304.4,313.6,1569,38.4,11,0,teste,0-99 min
5149,L,304.4,313.6,1507,43.1,13,0,teste,0-99 min
5150,L,304.3,313.5,1452,41.5,15,0,teste,0-99 min
5151,L,304.3,313.5,1590,29.8,17,0,treino,0-99 min
5152,L,304.3,313.6,1409,56,19,0,treino,0-99 min
5153,L,304.3,313.5,2643,12.7,21,0,treino,0-99 min
5154,L,304.2,313.4,1644,31.7,23,0,treino,0-99 min
5155,L,304.2,313.4,1568,37.6,25,0,treino,0-99 min
5156,H,304.2,313.3,1625,37.3,27,0,treino,0-99 min
5157,L,304.2,313.4,1482,41.4,32,0,treino,0-99 min
5158,H,304.1,313.3,1397,49.6,34,0,treino,0-99 min
5159,L,304.1,313.3,1459,50.3,39,0,treino,0-99 min
5160,L,304.2,313.4,1490,44,41,0,validacao,0-99 min
5161,L,304.1,313.2,1434,50.1,43,0,treino,0-99 min
5162,M,304.1,313.2,2028,18.9,45,0,treino,0-99 min
5163,L,304.2,313.3,1464,45.9,48,0,validacao,0-99 min
5164,M,304.2,313.4,1713,23.5,50,0,treino,0-99 min
5165,M,304.3,313.4,1624,32.1,53,0,teste,0-99 min
5166,L,304.2,313.4,1421,43.4,56,0,validacao,0-99 min
5167,H,304.2,313.5,1546,41.4,58,0,validacao,0-99 min
5168,L,304.2,313.4,1639,32.7,63,0,treino,0-99 min
5169,H,304.1,313.4,1696,29.6,65,0,treino,0-99 min
5170,L,304.1,313.3,1470,39.9,70,0,teste,0-99 min
5171,M,304.1,313.3,1480,38.4,72,0,treino,0-99 min
5172,M,304.2,313.4,1329,54.5,75,0,teste,0-99 min
5173,L,304.2,313.4,1740,28.2,78,0,validacao,0-99 min
5174,M,304.2,313.5,1739,28.1,80,0,treino,0-99 min
5175,M,304.2,313.5,1390,47.8,83,0,treino,0-99 min
5176,L,304.2,313.4,1740,23.7,86,0,treino,0-99 min
5177,M,304,313.3,1844,27.1,88,0,validacao,0-99 min
5178,H,304,313.1,1388,53.2,91,0,validacao,0-99 min
5179,H,304,313.2,1517,43.1,96,0,treino,0-99 min
5180,M,304,313.1,1450,42.8,101,0,treino,100-199 min
5181,L,304,313.2,1584,38.7,104,0,treino,100-199 min
5182,L,304,313.1,1720,28.7,106,0,treino,100-199 min
5183,L,303.9,313.1,1586,31.9,108,0,teste,100-199 min
5184,M,303.9,313,1901,22.5,110,0,treino,100-199 min
5185,L,304,313,1397,42.4,113,0,teste,100-199 min
5186,L,304,313,2012,21.1,115,0,validacao,100-199 min
5187,L,304,313,2354,15,117,0,treino,100-199 min
5188,L,304,313.1,1648,35.7,119,0,treino,100-199 min
5189,L,304,313.2,1632,30.6,121,0,treino,100-199 min
5190,M,304.1,313.2,1427,46.9,123,0,treino,100-199 min
5191,L,304.1,313.2,1452,48,126,0,treino,100-199 min
5192,L,304,313.2,1416,46,128,0,validacao,100-199 min
5193,L,303.9,313.1,1310,62.9,130,0,treino,100-199 min
5194,H,304,313.1,1408,39.8,132,0,treino,100-199 min
5195,M,303.9,313.1,1668,34.4,137,0,treino,100-199 min
5196,L,303.9,313,1551,36.8,140,0,teste,100-199 min
5197,H,303.9,313,1517,36,142,0,treino,100-199 min
5198,H,303.8,312.9,1570,35.8,147,0,treino,100-199 min
5199,L,303.8,312.8,1428,53.3,152,0,treino,100-199 min
5200,L,303.8,312.8,1503,40,154,0,treino,100-199 min
5201,L,303.8,312.8,1416,58.7,156,0,validacao,100-199 min
5202,M,303.7,312.7,1396,47.3,158,0,validacao,100-199 min
5203,L,303.7,312.7,1335,51.1,161,0,teste,100-199 min
5204,M,303.7,312.6,1671,30.5,163,0,validacao,100-199 min
5205,L,303.7,312.7,1989,22.4,166,0,treino,100-199 min
5206,L,303.7,312.7,1468,43.3,168,0,validacao,100-199 min
5207,H,303.7,312.6,1711,27.6,170,0,teste,100-199 min
5208,M,303.8,312.7,1488,41.3,175,0,teste,100-199 min
5209,L,303.8,312.7,1664,29.3,178,0,treino,100-199 min
5210,M,303.8,312.7,1507,38.5,180,0,teste,100-199 min
5211,L,303.7,312.6,1466,42.5,183,0,treino,100-199 min
5212,L,303.7,312.5,1433,53.6,185,0,teste,100-199 min
5213,L,303.7,312.5,1397,45.7,187,0,treino,100-199 min
5214,M,303.7,312.6,1429,43.3,189,0,treino,100-199 min
5215,L,303.7,312.7,1572,37.2,192,0,teste,100-199 min
5216,M,303.7,312.7,1532,42.7,194,0,treino,100-199 min
5217,M,303.7,312.7,1316,51.8,197,0,validacao,100-199 min
5218,M,303.8,312.8,1420,47.9,200,0,treino,200+ min
5219,L,303.8,312.9,1589,37.2,203,0,teste,200+ min
5220,L,303.8,313,1365,59.9,205,1,treino,200+ min
5221,L,303.8,313,1633,32.9,207,0,treino,200+ min
5222,L,303.9,313,1626,31.4,209,0,treino,200+ min
5223,L,303.9,313.1,1665,29.6,0,0,validacao,0-99 min
5224,M,303.9,313.2,1350,47.2,2,0,treino,0-99 min
5225,L,303.9,313.2,1590,31.9,5,0,validacao,0-99 min
5226,M,304,313.2,1437,53.9,7,0,teste,0-99 min
5227,L,303.9,313,1403,48.3,10,0,treino,0-99 min
5228,L,303.9,313.1,1440,41.1,12,0,treino,0-99 min
5229,M,303.9,313.1,1343,61.4,14,0,validacao,0-99 min
5230,H,303.9,313.1,1790,26.7,17,0,treino,0-99 min
5231,M,303.8,313.1,2117,18.6,22,0,treino,0-99 min
5232,L,303.8,313.1,1458,42.2,25,0,validacao,0-99 min
5233,L,303.6,312.9,1381,57.8,27,0,treino,0-99 min
5234,L,303.6,312.9,1450,45.3,29,0,validacao,0-99 min
5235,L,303.7,312.9,1461,50.1,31,0,validacao,0-99 min
5236,M,303.7,312.9,1511,41,33,0,treino,0-99 min
5237,L,303.8,313.1,1394,45.4,36,0,treino,0-99 min
5238,L,303.8,313,1499,42.3,38,0,treino,0-99 min
5239,L,303.7,313,1457,44.1,40,0,treino,0-99 min
5240,L,303.7,313,1753,29,42,0,treino,0-99 min
5241,L,303.7,313,1694,28,44,0,treino,0-99 min
5242,L,303.7,313.1,1683,28.4,46,0,treino,0-99 min
5243,L,303.7,313.1,1496,47.4,48,0,treino,0-99 min
5244,L,303.7,313.1,1721,34.8,50,0,treino,0-99 min
5245,L,303.6,313,1593,31.6,52,0,teste,0-99 min
5246,L,303.6,313,1575,38.3,54,0,treino,0-99 min
5247,L,303.5,313,1465,41,56,0,treino,0-99 min
5248,L,303.6,313.1,1405,38.3,58,0,treino,0-99 min
5249,M,303.5,313,1902,21.6,60,0,treino,0-99 min
5250,M,303.4,312.9,1422,39.9,63,0,treino,0-99 min
5251,L,303.5,312.9,1332,52.9,66,0,treino,0-99 min
5252,M,303.4,312.9,1307,54.3,68,0,treino,0-99 min
5253,L,303.5,313,1322,59.5,71,0,treino,0-99 min
5254,L,303.5,313,1547,40.3,73,0,treino,0-99 min
5255,L,303.5,313.1,1897,23.6,75,0,treino,0-99 min
5256,M,303.5,313,1403,51.9,77,0,teste,0-99 min
5257,L,303.5,313,1393,51.6,80,0,validacao,0-99 min
5258,L,303.5,313,1482,38.5,82,0,treino,0-99 min
5259,M,303.5,312.9,1572,44.7,84,0,treino,0-99 min
5260,L,303.5,312.9,1544,36.9,87,0,validacao,0-99 min
5261,M,303.5,313,1492,46.1,89,0,treino,0-99 min
5262,L,303.4,312.8,1513,35.8,92,0,treino,0-99 min
5263,L,303.4,312.8,1449,43.9,94,0,treino,0-99 min
5264,L,303.5,312.8,1877,22.3,96,0,treino,0-99 min
5265,L,303.4,312.8,1376,53.4,98,0,treino,0-99 min
5266,M,303.5,312.9,1883,23.3,100,0,treino,100-199 min
5267,M,303.4,312.8,1518,38.7,103,0,treino,100-199 min
5268,M,303.5,312.9,1438,42.8,106,0,validacao,100-199 min
5269,L,303.4,312.9,1389,54.1,109,0,teste,100-199 min
5270,L,303.5,312.9,1504,44.8,111,0,treino,100-199 min
5271,L,303.5,312.9,1275,64.4,113,0,teste,100-199 min
5272,L,303.6,313,1534,39.7,115,0,validacao,100-199 min
5273,M,303.6,313,1396,38.2,117,0,treino,100-199 min
5274,L,303.6,313.1,1395,44.1,120,0,treino,100-199 min
5275,L,303.6,313,1617,30.9,122,0,validacao,100-199 min
5276,L,303.7,313.1,1423,41.2,124,0,treino,100-199 min
5277,L,303.5,313,1606,34,126,0,treino,100-199 min
5278,L,303.5,312.9,1501,44,128,0,validacao,100-199 min
5279,M,303.5,312.9,1618,30.4,130,0,validacao,100-199 min
5280,L,303.6,313,1522,35.8,133,0,validacao,100-199 min
5281,L,303.6,312.9,1480,41.4,135,0,treino,100-199 min
5282,M,303.7,313,1469,39.9,137,0,treino,100-199 min
5283,H,303.8,313.2,1381,52.4,140,0,teste,100-199 min
5284,L,303.8,313.2,1525,41.9,145,0,treino,100-199 min
5285,M,303.8,313.2,1732,29.6,147,0,treino,100-199 min
5286,L,303.8,313.1,1523,39.8,150,0,treino,100-199 min
5287,L,303.8,313.1,1422,42.4,152,0,teste,100-199 min
5288,H,303.8,313.2,1506,46.9,154,0,treino,100-199 min
5289,L,303.8,313.2,1531,39.4,159,0,treino,100-199 min
5290,M,303.9,313.3,1507,34.3,161,0,treino,100-199 min
5291,L,303.9,313.3,1526,40.7,164,0,teste,100-199 min
5292,L,303.8,313.3,1406,52.1,166,0,teste,100-199 min
5293,M,303.9,313.3,1567,35,168,0,treino,100-199 min
5294,M,303.9,313.4,1464,49.1,171,0,treino,100-199 min
5295,L,303.9,313.4,1442,48.5,174,0,validacao,100-199 min
5296,L,303.8,313.2,1336,47.8,176,0,teste,100-199 min
5297,H,303.8,313.2,1379,50.2,178,0,treino,100-199 min
5298,L,303.7,313.1,1406,48.6,183,0,treino,100-199 min
5299,M,303.7,313.1,2130,18.1,185,0,treino,100-199 min
5300,L,303.7,313.1,1355,49.1,188,0,validacao,100-199 min
5301,M,303.8,313.2,1710,26.5,190,0,treino,100-199 min
5302,L,303.8,313.1,1309,55.8,193,0,validacao,100-199 min
5303,L,303.9,313.1,1491,37.2,195,0,teste,100-199 min
5304,L,303.9,313.2,1481,44.1,197,0,treino,100-199 min
5305,L,303.9,313.1,1425,49.3,199,0,validacao,100-199 min
5306,H,303.9,313.2,1680,29.1,201,0,teste,200+ min
5307,H,304,313.2,1612,31.7,206,0,treino,200+ min
5308,L,304,313.3,1530,34.8,211,0,teste,200+ min
5309,L,304,313.2,1481,42.6,213,0,treino,200+ min
5310,M,303.9,313.2,1422,48,215,1,treino,200+ min
5311,L,303.8,313,1427,43,0,0,treino,0-99 min
5312,H,303.7,312.9,1460,49.8,2,0,treino,0-99 min
5313,L,303.6,312.9,1873,23.5,7,0,treino,0-99 min
5314,M,303.7,312.9,1566,32.6,9,0,teste,0-99 min
5315,L,303.6,312.8,1701,30.8,12,0,treino,0-99 min
5316,L,303.6,312.8,1710,27.2,14,0,validacao,0-99 min
5317,M,303.6,312.8,1689,33.1,16,0,treino,0-99 min
5318,L,303.6,312.7,1637,32.9,19,0,treino,0-99 min
5319,L,303.5,312.6,1496,39,21,0,treino,0-99 min
5320,M,303.5,312.7,1402,47,23,0,treino,0-99 min
5321,L,303.4,312.7,1363,45.5,26,0,treino,0-99 min
5322,M,303.4,312.7,1576,49.9,28,0,treino,0-99 min
5323,M,303.4,312.7,1357,55.3,31,0,treino,0-99 min
5324,M,303.4,312.7,1399,48.4,34,0,teste,0-99 min
5325,M,303.4,312.8,1526,30.8,37,0,teste,0-99 min
5326,L,303.5,312.7,1694,27.3,40,0,teste,0-99 min
5327,M,303.5,312.7,1420,49.1,42,0,treino,0-99 min
5328,M,303.5,312.7,2116,16.7,45,0,treino,0-99 min
5329,M,303.7,312.9,1406,41.9,48,0,teste,0-99 min
5330,L,303.7,313,1456,45.5,51,0,validacao,0-99 min
5331,L,303.6,312.9,1588,31.9,53,0,treino,0-99 min
5332,L,303.7,312.8,1448,44.5,55,0,treino,0-99 min
5333,H,303.6,312.7,1403,46.2,57,0,treino,0-99 min
5334,M,303.5,312.6,1405,51.6,62,0,validacao,0-99 min
5335,M,303.4,312.6,2706,9.8,65,1,treino,0-99 min
5336,M,303.3,312.4,1505,38.9,68,0,validacao,0-99 min
5337,L,303.2,312.4,1663,33.7,71,0,treino,0-99 min
5338,M,303.3,312.6,1482,44.4,73,0,validacao,0-99 min
5339,M,303.3,312.5,1674,32.7,76,0,treino,0-99 min
5340,M,303.4,312.7,1594,32.8,79,0,treino,0-99 min
5341,L,303.5,312.7,1393,49.3,82,0,treino,0-99 min
5342,H,303.5,312.8,1404,55.8,84,0,treino,0-99 min
5343,M,303.5,312.8,1375,45.7,89,0,treino,0-99 min
5344,L,303.5,312.8,1607,38.4,92,0,treino,0-99 min
5345,L,303.4,312.8,1360,50.8,94,0,treino,0-99 min
5346,L,303.5,312.8,1524,39.4,96,0,teste,0-99 min
5347,L,303.4,312.7,1534,35.5,98,0,teste,0-99 min
5348,L,303.3,312.7,1262,63.8,100,0,treino,100-199 min
5349,L,303.3,312.6,1623,34.6,102,0,treino,100-199 min
5350,M,303.3,312.7,1642,33.6,104,0,treino,100-199 min
5351,M,303.4,312.8,1622,35.1,107,0,teste,100-199 min
5352,M,303.5,312.9,1530,34.5,110,0,validacao,100-199 min
5353,M,303.4,312.8,1590,36.3,113,0,treino,100-199 min
5354,L,303.4,312.7,1589,34,116,0,validacao,100-199 min
5355,L,303.4,312.6,1462,37.5,118,0,treino,100-199 min
5356,H,303.3,312.5,1328,49.8,120,0,validacao,100-199 min
5357,H,303.3,312.6,1692,29,125,0,teste,100-199 min
5358,L,303.3,312.5,1968,20.6,130,0,teste,100-199 min
5359,H,303.3,312.6,1827,24.2,132,0,treino,100-199 min
5360,M,303.3,312.6,1397,47.1,137,0,treino,100-199 min
5361,L,303.3,312.6,1463,44,140,0,validacao,100-199 min
5362,L,303.3,312.7,1643,30.7,142,0,treino,100-199 min
5363,L,303.2,312.6,1281,57,144,0,treino,100-199 min
5364,L,303.2,312.5,1518,39.9,146,0,teste,100-199 min
5365,L,303.2,312.6,1601,35.3,148,0,validacao,100-199 min
5366,L,303.1,312.6,1548,36.4,150,0,teste,100-199 min
5367,H,303.1,312.6,1404,40.6,152,0,validacao,100-199 min
5368,M,303.1,312.5,1766,26.7,157,0,teste,100-199 min
5369,M,303.1,312.5,1667,30,160,0,treino,100-199 min
5370,H,303,312.5,1507,37.9,163,0,treino,100-199 min
5371,H,303,312.4,1627,37.1,168,0,treino,100-199 min
5372,L,302.9,312.3,1435,47.7,173,0,validacao,100-199 min
5373,H,302.9,312.3,1509,46.8,175,0,treino,100-199 min
5374,M,302.9,312.3,1809,25,180,0,validacao,100-199 min
5375,L,302.9,312.3,1515,40.8,183,0,treino,100-199 min
5376,L,302.9,312.3,1530,34.9,185,0,teste,100-199 min
5377,H,302.8,312.3,1336,57.5,187,0,validacao,100-199 min
5378,L,302.9,312.4,2030,19.1,192,0,teste,100-199 min
5379,L,302.9,312.4,1550,36.9,194,0,validacao,100-199 min
5380,L,302.9,312.4,1446,41.7,196,0,treino,100-199 min
5381,L,302.8,312.3,1494,37.5,198,0,treino,100-199 min
5382,L,302.8,312.4,1651,27,200,0,treino,200+ min
5383,L,302.9,312.4,1698,33.8,202,0,treino,200+ min
5384,L,302.8,312.3,1504,40.3,204,0,teste,200+ min
5385,M,302.9,312.4,1421,46,206,0,treino,200+ min
5386,H,302.9,312.3,1754,26.9,209,0,treino,200+ min
5387,L,302.9,312.2,1469,42,214,0,validacao,200+ min
5388,L,302.8,312.2,1433,50,216,0,treino,200+ min
5389,M,302.8,312.3,1432,49,218,0,treino,200+ min
5390,L,302.8,312.3,1366,49.1,221,0,treino,200+ min
5391,H,302.8,312.3,1483,47.2,223,0,treino,200+ min
5392,L,302.7,312.2,1572,34.4,228,0,teste,200+ min
5393,L,302.8,312.2,1481,40.2,230,0,validacao,200+ min
5394,L,302.8,312.3,1473,42.6,232,0,treino,200+ min
5395,M,302.8,312.3,1262,70.5,234,1,treino,200+ min
5396,L,302.8,312.4,1529,36.8,237,0,validacao,200+ min
5397,L,302.8,312.4,1523,39.7,239,0,treino,200+ min
5398,M,302.8,312.3,1416,42.7,241,0,treino,200+ min
5399,L,302.9,312.4,1923,23.9,244,0,treino,200+ min
5400,H,302.8,312.4,1411,53.8,246,1,teste,200+ min
5401,L,302.7,312.4,1477,46.3,251,1,treino,200+ min
5402,M,302.6,312.3,1454,54.8,253,1,treino,200+ min
5403,L,302.7,312.3,1421,48.5,0,0,treino,0-99 min
5404,L,302.7,312.3,1858,25.4,2,0,teste,0-99 min
5405,H,302.8,312.5,1422,46.1,4,0,validacao,0-99 min
5406,L,302.7,312.4,1444,48.7,9,0,validacao,0-99 min
5407,L,302.7,312.4,1360,47.8,11,0,teste,0-99 min
5408,L,302.7,312.4,1954,24.8,13,0,treino,0-99 min
5409,L,302.6,312.4,1628,33,15,0,treino,0-99 min
5410,L,302.7,312.4,1433,44.2,17,0,treino,0-99 min
5411,M,302.7,312.5,1417,51.5,19,0,treino,0-99 min
5412,L,302.8,312.6,1462,39.4,22,0,treino,0-99 min
5413,L,302.9,312.6,1328,59.9,24,0,treino,0-99 min
5414,H,302.7,312.5,1527,36.4,26,0,treino,0-99 min
5415,L,302.6,312.3,1534,34.3,31,0,validacao,0-99 min
5416,M,302.6,312.4,1410,50.3,33,0,treino,0-99 min
5417,L,302.6,312.3,1660,30.3,36,0,treino,0-99 min
5418,L,302.6,312.4,1386,45.8,38,0,teste,0-99 min
5419,L,302.6,312.4,1398,41.6,40,0,treino,0-99 min
5420,L,302.6,312.3,1321,53.4,42,0,validacao,0-99 min
5421,L,302.6,312.3,1512,34.2,44,0,treino,0-99 min
5422,M,302.6,312.3,1566,36.6,46,0,treino,0-99 min
5423,M,302.7,312.4,1422,44.5,49,0,teste,0-99 min
5424,L,302.6,312.3,1647,31.8,52,0,teste,0-99 min
5425,L,302.6,312.2,1377,45.5,54,0,teste,0-99 min
5426,L,302.5,312.2,1775,27.9,56,0,treino,0-99 min
5427,L,302.6,312.3,1554,42,58,0,treino,0-99 min
5428,L,302.7,312.4,1423,51.9,60,0,teste,0-99 min
5429,L,302.7,312.4,1453,47.3,62,0,treino,0-99 min
5430,L,302.8,312.4,1590,34.4,64,0,treino,0-99 min
5431,L,302.8,312.5,1694,28.4,66,0,treino,0-99 min
5432,L,302.8,312.5,1462,43.4,68,0,treino,0-99 min
5433,L,302.8,312.4,1392,46.2,70,0,validacao,0-99 min
5434,L,302.9,312.5,1550,45.5,72,0,teste,0-99 min
5435,L,302.9,312.5,1629,30.4,74,0,treino,0-99 min
5436,M,303,312.5,1524,42.1,76,0,treino,0-99 min
5437,M,302.9,312.5,1679,30.9,79,0,teste,0-99 min
5438,M,302.9,312.6,1394,46.4,82,0,validacao,0-99 min
5439,L,302.9,312.5,1683,32.1,85,0,validacao,0-99 min
5440,L,303,312.5,1626,30.5,87,0,treino,0-99 min
5441,H,303,312.5,1698,30,89,0,treino,0-99 min
5442,M,303,312.6,1392,42.9,94,0,validacao,0-99 min
5443,L,303.1,312.7,1353,51.8,97,0,treino,0-99 min
5444,M,303,312.7,1426,46.8,99,0,treino,0-99 min
5445,L,303,312.7,2024,19.9,102,0,treino,100-199 min
5446,M,303,312.8,1648,32.1,104,0,treino,100-199 min
5447,L,303.1,312.9,1511,40.1,107,0,validacao,100-199 min
5448,L,303.1,312.8,1465,44.1,109,0,treino,100-199 min
5449,L,303,312.7,1551,41.8,111,0,teste,100-199 min
5450,L,303.1,312.8,2329,15.1,113,0,treino,100-199 min
5451,H,303.1,312.8,1435,41.9,115,0,validacao,100-199 min
5452,L,303,312.7,1361,48.8,120,0,treino,100-199 min
5453,M,303,312.7,1553,35.8,122,0,teste,100-199 min
5454,L,303,312.6,1451,42.1,125,0,teste,100-199 min
5455,L,303,312.5,1461,40.2,127,0,treino,100-199 min
5456,M,303.1,312.6,1895,23.5,129,0,treino,100-199 min
5457,M,303.1,312.6,1567,32.9,132,0,treino,100-199 min
5458,M,303,312.5,1602,33.7,135,0,treino,100-199 min
5459,L,303.1,312.6,1514,42.1,138,0,validacao,100-199 min
5460,L,303.1,312.5,1453,49.1,140,0,validacao,100-199 min
5461,M,303,312.4,1526,36.1,142,0,treino,100-199 min
5462,M,302.9,312.3,1339,52.1,145,0,treino,100-199 min
5463,L,302.9,312.3,1889,22.8,148,0,treino,100-199 min
5464,L,302.9,312.4,1561,34.8,150,0,treino,100-199 min
5465,M,302.9,312.4,1659,33.1,152,0,treino,100-199 min
5466,L,302.9,312.4,1424,49.5,155,0,treino,100-199 min
5467,M,302.9,312.3,1426,44.7,157,0,validacao,100-199 min
5468,L,302.9,312.4,1383,51.4,160,0,teste,100-199 min
5469,L,302.8,312.3,1764,29.9,162,0,treino,100-199 min
5470,M,302.7,312.2,1439,42.5,164,0,treino,100-199 min
5471,M,302.7,312.2,1585,35.5,167,0,treino,100-199 min
5472,L,302.7,312.3,1346,61.2,170,0,validacao,100-199 min
5473,L,302.8,312.3,1386,57.8,172,0,treino,100-199 min
5474,L,302.7,312.2,1369,51.8,174,0,validacao,100-199 min
5475,M,302.7,312.1,1378,46.9,176,0,validacao,100-199 min
5476,L,302.7,312.2,1336,46.8,179,0,treino,100-199 min
5477,M,302.6,312.1,1445,42,181,0,validacao,100-199 min
5478,L,302.7,312.1,1763,26.5,184,0,teste,100-199 min
5479,L,302.7,312.2,1611,34.1,186,0,teste,100-199 min
5480,M,302.7,312.1,1564,32.1,188,0,validacao,100-199 min
5481,H,302.7,312.1,1478,36,191,0,validacao,100-199 min
5482,L,302.6,312,1781,28.5,196,0,treino,100-199 min
5483,L,302.6,312.1,1782,26.8,198,0,teste,100-199 min
5484,M,302.6,312.1,2000,21.9,200,0,teste,200+ min
5485,M,302.5,312,1826,25.3,203,0,treino,200+ min
5486,L,302.6,312.1,1344,51,206,0,teste,200+ min
5487,L,302.6,312.2,1520,43,208,0,treino,200+ min
5488,M,302.6,312.1,1611,39.9,210,0,validacao,200+ min
5489,L,302.7,312.2,1450,52.1,213,1,treino,200+ min
5490,L,302.6,312.1,1499,35,215,0,teste,200+ min
5491,L,302.6,312.1,1288,68.5,0,1,treino,0-99 min
5492,M,302.7,312.2,1350,58.6,2,0,treino,0-99 min
5493,M,302.9,312.4,1334,50.9,5,0,treino,0-99 min
5494,L,302.8,312.4,1376,57.1,8,0,treino,0-99 min
5495,L,302.8,312.4,1368,49.5,10,0,treino,0-99 min
5496,H,302.9,312.5,1357,55,12,0,treino,0-99 min
5497,M,302.9,312.5,1924,24,17,0,teste,0-99 min
5498,M,302.9,312.5,1551,40,20,0,validacao,0-99 min
5499,M,302.9,312.5,1903,21.2,23,0,treino,0-99 min
5500,H,302.9,312.3,1417,48.7,26,0,teste,0-99 min
5501,L,302.7,312.1,1601,35.2,31,0,treino,0-99 min
5502,L,302.7,312.1,1543,37.5,33,0,validacao,0-99 min
5503,L,302.6,312.1,1439,52.3,35,0,validacao,0-99 min
5504,H,302.6,312,1657,29.3,37,0,teste,0-99 min
5505,L,302.8,312.2,1458,51,42,0,validacao,0-99 min
5506,L,302.8,312.2,1746,27.4,44,0,teste,0-99 min
5507,L,302.9,312.2,1677,30.5,46,0,treino,0-99 min
5508,L,302.8,312.1,1520,39.9,48,0,treino,0-99 min
5509,L,302.9,312.2,1367,55.1,50,0,validacao,0-99 min
5510,L,302.8,312.2,1509,36.5,52,0,validacao,0-99 min
5511,L,302.8,312.1,1418,51.4,54,0,treino,0-99 min
5512,L,302.8,312.1,1958,20.3,56,0,treino,0-99 min
5513,L,302.8,312.2,1682,30.9,58,0,treino,0-99 min
5514,M,302.8,312.2,1452,50.3,60,0,validacao,0-99 min
5515,L,302.7,312,1828,24,63,0,treino,0-99 min
5516,H,302.7,312,1484,41.5,65,0,validacao,0-99 min
5517,L,302.6,312,1674,32.2,70,0,validacao,0-99 min
5518,L,302.6,311.9,1448,49.5,72,0,validacao,0-99 min
5519,M,302.5,311.8,2023,19.1,74,0,treino,0-99 min
5520,L,302.5,311.9,1452,47.4,77,0,treino,0-99 min
5521,M,302.6,312,1496,45,79,0,treino,0-99 min
5522,L,302.6,311.9,1397,46.9,82,0,treino,0-99 min
5523,L,302.6,311.9,1453,39.1,84,0,teste,0-99 min
5524,M,302.5,311.9,1524,34.8,86,0,teste,0-99 min
5525,L,302.6,311.9,1633,30.9,89,0,treino,0-99 min
5526,M,302.6,312,1363,45.7,91,0,validacao,0-99 min
5527,L,302.5,311.9,1520,44.9,94,0,treino,0-99 min
5528,M,302.5,311.9,1532,38.8,96,0,teste,0-99 min
5529,L,302.4,311.8,1384,50.9,99,0,treino,0-99 min
5530,M,302.4,311.8,1539,39.9,101,0,treino,100-199 min
5531,M,302.3,311.8,1355,50.1,104,0,treino,100-199 min
5532,M,302.3,311.7,1504,37.3,107,0,treino,100-199 min
5533,L,302.4,311.8,1476,46.6,110,0,validacao,100-199 min
5534,L,302.4,311.7,1721,26.9,112,0,treino,100-199 min
5535,M,302.3,311.7,1494,37.1,114,0,teste,100-199 min
5536,L,302.3,311.7,1465,43.5,117,0,treino,100-199 min
5537,M,302.3,311.8,1363,54,119,1,treino,100-199 min
5538,L,302.4,311.8,1648,30,122,0,treino,100-199 min
5539,M,302.3,311.8,1879,23,124,0,treino,100-199 min
5540,H,302.3,311.7,1482,39,127,0,teste,100-199 min
5541,L,302.4,311.8,1493,38.4,132,0,treino,100-199 min
5542,L,302.4,311.8,1433,42.2,134,0,teste,100-199 min
5543,L,302.3,311.7,1400,41.6,136,0,treino,100-199 min
5544,L,302.4,311.8,1255,59,138,0,teste,100-199 min
5545,L,302.2,311.7,1471,45.6,140,0,treino,100-199 min
5546,H,302.2,311.6,1357,44.2,142,0,treino,100-199 min
5547,L,302.3,311.7,1453,41.2,147,0,validacao,100-199 min
5548,M,302.3,311.7,1540,28.9,149,0,teste,100-199 min
5549,L,302.3,311.8,1605,35.2,152,0,treino,100-199 min
5550,H,302.3,311.9,1374,52.4,154,0,teste,100-199 min
5551,M,302.3,311.9,1508,42.3,159,0,treino,100-199 min
5552,H,302.4,311.9,1366,47.3,162,0,treino,100-199 min
5553,H,302.5,312,1579,35.7,167,0,treino,100-199 min
5554,L,302.5,311.9,1306,59.7,172,0,teste,100-199 min
5555,M,302.5,312,1521,40.2,174,0,treino,100-199 min
5556,L,302.5,312,1411,44.2,177,0,validacao,100-199 min
5557,H,302.5,312,1357,42,179,0,validacao,100-199 min
5558,M,302.5,312,1436,43.5,184,0,validacao,100-199 min
5559,L,302.5,311.9,1553,40.1,187,0,treino,100-199 min
5560,M,302.5,312,1451,43.2,189,0,teste,100-199 min
5561,L,302.4,311.9,1541,37.9,192,0,treino,100-199 min
5562,M,302.3,311.7,1341,46.3,194,0,validacao,100-199 min
5563,L,302.3,311.7,1648,32.1,197,0,validacao,100-199 min
5564,M,302.3,311.7,1640,31.5,199,0,teste,100-199 min
5565,L,302.4,311.8,1416,46.1,202,0,treino,200+ min
5566,L,302.4,311.9,1671,29.9,204,0,treino,200+ min
5567,L,302.4,312,1457,45.5,206,0,treino,200+ min
5568,M,302.5,312,1445,54.8,0,0,teste,0-99 min
5569,L,302.5,312.1,1534,38.6,3,0,teste,0-99 min
5570,L,302.4,312,1508,36.9,5,0,treino,0-99 min
5571,M,302.4,312.1,1492,47.7,7,0,treino,0-99 min
5572,L,302.4,312,1562,37.9,10,0,treino,0-99 min
5573,L,302.4,312,1545,36.4,12,0,treino,0-99 min
5574,L,302.5,312.2,1738,25.3,14,0,treino,0-99 min
5575,L,302.4,312,1305,49.1,16,0,teste,0-99 min
5576,H,302.4,312,1477,39.7,18,0,validacao,0-99 min
5577,H,302.4,312,1457,43.4,23,0,validacao,0-99 min
5578,L,302.4,312.1,1455,40.4,28,0,validacao,0-99 min
5579,L,302.5,312.2,1574,38.7,30,0,treino,0-99 min
5580,L,302.6,312.2,1695,27.1,32,0,treino,0-99 min
5581,M,302.6,312.2,1458,38.8,34,0,treino,0-99 min
5582,M,302.5,312.1,1454,47.6,37,0,treino,0-99 min
5583,L,302.5,312,2052,18.9,40,0,teste,0-99 min
5584,L,302.5,312,1673,29.9,42,0,treino,0-99 min
5585,L,302.4,311.9,1578,29.9,44,0,treino,0-99 min
5586,M,302.5,312,1642,29.1,46,0,treino,0-99 min
5587,M,302.4,311.8,1557,31.5,49,0,treino,0-99 min
5588,L,302.5,311.9,1481,42.9,52,0,validacao,0-99 min
5589,M,302.5,311.8,1566,37.6,54,0,treino,0-99 min
5590,M,302.5,311.9,1298,57.5,57,0,validacao,0-99 min
5591,M,302.5,311.9,1340,59.4,60,0,teste,0-99 min
5592,L,302.5,312,1574,33.8,63,0,teste,0-99 min
5593,L,302.5,311.9,1437,46.7,65,0,treino,0-99 min
5594,L,302.6,311.9,1354,48,67,0,validacao,0-99 min
5595,L,302.6,311.9,1598,35.5,69,0,teste,0-99 min
5596,M,302.7,312,1944,21.4,71,0,treino,0-99 min
5597,M,302.7,312,1538,36.7,74,0,teste,0-99 min
5598,L,302.7,312,1501,37,77,0,validacao,0-99 min
5599,L,302.8,312.1,1441,52.1,79,0,treino,0-99 min
5600,M,302.7,312,1652,31,81,0,treino,0-99 min
5601,L,302.8,312.1,1487,36.6,84,0,teste,0-99 min
5602,L,302.9,312.2,1605,33.9,86,0,treino,0-99 min
5603,L,302.9,312.1,1334,54.7,88,0,treino,0-99 min
5604,L,302.9,312.2,1340,57.8,90,0,treino,0-99 min
5605,L,302.9,312.2,1513,37.8,92,0,treino,0-99 min
5606,L,302.9,312.2,1510,41.4,94,0,treino,0-99 min
5607,L,302.9,312.2,1729,23.6,96,0,treino,0-99 min
5608,M,302.9,312.2,1745,25.5,98,0,treino,0-99 min
5609,M,303.1,312.3,1623,31.6,101,0,treino,100-199 min
5610,M,303.1,312.4,1378,50.1,104,0,treino,100-199 min
5611,L,303.1,312.4,1407,41.2,107,0,validacao,100-199 min
5612,M,303,312.3,1674,29.5,109,0,treino,100-199 min
5613,L,303,312.3,1486,42.4,112,0,validacao,100-199 min
5614,M,303,312.3,1483,38.8,114,0,treino,100-199 min
5615,H,303,312.2,1624,28.8,117,0,validacao,100-199 min
5616,M,303,312.2,1257,71.3,122,1,treino,100-199 min
5617,L,303,312.3,1480,41.4,125,0,validacao,100-199 min
5618,L,303.1,312.4,1404,61.5,127,1,validacao,100-199 min
5619,M,303,312.4,1645,29.6,129,0,treino,100-199 min
5620,L,303,312.3,1932,21.9,132,0,treino,100-199 min
5621,L,303,312.3,1533,38.5,134,0,teste,100-199 min
5622,M,302.9,312.2,1292,54.4,136,0,validacao,100-199 min
5623,L,302.9,312.2,1571,40.6,139,0,treino,100-199 min
5624,L,302.9,312.3,1578,36.3,141,0,teste,100-199 min
5625,M,302.8,312.2,1469,36.9,143,0,validacao,100-199 min
5626,L,302.7,312.1,1728,24.4,146,0,validacao,100-199 min
5627,H,302.7,312.1,1603,32.5,148,0,validacao,100-199 min
5628,L,302.7,312.1,1597,39.8,153,0,validacao,100-199 min
5629,L,302.7,312.1,1688,32,155,0,validacao,100-199 min
5630,L,302.7,312.2,1405,51.4,157,0,treino,100-199 min
5631,M,302.8,312.2,1615,32.9,159,0,treino,100-199 min
5632,L,302.8,312.2,1515,36.8,162,0,treino,100-199 min
5633,L,302.7,312.2,1376,52.8,164,0,treino,100-199 min
5634,L,302.7,312.2,1447,47.5,166,0,teste,100-199 min
5635,M,302.6,312.2,1353,56.5,168,0,treino,100-199 min
5636,L,302.6,312.1,1502,47.3,171,0,treino,100-199 min
5637,L,302.6,312,1447,45.5,173,0,validacao,100-199 min
5638,M,302.5,312,1487,46.1,175,0,teste,100-199 min
5639,L,302.6,312.1,1519,38.1,178,0,validacao,100-199 min
5640,L,302.6,312.1,1668,28.7,180,0,treino,100-199 min
5641,L,302.6,312.1,1420,51.6,182,0,teste,100-199 min
5642,L,302.6,312.1,1473,37.3,184,0,treino,100-199 min
5643,L,302.5,312,1495,38.8,186,0,teste,100-199 min
5644,L,302.5,312,1574,42,188,0,teste,100-199 min
5645,L,302.5,312,1383,51.3,190,0,validacao,100-199 min
5646,M,302.5,312,1591,29.4,192,0,treino,100-199 min
5647,M,302.4,311.8,1644,37.2,195,0,treino,100-199 min
5648,H,302.5,311.8,2370,14.7,198,0,validacao,100-199 min
5649,L,302.5,311.9,1401,44.9,203,0,treino,200+ min
5650,M,302.5,311.9,1414,51.6,205,0,treino,200+ min
5651,L,302.5,312,1456,46.3,208,0,treino,200+ min
5652,M,302.5,312,1447,45.7,210,0,teste,200+ min
5653,L,302.4,311.8,1727,26.5,213,0,treino,200+ min
5654,L,302.4,311.7,1495,36.8,215,0,validacao,200+ min
5655,L,302.3,311.6,1544,34.3,0,0,treino,0-99 min
5656,L,302.3,311.5,1387,47.3,2,0,validacao,0-99 min
5657,M,302.3,311.5,1316,47.2,4,0,teste,0-99 min
5658,L,302.3,311.5,1794,26.1,7,0,treino,0-99 min
5659,M,302.2,311.4,1372,55.1,9,0,teste,0-99 min
5660,M,302.3,311.5,1674,30,12,0,treino,0-99 min
5661,L,302.2,311.4,1477,41.7,15,0,treino,0-99 min
5662,L,302.2,311.4,1397,53,17,0,treino,0-99 min
5663,L,302.2,311.5,1616,34,19,0,treino,0-99 min
5664,M,302.3,311.5,1530,42.3,21,0,teste,0-99 min
5665,M,302.2,311.4,1539,35.1,24,0,treino,0-99 min
5666,L,302.3,311.4,1845,21.9,27,0,teste,0-99 min
5667,L,302.2,311.4,1430,43.1,29,0,treino,0-99 min
5668,L,302.2,311.4,2080,19.2,31,0,treino,0-99 min
5669,M,302.2,311.4,1432,45.3,33,0,treino,0-99 min
5670,M,302.2,311.5,1479,39.5,36,0,treino,0-99 min
5671,L,302.2,311.5,1424,45.2,39,0,teste,0-99 min
5672,H,302.2,311.6,1534,37.2,41,0,treino,0-99 min
5673,H,302.1,311.6,1701,26.2,46,0,treino,0-99 min
5674,L,302.2,311.6,1462,50,51,0,teste,0-99 min
5675,M,302.2,311.7,1393,42.5,53,0,treino,0-99 min
5676,M,302.3,311.7,1453,42.5,56,0,validacao,0-99 min
5677,L,302.3,311.8,1565,37.8,59,0,validacao,0-99 min
5678,L,302.3,311.8,1281,51.7,61,0,validacao,0-99 min
5679,M,302.2,311.7,1584,36.2,63,0,validacao,0-99 min
5680,M,302.2,311.7,1466,49,66,0,teste,0-99 min
5681,M,302.2,311.6,1386,50.5,69,0,treino,0-99 min
5682,L,302.2,311.6,1383,44.3,72,0,treino,0-99 min
5683,H,302.3,311.6,1441,53.9,74,0,treino,0-99 min
5684,M,302.2,311.6,1592,37.7,79,0,validacao,0-99 min
5685,H,302.2,311.6,1594,36.8,82,0,treino,0-99 min
5686,L,302.2,311.5,1482,45.6,87,0,validacao,0-99 min
5687,L,302.2,311.6,1658,31.4,89,0,treino,0-99 min
5688,L,302.3,311.7,2170,18.2,91,0,treino,0-99 min
5689,M,302.3,311.7,1423,44.6,93,0,treino,0-99 min
5690,L,302.4,311.8,1543,31.1,96,0,treino,0-99 min
5691,L,302.3,311.8,1435,44.8,98,0,treino,0-99 min
5692,L,302.4,311.8,1320,56.4,100,0,validacao,100-199 min
5693,M,302.4,311.9,1313,55.7,102,0,teste,100-199 min
5694,M,302.4,311.8,1453,42.1,105,0,treino,100-199 min
5695,L,302.4,311.8,1508,45.7,108,0,treino,100-199 min
5696,L,302.4,311.8,1451,42,110,0,teste,100-199 min
5697,H,302.5,311.9,1595,34.6,112,0,treino,100-199 min
5698,L,302.5,311.9,1354,49.4,117,0,treino,100-199 min
5699,L,302.5,311.9,1265,59.8,119,0,treino,100-199 min
5700,L,302.4,311.9,1867,25.9,121,0,teste,100-199 min
5701,L,302.5,311.9,1497,41.6,123,0,teste,100-199 min
5702,M,302.5,311.9,1347,54.3,125,0,teste,100-199 min
5703,L,302.3,311.7,1544,43.2,128,0,validacao,100-199 min
5704,H,302.3,311.7,1456,45.4,130,0,teste,100-199 min
5705,L,302.5,311.8,1335,52.7,135,0,validacao,100-199 min
5706,L,302.4,311.9,1452,43.1,137,0,teste,100-199 min
5707,L,302.4,311.9,1290,70,139,1,teste,100-199 min
5708,L,302.4,311.8,1448,43.4,141,0,treino,100-199 min
5709,L,302.3,311.7,1611,38.6,143,0,validacao,100-199 min
5710,L,302.2,311.7,1556,38.6,145,0,validacao,100-199 min
5711,H,302.2,311.7,1413,46.5,147,0,treino,100-199 min
5712,L,302.2,311.6,1545,35.9,152,0,treino,100-199 min
5713,L,302.2,311.7,1330,54.6,154,0,treino,100-199 min
5714,L,302.2,311.9,1596,38,156,0,treino,100-199 min
5715,L,302.2,311.8,1618,36,158,0,teste,100-199 min
5716,H,302.2,311.9,1597,35.8,160,0,treino,100-199 min
5717,L,302.3,312,1354,52.2,165,0,treino,100-199 min
5718,L,302.3,312,1746,28.1,167,0,treino,100-199 min
5719,L,302.4,312,1621,32.5,169,0,treino,100-199 min
5720,L,302.3,312,1398,43.3,171,0,teste,100-199 min
5721,L,302.3,311.9,1434,51.9,173,0,treino,100-199 min
5722,M,302.3,311.8,1443,43.4,175,0,treino,100-199 min
5723,L,302.2,311.7,1488,44.6,178,0,treino,100-199 min
5724,M,302.3,311.8,1475,48,180,0,treino,100-199 min
5725,L,302.3,311.8,1433,50.3,183,0,treino,100-199 min
5726,M,302.3,311.8,1557,34.1,185,0,treino,100-199 min
5727,M,302.4,311.9,1398,50.1,188,0,teste,100-199 min
5728,M,302.3,311.8,1559,34.4,191,0,treino,100-199 min
5729,M,302.4,311.9,1422,46.4,194,0,teste,100-199 min
5730,M,302.3,311.8,1463,35.7,197,0,treino,100-199 min
5731,L,302.3,311.7,1793,25.3,200,0,treino,200+ min
5732,L,302.2,311.6,1872,20.4,202,0,treino,200+ min
5733,L,302.2,311.7,1412,44.5,204,0,teste,200+ min
5734,L,302.3,311.8,1487,43.2,206,0,validacao,200+ min
5735,L,302.3,311.8,1369,56.2,208,1,validacao,200+ min
5736,L,302.4,311.8,1673,30.1,210,0,treino,200+ min
5737,M,302.4,311.9,1439,36.6,212,0,treino,200+ min
5738,L,302.3,311.8,1574,42.8,215,0,validacao,200+ min
5739,L,302.3,311.7,1281,48.8,0,0,teste,0-99 min
5740,M,302.2,311.7,1653,31.4,2,0,treino,0-99 min
5741,M,302.3,311.7,1535,38.3,5,0,validacao,0-99 min
5742,M,302.3,311.7,1483,40.5,8,0,validacao,0-99 min
5743,L,302.3,311.7,1414,47,11,0,teste,0-99 min
5744,M,302.2,311.6,1379,42.9,13,0,treino,0-99 min
5745,H,302.2,311.5,1482,42.6,16,0,treino,0-99 min
5746,L,302.1,311.5,1987,20.1,21,0,treino,0-99 min
5747,M,302.1,311.5,1635,31.6,23,0,treino,0-99 min
5748,L,302.1,311.5,1533,39.4,26,0,teste,0-99 min
5749,M,302.2,311.7,1576,34,28,0,treino,0-99 min
5750,H,302.2,311.8,1330,62.4,31,0,treino,0-99 min
5751,L,302.2,311.8,1981,21.8,36,0,validacao,0-99 min
5752,H,302.3,311.8,1475,42.8,38,0,validacao,0-99 min
5753,H,302.3,311.8,1804,25,43,0,treino,0-99 min
5754,L,302.2,311.6,1416,54.1,48,0,treino,0-99 min
5755,L,302.1,311.5,1727,27.7,50,0,treino,0-99 min
5756,L,302.1,311.4,1391,49.2,52,0,treino,0-99 min
5757,M,302,311.5,1366,52.3,54,0,treino,0-99 min
5758,L,301.9,311.3,1366,55.6,57,0,treino,0-99 min
5759,L,301.9,311.3,1501,40.8,59,0,treino,0-99 min
5760,L,301.8,311.3,1551,35.8,61,0,treino,0-99 min
5761,M,301.9,311.3,1522,35.6,63,0,treino,0-99 min
5762,L,301.9,311.2,1369,49.8,66,0,treino,0-99 min
5763,L,301.8,311.2,1334,52.3,68,0,treino,0-99 min
5764,H,301.8,311.2,1451,39.4,70,0,treino,0-99 min
5765,L,301.7,311.2,1589,37.9,75,0,treino,0-99 min
5766,L,301.7,311.3,1708,30.5,77,0,treino,0-99 min
5767,M,301.7,311.2,1413,42.6,79,0,treino,0-99 min
5768,M,301.6,311.2,1415,46.5,82,0,treino,0-99 min
5769,L,301.7,311.3,1421,45.9,85,0,treino,0-99 min
5770,L,301.7,311.3,1348,51,87,0,treino,0-99 min
5771,L,301.6,311.2,1408,42.9,89,0,validacao,0-99 min
5772,L,301.6,311.2,1525,43.7,91,0,treino,0-99 min
5773,L,301.6,311.3,1706,29.9,93,0,validacao,0-99 min
5774,H,301.6,311.2,1395,46.8,95,0,treino,0-99 min
5775,L,301.5,311.1,1602,34.3,100,0,treino,100-199 min
5776,L,301.6,311.1,1907,21.5,102,0,treino,100-199 min
5777,L,301.6,311.1,1325,49.2,104,0,validacao,100-199 min
5778,L,301.6,311.1,1408,44.4,106,0,treino,100-199 min
5779,M,301.7,311.1,1489,41.4,108,0,validacao,100-199 min
5780,L,301.6,311.1,1680,29.2,111,0,treino,100-199 min
5781,L,301.7,311.2,1517,42.4,113,0,treino,100-199 min
5782,M,301.7,311.1,1618,36.7,115,0,treino,100-199 min
5783,L,301.7,311.1,1455,39.8,118,0,teste,100-199 min
5784,H,301.8,311.1,1543,36.4,120,0,validacao,100-199 min
5785,M,301.8,311.1,1399,41.8,125,0,validacao,100-199 min
5786,L,301.7,311.1,1469,37.2,128,0,treino,100-199 min
5787,L,301.7,311.2,1521,36.7,130,0,teste,100-199 min
5788,L,301.7,311.3,1584,38.8,132,0,teste,100-199 min
5789,L,301.8,311.5,1443,43.3,134,0,teste,100-199 min
5790,M,301.8,311.5,1416,49,136,0,validacao,100-199 min
5791,M,301.7,311.2,1563,34.5,139,0,treino,100-199 min
5792,M,301.8,311.3,1542,40.1,142,0,teste,100-199 min
5793,M,301.8,311.3,1624,31.6,145,0,treino,100-199 min
5794,L,301.8,311.3,1471,44.2,148,0,teste,100-199 min
5795,M,301.9,311.5,1492,40.8,150,0,validacao,100-199 min
5796,M,301.9,311.4,1465,39.9,153,0,teste,100-199 min
5797,L,301.7,311.1,1399,55.1,156,0,treino,100-199 min
5798,L,301.6,311,1431,42.6,158,0,validacao,100-199 min
5799,L,301.5,310.9,1600,39,160,0,validacao,100-199 min
5800,L,301.5,310.8,1593,34.5,162,0,treino,100-199 min
5801,L,301.5,310.9,1469,44.7,164,0,validacao,100-199 min
5802,L,301.5,310.8,1413,44.6,166,0,validacao,100-199 min
5803,L,301.4,310.8,1490,38,168,0,treino,100-199 min
5804,L,301.5,310.9,1671,31.1,170,0,treino,100-199 min
5805,L,301.5,310.9,1365,46.5,172,0,treino,100-199 min
5806,M,301.4,310.9,1557,39.3,174,0,treino,100-199 min
5807,L,301.4,310.9,1440,45.4,177,0,treino,100-199 min
5808,M,301.4,310.9,1489,38.9,179,0,validacao,100-199 min
5809,L,301.4,311,1733,25.7,182,0,validacao,100-199 min
5810,H,301.3,311,1580,36.6,184,0,treino,100-199 min
5811,L,301.3,311,1856,21.9,189,0,treino,100-199 min
5812,L,301.3,311.1,1454,40.3,191,0,treino,100-199 min
5813,L,301.4,311.1,1495,36.3,193,0,teste,100-199 min
5814,L,301.2,311,1761,29.1,195,0,treino,100-199 min
5815,M,301.3,311,1402,47.5,197,0,treino,100-199 min
5816,L,301.2,311,1670,33,200,0,treino,200+ min
5817,L,301.3,311,1582,35.6,202,0,treino,200+ min
5818,L,301.3,311,1542,35.1,204,0,teste,200+ min
5819,L,301.3,311,1539,36.9,206,0,treino,200+ min
5820,L,301.3,311,1418,41.9,208,0,teste,200+ min
5821,L,301.3,311.1,1723,27.6,210,0,teste,200+ min
5822,L,301.3,311.1,1303,49.2,212,0,teste,200+ min
5823,M,301.3,311,1463,50.2,214,0,treino,200+ min
5824,L,301.2,311,1544,39.3,217,0,validacao,200+ min
5825,L,301.2,311,1596,37.2,219,0,treino,200+ min
5826,L,301.3,311.1,1413,42,221,0,treino,200+ min
5827,M,301.3,311.1,1492,41.2,223,0,treino,200+ min
5828,L,301.3,311.1,1624,40.9,0,0,teste,0-99 min
5829,L,301.3,311.1,1504,39.1,2,0,treino,0-99 min
5830,M,301.2,311.1,1574,34.3,4,0,validacao,0-99 min
5831,M,301.3,311.2,1438,42.4,7,0,teste,0-99 min
5832,L,301.3,311.3,1474,50.7,10,0,treino,0-99 min
5833,L,301.3,311.2,1675,32.1,12,0,validacao,0-99 min
5834,L,301.3,311.2,1457,44.5,14,0,treino,0-99 min
5835,L,301.3,311.3,1434,49.8,16,0,treino,0-99 min
5836,L,301.3,311.2,1668,30.1,18,0,treino,0-99 min
5837,L,301.2,311.1,1550,39.7,20,0,treino,0-99 min
5838,M,301.3,311.1,1834,25.4,22,0,teste,0-99 min
5839,M,301.4,311.2,1476,36.5,25,0,validacao,0-99 min
5840,M,301.4,311.2,1541,36.3,28,0,treino,0-99 min
5841,M,301.3,311.1,1581,30.9,31,0,teste,0-99 min
5842,M,301.3,311.1,1678,30.7,34,0,validacao,0-99 min
5843,L,301.4,311.2,1355,50.6,37,0,treino,0-99 min
5844,L,301.5,311.2,1700,28.8,39,0,validacao,0-99 min
5845,L,301.4,311.1,1462,37.1,41,0,teste,0-99 min
5846,M,301.4,311.2,1727,26.5,43,0,treino,0-99 min
5847,L,301.4,311.3,1674,33.3,46,0,treino,0-99 min
5848,L,301.4,311.3,1397,42.3,48,0,validacao,0-99 min
5849,L,301.4,311.3,2323,15.9,50,0,teste,0-99 min
5850,M,301.4,311.2,1434,47.6,52,0,treino,0-99 min
5851,L,301.3,311.1,1560,35.3,55,0,validacao,0-99 min
5852,L,301.2,311,1573,32.8,57,0,treino,0-99 min
5853,H,301.2,310.9,1798,22.3,59,0,teste,0-99 min
5854,L,301.2,311,1567,35.1,64,0,treino,0-99 min
5855,L,301.2,310.9,1416,53.3,66,0,treino,0-99 min
5856,M,301.2,310.9,1424,45.2,68,0,validacao,0-99 min
5857,H,301.2,310.9,1598,35.9,71,0,teste,0-99 min
5858,L,301.3,310.9,1760,23.9,76,0,treino,0-99 min
5859,L,301.3,311,1348,44.5,78,0,treino,0-99 min
5860,L,301.3,311,1542,33.6,80,0,treino,0-99 min
5861,L,301.3,310.9,1566,33.1,82,0,treino,0-99 min
5862,L,301.3,311,1554,47.7,84,0,validacao,0-99 min
5863,L,301.4,311,1470,40.6,86,0,treino,0-99 min
5864,M,301.4,311.1,1758,25.4,88,0,treino,0-99 min
5865,M,301.4,311,1486,36.5,91,0,treino,0-99 min
5866,M,301.5,311.1,1402,40,94,0,treino,0-99 min
5867,L,301.5,311.1,1459,45.1,97,0,treino,0-99 min
5868,L,301.5,311,1494,45.3,99,0,treino,0-99 min
5869,L,301.5,311.1,1731,27.9,101,0,treino,100-199 min
5870,L,301.5,311.1,2076,18.7,103,0,treino,100-199 min
5871,L,301.5,311.1,2055,16.8,105,0,teste,100-199 min
5872,L,301.5,311.1,1469,49.5,107,0,teste,100-199 min
5873,M,301.5,311,1504,42.6,109,0,treino,100-199 min
5874,M,301.5,311.1,1396,43.5,112,0,treino,100-199 min
5875,M,301.5,311.1,1660,33.8,115,0,teste,100-199 min
5876,M,301.5,311,1577,39.7,118,0,validacao,100-199 min
5877,L,301.5,311.1,1426,52.1,121,0,treino,100-199 min
5878,L,301.5,311.1,1458,41.4,123,0,teste,100-199 min
5879,L,301.4,311,1533,45.8,125,0,teste,100-199 min
5880,L,301.4,311,1701,28.4,127,0,treino,100-199 min
5881,L,301.5,311.1,1434,49.6,129,0,treino,100-199 min
5882,L,301.4,311.1,1952,22.7,131,0,treino,100-199 min
5883,L,301.4,311.1,1469,36.9,133,0,treino,100-199 min
5884,L,301.4,311.1,1800,26,135,0,teste,100-199 min
5885,M,301.3,311.1,1438,43,137,0,treino,100-199 min
5886,L,301.3,311.1,1647,28.2,140,0,treino,100-199 min
5887,L,301.4,311.1,1494,41.9,142,0,treino,100-199 min
5888,H,301.4,311.1,1445,41.4,144,0,treino,100-199 min
5889,M,301.5,311.1,1507,38.6,149,0,validacao,100-199 min
5890,M,301.4,311,1234,55.8,152,0,treino,100-199 min
5891,L,301.4,311,1634,32.6,155,0,validacao,100-199 min
5892,L,301.4,311,1334,53.3,157,0,treino,100-199 min
5893,L,301.4,311.1,1472,44.5,159,0,treino,100-199 min
5894,M,301.3,311,1410,52.7,161,0,validacao,100-199 min
5895,L,301.2,310.9,1597,37.9,164,0,treino,100-199 min
5896,M,301.2,310.9,1460,46.7,166,0,treino,100-199 min
5897,L,301.1,310.8,1274,55.7,169,0,teste,100-199 min
5898,M,301,310.7,1517,40.2,171,0,teste,100-199 min
5899,L,301,310.7,1300,57.2,174,0,treino,100-199 min
5900,H,300.9,310.6,1686,27.7,176,0,validacao,100-199 min
5901,M,300.9,310.7,1485,41,181,0,treino,100-199 min
5902,L,301,310.7,1464,45.8,184,0,treino,100-199 min
5903,L,300.9,310.6,1598,35.4,186,0,treino,100-199 min
5904,L,300.9,310.5,1894,21.9,188,0,treino,100-199 min
5905,M,300.8,310.5,1330,59,190,0,treino,100-199 min
5906,H,300.8,310.5,1582,31.1,193,0,treino,100-199 min
5907,L,300.7,310.3,1533,35.6,198,0,treino,100-199 min
5908,H,300.8,310.4,1419,46.4,200,0,teste,200+ min
5909,M,300.8,310.3,1526,36.3,205,0,treino,200+ min
5910,H,300.7,310.2,1364,65.3,208,1,validacao,200+ min
5911,M,300.8,310.3,1458,43.4,0,0,treino,0-99 min
5912,M,300.8,310.4,1288,64,3,0,teste,0-99 min
5913,M,300.7,310.3,1659,29.8,6,0,treino,0-99 min
5914,H,300.7,310.2,1479,52.3,9,0,treino,0-99 min
5915,L,300.7,310.3,1592,36,14,0,treino,0-99 min
5916,M,300.6,310.2,1532,38.7,16,0,treino,0-99 min
5917,L,300.6,310.2,1555,41.9,19,0,treino,0-99 min
5918,L,300.6,310.2,1341,52.6,21,0,treino,0-99 min
5919,L,300.6,310.1,1541,42,23,0,validacao,0-99 min
5920,L,300.6,310.3,1414,50.6,25,0,treino,0-99 min
5921,L,300.5,310.2,1764,25.9,27,0,validacao,0-99 min
5922,L,300.5,310.3,1336,57.1,29,0,treino,0-99 min
5923,L,300.5,310.3,1435,43.3,31,0,treino,0-99 min
5924,M,300.4,310.3,1537,35,33,0,validacao,0-99 min
5925,L,300.3,310.2,1369,48.8,36,0,treino,0-99 min
5926,M,300.2,310.1,1619,31.3,38,0,treino,0-99 min
5927,L,300.2,310.1,1440,51.1,41,0,treino,0-99 min
5928,L,300.2,310.1,1649,30.5,43,0,validacao,0-99 min
5929,M,300.2,310.1,1550,38.7,45,0,teste,0-99 min
5930,L,300.3,310.2,1471,45.2,48,0,treino,0-99 min
5931,L,300.3,310.3,1483,51.6,50,0,validacao,0-99 min
5932,L,300.3,310.4,1336,54.4,52,0,validacao,0-99 min
5933,L,300.5,310.5,1515,36.6,54,0,treino,0-99 min
5934,L,300.5,310.5,1373,47.4,56,0,treino,0-99 min
5935,H,300.6,310.5,1454,51.2,58,0,treino,0-99 min
5936,L,300.5,310.5,1646,34.5,63,0,treino,0-99 min
5937,M,300.5,310.4,1548,37.3,65,0,treino,0-99 min
5938,M,300.6,310.5,1462,41.3,68,0,treino,0-99 min
5939,L,300.5,310.4,1702,33.1,71,0,treino,0-99 min
5940,L,300.5,310.5,1409,60.9,73,0,treino,0-99 min
5941,M,300.6,310.6,1427,52.8,75,0,treino,0-99 min
5942,L,300.6,310.7,1438,48.5,78,1,validacao,0-99 min
5943,L,300.7,310.7,1450,43.4,80,0,treino,0-99 min
5944,L,300.7,310.7,1541,41.3,82,0,treino,0-99 min
5945,M,300.7,310.6,1484,38,84,0,teste,0-99 min
5946,M,300.8,310.8,1415,44.5,87,0,teste,0-99 min
5947,L,300.7,310.8,1496,46.4,90,0,treino,0-99 min
5948,M,300.7,310.8,1465,45.2,92,0,treino,0-99 min
5949,L,300.7,310.8,2113,18.5,95,0,treino,0-99 min
5950,M,300.7,310.8,1506,44,97,0,treino,0-99 min
5951,L,300.7,310.8,1689,28.9,100,0,treino,100-199 min
5952,L,300.7,310.9,1650,29.4,102,0,validacao,100-199 min
5953,L,300.7,310.8,1563,33.8,104,0,treino,100-199 min
5954,M,300.7,310.9,1486,38.9,106,0,teste,100-199 min
5955,L,300.8,310.9,1732,25.7,109,0,treino,100-199 min
5956,L,300.7,310.8,1653,31.6,111,0,treino,100-199 min
5957,L,300.7,310.9,1535,37.1,113,0,validacao,100-199 min
5958,L,300.7,310.9,1637,37.2,115,0,treino,100-199 min
5959,L,300.6,310.8,1533,38.5,117,0,teste,100-199 min
5960,L,300.6,310.8,1378,51.2,119,0,treino,100-199 min
5961,L,300.5,310.7,1606,33.5,121,0,treino,100-199 min
5962,L,300.3,310.7,1539,32.3,123,0,treino,100-199 min
5963,L,300.5,310.8,1728,26.3,125,0,treino,100-199 min
5964,H,300.4,310.7,1656,36.3,127,0,treino,100-199 min
5965,H,300.5,310.8,1631,30.5,132,0,treino,100-199 min
5966,H,300.5,310.9,1447,46.5,137,0,treino,100-199 min
5967,L,300.4,310.8,1396,49.3,142,0,treino,100-199 min
5968,L,300.4,310.8,1390,52.5,144,0,teste,100-199 min
5969,L,300.4,310.8,1348,56,146,0,treino,100-199 min
5970,M,300.4,310.8,1491,35.9,148,0,validacao,100-199 min
5971,L,300.4,310.8,1520,37.6,151,0,treino,100-199 min
5972,L,300.5,310.8,1509,33,153,0,treino,100-199 min
5973,L,300.5,310.8,1445,46.6,155,0,teste,100-199 min
5974,L,300.5,310.8,1354,51.8,157,0,treino,100-199 min
5975,L,300.5,310.7,1488,39.4,159,0,validacao,100-199 min
5976,H,300.5,310.7,1654,28.6,161,0,treino,100-199 min
5977,H,300.5,310.6,1378,51.5,166,0,treino,100-199 min
5978,L,300.6,310.7,1750,30.6,171,0,treino,100-199 min
5979,L,300.5,310.6,1448,46.3,173,0,teste,100-199 min
5980,H,300.6,310.7,1501,45.3,175,0,validacao,100-199 min
5981,M,300.6,310.7,1654,32,180,0,teste,100-199 min
5982,M,300.7,310.7,1347,46.5,183,0,treino,100-199 min
5983,L,300.7,310.8,1486,37.1,186,0,treino,100-199 min
5984,H,300.8,310.8,1466,45.2,188,0,treino,100-199 min
5985,H,300.7,310.8,1346,52,193,0,validacao,100-199 min
5986,L,300.7,310.7,1314,42.4,198,0,validacao,100-199 min
5987,L,300.6,310.7,1440,52.5,200,0,teste,200+ min
5988,L,300.7,310.8,1608,39.5,202,0,treino,200+ min
5989,H,300.7,310.8,1296,58.2,204,0,teste,200+ min
5990,L,300.7,310.7,1507,46.1,209,0,treino,200+ min
5991,M,300.7,310.7,1343,51.6,211,0,treino,200+ min
5992,L,300.7,310.7,1416,40.4,214,0,validacao,200+ min
5993,L,300.7,310.6,1288,47.2,216,0,validacao,200+ min
5994,M,300.7,310.6,1407,42.4,218,0,treino,200+ min
5995,L,300.6,310.4,1608,39.2,221,0,validacao,200+ min
5996,L,300.6,310.3,1920,22.3,223,0,treino,200+ min
5997,M,300.5,310.2,1386,48.2,225,0,teste,200+ min
5998,M,300.5,310.2,1571,34.6,228,0,treino,200+ min
5999,M,300.4,310.2,1613,36.9,231,0,treino,200+ min
6000,M,300.4,310.2,1671,30.5,234,1,validacao,200+ min
6001,H,300.4,310.2,1431,43.2,0,0,teste,0-99 min
6002,M,300.4,310.2,1380,47.3,5,0,validacao,0-99 min
6003,L,300.5,310.3,1683,31.5,8,0,treino,0-99 min
6004,L,300.4,310.2,1529,36.2,10,0,treino,0-99 min
6005,L,300.5,310.4,1761,26.5,12,0,treino,0-99 min
6006,L,300.6,310.5,1570,38.3,14,0,teste,0-99 min
6007,M,300.6,310.5,2156,18,16,0,treino,0-99 min
6008,M,300.7,310.6,1349,54.5,19,0,treino,0-99 min
6009,L,300.7,310.7,1431,39.3,22,0,treino,0-99 min
6010,L,300.6,310.6,1931,22,24,0,treino,0-99 min
6011,H,300.7,310.7,1428,43.4,26,0,treino,0-99 min
6012,L,300.8,310.8,1564,36.2,31,0,treino,0-99 min
6013,H,300.8,310.9,1425,44,33,0,teste,0-99 min
6014,L,300.7,310.8,1597,30.5,38,0,treino,0-99 min
6015,H,300.8,310.8,1618,32.8,40,0,teste,0-99 min
6016,M,300.8,310.8,1520,38,45,0,teste,0-99 min
6017,L,300.7,310.7,1425,45.3,48,0,treino,0-99 min
6018,L,300.8,310.9,1398,38.2,50,0,treino,0-99 min
6019,M,300.8,310.9,1557,31.6,52,0,treino,0-99 min
6020,L,300.7,310.8,1519,43.9,55,0,treino,0-99 min
6021,L,300.7,310.8,1619,34.9,57,0,teste,0-99 min
6022,L,300.7,310.8,1814,21.4,59,0,treino,0-99 min
6023,L,300.7,310.9,1521,39.4,61,0,teste,0-99 min
6024,M,300.7,310.9,1369,51.2,63,0,treino,0-99 min
6025,L,300.7,310.9,1356,65.3,66,1,treino,0-99 min
6026,L,300.7,311,1336,53.3,68,0,treino,0-99 min
6027,L,300.7,311,1403,48.3,70,0,validacao,0-99 min
6028,M,300.7,311,1413,44.3,72,0,treino,0-99 min
6029,L,300.6,310.9,1472,47.6,75,0,validacao,0-99 min
6030,M,300.7,310.8,1452,47.9,77,0,teste,0-99 min
6031,L,300.6,310.7,1397,53.7,80,0,treino,0-99 min
6032,L,300.6,310.7,1455,40.6,82,0,treino,0-99 min
6033,L,300.7,310.8,1754,27.7,84,0,teste,0-99 min
6034,L,300.6,310.9,1471,37.9,86,0,treino,0-99 min
6035,M,300.6,310.8,1389,48.1,88,0,treino,0-99 min
6036,M,300.6,310.9,1702,30.3,91,0,teste,0-99 min
6037,M,300.6,311,1401,54.6,94,0,treino,0-99 min
6038,L,300.7,311.1,1426,46.2,97,0,validacao,0-99 min
6039,L,300.7,311,1496,38.3,99,0,treino,0-99 min
6040,L,300.6,310.9,1433,42.6,101,0,treino,100-199 min
6041,M,300.7,311.1,1438,46.6,103,0,validacao,100-199 min
6042,M,300.7,311,1418,49.3,106,0,validacao,100-199 min
6043,M,300.8,311,1580,36.6,109,0,treino,100-199 min
6044,M,300.7,310.9,1468,41.8,112,0,treino,100-199 min
6045,M,300.8,310.9,1522,41.7,115,0,teste,100-199 min
6046,L,300.8,310.9,1311,55.8,118,0,treino,100-199 min
6047,L,300.9,311,1316,56.5,120,0,treino,100-199 min
6048,H,300.9,311,1853,23.6,122,0,teste,100-199 min
6049,M,300.9,311,1556,38.8,127,0,treino,100-199 min
6050,M,300.9,311,1567,34.3,130,0,validacao,100-199 min
6051,M,300.9,311.1,1546,37.7,133,0,treino,100-199 min
6052,L,300.9,311,1382,51.2,136,0,treino,100-199 min
6053,L,300.9,311,2003,20.2,138,0,teste,100-199 min
6054,L,300.8,310.9,1748,29.9,140,0,teste,100-199 min
6055,H,300.7,310.8,1518,40.1,142,0,treino,100-199 min
6056,L,300.7,310.8,1475,42,147,0,treino,100-199 min
6057,L,300.8,310.8,1634,29.2,149,0,treino,100-199 min
6058,L,300.8,310.8,1689,32.9,151,0,teste,100-199 min
6059,M,300.9,310.9,1636,35.3,153,0,teste,100-199 min
6060,L,300.9,311,2235,15.8,156,0,validacao,100-199 min
6061,L,301,311.1,1615,35.6,158,0,validacao,100-199 min
6062,H,301.1,311.1,1618,29.5,160,0,treino,100-199 min
6063,M,301.1,311.2,1407,53,165,0,validacao,100-199 min
6064,L,301.1,311.1,1450,43.3,168,0,treino,100-199 min
6065,L,301.1,311.1,1889,23.8,170,0,treino,100-199 min
6066,L,301,310.9,1568,38.2,172,0,validacao,100-199 min
6067,L,301,311,1804,25.8,174,0,treino,100-199 min
6068,L,301,311,1582,37.5,176,0,teste,100-199 min
6069,M,301,310.9,2047,17.9,178,0,treino,100-199 min
6070,L,300.9,310.9,1601,34,181,0,treino,100-199 min
6071,L,300.9,310.9,1615,32,183,0,treino,100-199 min
6072,M,300.9,310.8,1452,43.6,185,0,treino,100-199 min
6073,M,300.9,310.8,1695,30.2,188,0,treino,100-199 min
6074,M,300.9,310.8,1790,26.2,191,0,treino,100-199 min
6075,M,301,310.8,1533,39.3,194,0,validacao,100-199 min
6076,L,301,310.9,1813,28.5,197,0,treino,100-199 min
6077,L,301,310.9,1492,36.7,199,0,treino,100-199 min
6078,L,300.9,310.7,1479,43.3,201,0,treino,200+ min
6079,L,300.8,310.7,1339,59.1,203,1,teste,200+ min
6080,M,300.8,310.7,1371,44.7,205,0,treino,200+ min
6081,L,300.9,310.7,1468,36.2,208,0,treino,200+ min
6082,L,300.9,310.7,1517,41.7,210,0,treino,200+ min
6083,L,300.9,310.7,1352,46.4,212,0,validacao,200+ min
6084,L,300.9,310.7,1389,50,214,0,treino,200+ min
6085,M,300.8,310.6,1505,36.2,0,0,treino,0-99 min
6086,L,300.9,310.6,1538,36.7,3,0,treino,0-99 min
6087,L,300.9,310.8,1482,37,5,0,treino,0-99 min
6088,M,300.9,310.8,1599,33,7,0,treino,0-99 min
6089,L,300.9,310.8,1476,39,10,0,validacao,0-99 min
6090,L,300.9,310.7,1509,37.5,12,0,validacao,0-99 min
6091,L,300.9,310.8,1708,29.1,14,0,teste,0-99 min
6092,L,300.9,310.7,1412,57.5,16,0,validacao,0-99 min
6093,L,300.9,310.7,1658,28.5,18,0,treino,0-99 min
6094,L,301,310.8,1375,57.2,20,0,treino,0-99 min
6095,M,300.9,310.8,1402,48.1,22,0,treino,0-99 min
6096,M,300.9,310.7,1452,47.3,25,0,treino,0-99 min
6097,M,300.8,310.7,1483,40.8,28,0,treino,0-99 min
6098,H,300.9,310.8,1477,38.4,31,0,treino,0-99 min
6099,M,300.8,310.7,1924,22.4,36,0,treino,0-99 min
6100,H,300.9,310.7,1609,28.7,39,0,treino,0-99 min
6101,M,300.8,310.7,1886,21.1,44,0,treino,0-99 min
6102,L,300.7,310.6,1616,29.6,47,0,teste,0-99 min
6103,L,300.7,310.7,1442,43.2,49,0,treino,0-99 min
6104,L,300.8,310.8,1407,45.1,51,0,treino,0-99 min
6105,M,300.8,310.8,1461,41.3,53,0,treino,0-99 min
6106,M,300.8,310.9,1522,46.2,56,0,treino,0-99 min
6107,L,300.9,311,1432,48.1,59,0,treino,0-99 min
6108,L,300.9,311,1438,49,61,0,treino,0-99 min
6109,M,300.8,310.9,1678,28.1,63,0,treino,0-99 min
6110,M,300.8,310.9,1514,38.7,66,0,treino,0-99 min
6111,L,300.7,310.8,1534,41.3,69,0,validacao,0-99 min
6112,M,300.7,310.8,1486,41.2,71,0,teste,0-99 min
6113,L,300.7,310.8,1925,22,74,0,teste,0-99 min
6114,M,300.7,310.8,1724,30,76,0,treino,0-99 min
6115,M,300.8,310.8,1549,35.5,79,0,validacao,0-99 min
6116,L,300.8,310.9,1457,47.7,82,0,treino,0-99 min
6117,L,300.8,310.9,1453,43.9,84,0,teste,0-99 min
6118,L,300.8,311,1578,44.4,86,0,validacao,0-99 min
6119,M,300.9,311.1,1325,61.4,88,0,treino,0-99 min
6120,L,300.9,311.1,1471,39.3,91,0,treino,0-99 min
6121,M,300.9,311.2,1472,40,93,0,validacao,0-99 min
6122,L,300.9,311.1,1457,37.4,96,0,teste,0-99 min
6123,L,301,311,1402,55.3,98,0,treino,0-99 min
6124,L,300.9,310.9,1477,41.5,100,0,treino,100-199 min
6125,M,300.9,310.9,1727,30.1,102,0,validacao,100-199 min
6126,L,300.9,310.9,1995,20.2,105,0,treino,100-199 min
6127,L,300.9,310.9,1370,52.5,107,0,treino,100-199 min
6128,L,300.9,310.9,1228,66.4,109,0,teste,100-199 min
6129,L,300.9,311,1499,38,111,0,validacao,100-199 min
6130,M,301,311,1508,46.9,113,0,validacao,100-199 min
6131,L,301,310.9,1473,44.2,116,0,treino,100-199 min
6132,H,301,311,1640,37.6,118,0,treino,100-199 min
6133,L,301.1,311.1,1429,42.5,123,0,treino,100-199 min
6134,L,301.1,311.1,1470,40.9,125,0,validacao,100-199 min
6135,L,301,311,1581,37,127,0,teste,100-199 min
6136,L,301,310.9,1740,28.9,129,0,teste,100-199 min
6137,H,300.9,310.8,1390,40.6,131,0,treino,100-199 min
6138,M,300.9,310.8,1988,19.7,136,0,treino,100-199 min
6139,M,300.8,310.7,1452,43,139,0,teste,100-199 min
6140,L,300.8,310.7,1586,33.4,142,0,validacao,100-199 min
6141,L,300.8,310.7,1589,34.3,144,0,treino,100-199 min
6142,L,300.8,310.8,1486,45.7,146,0,validacao,100-199 min
6143,L,300.9,310.9,1755,27.9,148,0,treino,100-199 min
6144,M,301,310.9,1575,34.6,150,0,validacao,100-199 min
6145,M,301.1,311.1,1615,37.7,153,0,treino,100-199 min
6146,M,301.1,311.1,1436,41.8,156,0,validacao,100-199 min
6147,M,301.1,311.1,1470,40.6,159,0,validacao,100-199 min
6148,M,301.1,311.1,2089,19.8,162,0,validacao,100-199 min
6149,L,301.1,311.2,1564,37,165,0,treino,100-199 min
6150,M,301,311.1,1420,47.4,167,0,teste,100-199 min
6151,L,301.1,311.1,1711,29.1,170,0,validacao,100-199 min
6152,L,301.1,311.2,1555,35.3,172,0,validacao,100-199 min
6153,M,301.1,311.1,1592,35.7,174,0,teste,100-199 min
6154,L,301,311.1,1236,64.4,177,1,treino,100-199 min
6155,M,301,310.9,1765,24.2,179,0,validacao,100-199 min
6156,L,301,311,1634,31.2,182,0,teste,100-199 min
6157,L,301.1,311.1,1508,41.5,184,0,treino,100-199 min
6158,L,301.1,311.2,1774,29.6,186,0,treino,100-199 min
6159,L,301.1,311,1677,29.1,188,0,treino,100-199 min
6160,L,301,311,1399,58,190,1,treino,100-199 min
6161,L,301,310.9,1570,34,192,0,treino,100-199 min
6162,L,301,310.9,1479,44.3,194,0,treino,100-199 min
6163,L,301,310.8,1558,34.9,196,0,validacao,100-199 min
6164,L,300.8,310.7,1358,48.1,198,0,validacao,100-199 min
6165,H,300.9,310.7,1656,30.7,200,0,treino,200+ min
6166,L,300.9,310.7,1523,35.8,205,0,treino,200+ min
6167,H,300.9,310.7,1403,40.6,207,0,treino,200+ min
6168,M,300.9,310.7,1362,51.6,212,0,treino,200+ min
6169,M,300.7,310.6,1778,27.1,215,0,treino,200+ min
6170,L,300.7,310.5,1448,38.2,218,0,treino,200+ min
6171,H,300.8,310.5,1559,40.1,220,0,treino,200+ min
6172,L,300.8,310.6,1416,42.2,225,0,treino,200+ min
6173,L,300.8,310.6,1577,37.9,227,1,validacao,200+ min
6174,L,300.8,310.7,1633,27.8,0,0,teste,0-99 min
6175,L,300.9,310.7,1573,31.2,2,0,treino,0-99 min
6176,L,300.9,310.8,1517,44.3,4,0,teste,0-99 min
6177,L,301,310.9,1515,37.3,6,0,treino,0-99 min
6178,L,301,310.8,1527,45.3,8,0,teste,0-99 min
6179,L,301.1,310.9,1282,67.9,10,1,validacao,0-99 min
6180,M,301.1,310.9,1396,45.1,12,0,treino,0-99 min
6181,L,301,310.9,1492,44.6,15,0,teste,0-99 min
6182,L,301,310.8,1975,19.7,17,0,treino,0-99 min
6183,L,301,310.8,1475,35.3,19,0,teste,0-99 min
6184,H,301,310.9,1495,37.3,21,0,validacao,0-99 min
6185,L,301,311,1553,35.8,26,0,teste,0-99 min
6186,L,301.1,311,1918,21.7,28,0,treino,0-99 min
6187,M,301.1,311,1413,46.6,30,0,validacao,0-99 min
6188,L,301,311,1437,56,33,0,treino,0-99 min
6189,L,301,310.9,1450,45.9,35,0,validacao,0-99 min
6190,M,301,310.9,1910,21.9,37,0,treino,0-99 min
6191,L,300.9,310.9,1749,26.4,40,0,treino,0-99 min
6192,H,301,310.9,1916,22,42,0,treino,0-99 min
6193,L,301,310.9,1428,45.3,47,0,treino,0-99 min
6194,L,301,310.9,1578,38.4,49,0,treino,0-99 min
6195,L,300.9,310.8,1571,39.9,51,0,treino,0-99 min
6196,L,300.9,310.8,1729,30.2,53,0,treino,0-99 min
6197,L,300.9,310.8,1701,30.4,55,0,validacao,0-99 min
6198,L,300.9,310.8,1493,45.8,57,0,treino,0-99 min
6199,M,301,310.9,1554,32.7,59,0,treino,0-99 min
6200,L,300.9,310.9,1497,43.2,62,0,treino,0-99 min
6201,L,301,310.9,1679,29.8,64,0,treino,0-99 min
6202,M,301,310.9,1510,44.5,66,0,treino,0-99 min
6203,L,301,310.9,1296,54.9,69,0,teste,0-99 min
6204,L,301,310.9,1404,41.8,71,0,treino,0-99 min
6205,M,300.9,310.8,1519,34.9,73,0,teste,0-99 min
6206,M,300.9,310.7,1696,27.3,76,0,treino,0-99 min
6207,M,300.8,310.6,1669,28.4,79,0,treino,0-99 min
6208,L,300.7,310.6,1447,40.7,82,0,treino,0-99 min
6209,M,300.7,310.6,1418,46.3,84,0,teste,0-99 min
6210,L,300.7,310.6,1407,40.5,87,0,treino,0-99 min
6211,L,300.8,310.5,1434,44.5,89,0,teste,0-99 min
6212,L,300.8,310.6,1360,48.8,91,0,treino,0-99 min
6213,L,300.8,310.6,1402,53.7,93,0,teste,0-99 min
6214,L,300.9,310.6,1552,34.9,95,0,treino,0-99 min
6215,L,300.9,310.7,1392,44.2,97,0,treino,0-99 min
6216,L,301.1,310.8,1521,41,99,0,teste,0-99 min
6217,L,301.1,310.8,1724,27.5,101,0,treino,100-199 min
6218,M,301,310.7,1455,46.1,103,0,validacao,100-199 min
6219,H,301,310.6,1366,50.6,106,0,treino,100-199 min
6220,H,301.1,310.6,1407,43.9,111,0,treino,100-199 min
6221,L,301.1,310.8,1470,49.3,116,0,teste,100-199 min
6222,M,301.2,310.9,1359,50.8,118,0,treino,100-199 min
6223,H,301.1,310.8,1792,25.8,121,0,validacao,100-199 min
6224,M,301.1,310.9,1552,37.9,126,0,treino,100-199 min
6225,L,301.2,311,1612,32.9,129,0,treino,100-199 min
6226,M,301.2,311,1424,41.4,131,0,treino,100-199 min
6227,H,301.3,311,1341,59.3,134,0,validacao,100-199 min
6228,L,301.2,310.8,1479,38.2,139,0,teste,100-199 min
6229,L,301.2,310.9,1413,50.1,141,0,treino,100-199 min
6230,L,301.3,310.9,2165,17.4,143,0,treino,100-199 min
6231,M,301.3,311,1641,33,145,0,validacao,100-199 min
6232,M,301.3,311,1495,40.8,148,0,treino,100-199 min
6233,L,301.3,311,1576,30.4,151,0,teste,100-199 min
6234,L,301.2,310.9,1467,37.1,153,0,treino,100-199 min
6235,L,301.2,310.8,1479,41.2,155,0,treino,100-199 min
6236,L,301.3,310.9,1596,33.9,157,0,treino,100-199 min
6237,M,301.3,310.9,1512,36.9,159,0,teste,100-199 min
6238,L,301.4,310.9,1414,38.8,162,0,treino,100-199 min
6239,L,301.3,310.8,1390,57.4,164,0,teste,100-199 min
6240,L,301.2,310.7,1644,31.6,166,0,treino,100-199 min
6241,M,301.2,310.7,1394,42.8,168,0,validacao,100-199 min
6242,L,301.1,310.5,1324,52.4,171,0,validacao,100-199 min
6243,L,301,310.4,1476,43.6,173,0,treino,100-199 min
6244,L,301,310.4,2204,16.6,175,0,validacao,100-199 min
6245,M,301,310.4,1665,30.9,177,0,treino,100-199 min
6246,L,300.9,310.4,1445,41.7,180,0,teste,100-199 min
6247,H,300.8,310.3,1457,46.8,182,0,treino,100-199 min
6248,L,300.8,310.2,1492,46.3,187,0,teste,100-199 min
6249,L,300.8,310.1,1405,61.2,189,1,validacao,100-199 min
6250,L,300.7,310.1,1542,35.5,191,0,treino,100-199 min
6251,L,300.8,310.2,1520,37.7,193,0,teste,100-199 min
6252,M,300.8,310.2,1598,36.5,195,0,teste,100-199 min
6253,L,300.8,310.3,1538,36.1,198,0,validacao,100-199 min
6254,L,300.9,310.4,1615,30.9,200,0,treino,200+ min
6255,L,301,310.5,1408,47,202,0,treino,200+ min
6256,L,301,310.5,1379,57.3,204,1,treino,200+ min
6257,L,301,310.6,1493,37.8,206,1,validacao,200+ min
6258,L,301.1,310.7,1376,49.1,0,0,validacao,0-99 min
6259,M,301.1,310.7,1583,40.7,2,0,treino,0-99 min
6260,M,301.2,310.8,1396,47.4,5,0,treino,0-99 min
6261,L,301.1,310.7,1436,45.3,8,0,treino,0-99 min
6262,L,301.1,310.6,1417,47.6,10,0,teste,0-99 min
6263,L,301,310.6,1641,33.4,12,0,treino,0-99 min
6264,M,301,310.6,1698,27.3,14,0,validacao,0-99 min
6265,L,300.9,310.4,1541,39.1,17,0,validacao,0-99 min
6266,L,300.8,310.3,1383,46.6,19,0,treino,0-99 min
6267,L,300.8,310.4,1368,46.8,21,0,teste,0-99 min
6268,L,300.8,310.4,1570,35.2,23,0,treino,0-99 min
6269,L,300.9,310.5,1616,33.5,25,0,treino,0-99 min
6270,M,300.9,310.5,1444,43.2,27,0,treino,0-99 min
6271,L,300.9,310.4,2021,18.8,30,0,treino,0-99 min
6272,M,300.9,310.5,1702,29.3,32,0,treino,0-99 min
6273,M,301.1,310.6,1429,52.7,35,0,treino,0-99 min
6274,L,301.2,310.8,1711,28.9,38,0,treino,0-99 min
6275,M,301.2,310.7,1543,32.9,40,0,validacao,0-99 min
6276,L,301.3,310.8,1628,32.2,43,0,treino,0-99 min
6277,L,301.2,310.8,1233,64.6,45,0,teste,0-99 min
6278,L,301.2,310.8,1461,40.6,47,0,validacao,0-99 min
6279,L,301.2,310.7,1568,38.3,49,0,treino,0-99 min
6280,L,301.3,310.8,1432,54.4,51,0,teste,0-99 min
6281,M,301.2,310.7,1527,41.1,53,0,teste,0-99 min
6282,M,301.3,310.8,1455,41.2,56,0,validacao,0-99 min
6283,M,301.3,310.8,1418,45.4,59,0,treino,0-99 min
6284,L,301.3,310.8,1719,29.5,62,0,teste,0-99 min
6285,M,301.2,310.8,1734,31.3,64,0,treino,0-99 min
6286,M,301.2,310.7,1426,46.1,67,0,treino,0-99 min
6287,L,301.1,310.6,1611,35.2,70,0,treino,0-99 min
6288,M,301.1,310.6,1479,41.1,72,0,treino,0-99 min
6289,L,301,310.5,1317,50.9,75,0,teste,0-99 min
6290,L,301,310.5,1248,61.4,77,0,treino,0-99 min
6291,L,301,310.5,1932,21.7,79,0,validacao,0-99 min
6292,M,301.1,310.5,1547,35.8,81,0,treino,0-99 min
6293,L,301,310.4,1614,31.6,84,0,teste,0-99 min
6294,H,301,310.4,1512,44.9,86,0,treino,0-99 min
6295,L,301.1,310.5,1529,38.7,91,0,treino,0-99 min
6296,H,301.1,310.6,1782,24.9,93,0,teste,0-99 min
6297,L,301,310.5,1429,39.4,98,0,treino,0-99 min
6298,M,301.1,310.5,1309,60.7,100,0,treino,100-199 min
6299,L,301.1,310.5,1428,44.1,103,0,treino,100-199 min
6300,L,301.2,310.6,1385,49.2,105,0,teste,100-199 min
6301,L,301.2,310.7,1517,39.4,107,0,treino,100-199 min
6302,M,301.2,310.6,1576,39.6,109,0,validacao,100-199 min
6303,L,301.2,310.6,1437,51.2,112,0,teste,100-199 min
6304,H,301.2,310.6,1457,50.5,114,0,treino,100-199 min
6305,L,301.1,310.5,1532,37.5,119,0,treino,100-199 min
6306,M,301.1,310.5,1603,32.6,121,0,treino,100-199 min
6307,L,301,310.4,1563,34.4,124,0,teste,100-199 min
6308,L,301,310.3,1617,34.5,126,0,treino,100-199 min
6309,M,300.8,310.1,1686,26.9,128,0,treino,100-199 min
6310,L,300.9,310.2,1382,50.4,131,0,treino,100-199 min
6311,L,300.9,310.1,2090,17.8,133,0,treino,100-199 min
6312,L,300.9,310.3,1446,44.5,135,0,teste,100-199 min
6313,M,300.9,310.2,1533,38.1,137,0,validacao,100-199 min
6314,L,300.9,310.3,1440,47.6,140,0,validacao,100-199 min
6315,M,301,310.4,1793,25,142,0,treino,100-199 min
6316,M,301,310.4,1517,46.1,145,0,treino,100-199 min
6317,L,300.9,310.4,1544,36,148,0,teste,100-199 min
6318,L,300.9,310.3,1321,48.8,150,0,validacao,100-199 min
6319,M,300.9,310.3,1416,50.9,152,0,treino,100-199 min
6320,L,300.8,310.2,1514,40,155,0,treino,100-199 min
6321,M,300.8,310.2,1304,52.5,157,0,treino,100-199 min
6322,L,300.7,310.2,1286,64.9,160,0,treino,100-199 min
6323,M,300.7,310.1,1483,40.2,162,0,validacao,100-199 min
6324,L,300.7,310.1,1351,46.9,165,0,teste,100-199 min
6325,M,300.7,310.1,1367,52.6,167,0,treino,100-199 min
6326,L,300.7,310.1,1721,32.3,170,0,validacao,100-199 min
6327,L,300.6,310,1455,40.4,172,0,treino,100-199 min
6328,L,300.6,310,1425,49.5,174,0,treino,100-199 min
6329,L,300.7,310,1672,29.7,176,0,validacao,100-199 min
6330,M,300.7,310,1641,34.6,178,0,treino,100-199 min
6331,M,300.5,310,1580,37,181,0,treino,100-199 min
6332,H,300.5,310,1495,47.4,184,0,treino,100-199 min
6333,M,300.5,309.9,1994,19.8,189,0,treino,100-199 min
6334,M,300.4,309.9,1415,31.8,192,0,treino,100-199 min
6335,M,300.4,309.8,1725,30.4,195,0,treino,100-199 min
6336,M,300.4,309.8,1430,43.4,198,0,validacao,100-199 min
6337,L,300.4,309.8,1395,48.1,201,0,treino,200+ min
6338,M,300.4,309.8,1435,43.6,203,0,validacao,200+ min
6339,L,300.4,309.9,1681,28.6,206,0,treino,200+ min
6340,L,300.5,310,1451,48.6,208,0,treino,200+ min
6341,H,300.5,309.9,1397,45.9,210,1,treino,200+ min
6342,M,300.4,309.8,1421,47.2,0,0,treino,0-99 min
6343,M,300.3,309.8,1444,42,3,0,validacao,0-99 min
6344,L,300.2,309.8,1827,23,6,0,teste,0-99 min
6345,H,300.2,309.8,1374,47.7,8,0,treino,0-99 min
6346,L,300.2,309.8,1650,29.6,13,0,treino,0-99 min
6347,L,300.2,309.7,1275,60.7,15,0,treino,0-99 min
6348,L,300.2,309.7,1421,44.6,17,0,teste,0-99 min
6349,L,300.2,309.8,1557,33.8,19,0,teste,0-99 min
6350,L,300.1,309.8,1506,35.2,21,0,treino,0-99 min
6351,L,300.1,309.7,1362,49.1,23,0,treino,0-99 min
6352,L,300,309.7,1542,47.1,25,0,treino,0-99 min
6353,L,300,309.6,1496,38.8,27,0,treino,0-99 min
6354,M,300,309.6,1491,42,29,0,treino,0-99 min
6355,L,300.1,309.6,1565,34.8,32,0,teste,0-99 min
6356,L,300.1,309.7,1481,37.9,34,0,teste,0-99 min
6357,M,300.1,309.7,1420,48.4,36,0,treino,0-99 min
6358,L,300.2,309.8,1398,54.8,39,0,treino,0-99 min
6359,M,300.2,309.8,1466,45.7,41,0,treino,0-99 min
6360,L,300.1,309.8,1430,56.7,44,0,treino,0-99 min
6361,L,300.1,309.7,1441,40.1,46,0,teste,0-99 min
6362,M,300.1,309.7,1348,57.3,48,0,treino,0-99 min
6363,L,300,309.6,1738,28.7,51,0,validacao,0-99 min
6364,M,300,309.6,1618,36.2,53,0,validacao,0-99 min
6365,M,299.9,309.6,1489,41.7,56,0,teste,0-99 min
6366,M,299.9,309.5,1412,57.9,59,0,treino,0-99 min
6367,M,299.9,309.5,2065,18.1,62,0,treino,0-99 min
6368,L,300,309.6,1571,33.1,65,0,teste,0-99 min
6369,M,300,309.6,1423,48.7,67,0,validacao,0-99 min
6370,H,300,309.5,1781,24.9,70,0,teste,0-99 min
6371,L,300.1,309.6,1321,46.9,75,0,teste,0-99 min
6372,L,300.1,309.6,1546,36.7,77,0,validacao,0-99 min
6373,M,300,309.5,1879,22.4,79,0,treino,0-99 min
6374,H,300,309.5,1735,28.9,82,0,treino,0-99 min
6375,L,300,309.5,1506,38.8,87,0,treino,0-99 min
6376,H,300,309.6,1629,32.3,89,0,treino,0-99 min
6377,L,300,309.6,1694,28.7,94,0,treino,0-99 min
6378,L,300.1,309.6,1541,37,96,0,treino,0-99 min
6379,L,300,309.6,1514,44.6,98,0,treino,0-99 min
6380,L,300.1,309.7,1485,45.9,100,0,treino,100-199 min
6381,L,300.2,309.8,1430,55,102,0,treino,100-199 min
6382,L,300.2,309.7,1771,27.1,104,0,teste,100-199 min
6383,L,300.2,309.8,1481,41.9,106,0,treino,100-199 min
6384,H,300.2,309.7,1483,43.8,108,0,treino,100-199 min
6385,H,300.1,309.6,1463,45.1,113,0,treino,100-199 min
6386,L,300.1,309.7,1410,48.3,118,0,validacao,100-199 min
6387,L,300.2,309.7,1656,34.3,120,0,treino,100-199 min
6388,M,300.2,309.8,1487,39.2,122,0,teste,100-199 min
6389,H,300.3,309.9,1509,46.6,125,0,treino,100-199 min
6390,H,300.3,309.9,1677,30.1,130,0,treino,100-199 min
6391,L,300.3,309.8,1450,55,135,0,validacao,100-199 min
6392,M,300.2,309.7,1413,43,137,0,treino,100-199 min
6393,L,300.1,309.7,1680,33.8,140,0,treino,100-199 min
6394,L,300.2,309.7,1678,30.5,142,0,treino,100-199 min
6395,M,300.2,309.7,1408,44,144,0,treino,100-199 min
6396,M,300.1,309.6,1376,52.1,147,0,treino,100-199 min
6397,L,300,309.6,1526,46.4,150,0,validacao,100-199 min
6398,M,300,309.6,1587,32.6,152,0,teste,100-199 min
6399,L,300.1,309.7,1351,58.2,155,0,treino,100-199 min
6400,M,300.1,309.6,1501,38,157,0,treino,100-199 min
6401,L,300.1,309.7,1601,35.8,160,0,validacao,100-199 min
6402,M,300,309.6,1573,39.7,162,0,teste,100-199 min
6403,M,300.1,309.6,1584,36.7,165,0,treino,100-199 min
6404,L,300.1,309.6,1649,33.6,168,0,validacao,100-199 min
6405,M,300.2,309.7,1183,61.4,170,0,treino,100-199 min
6406,L,300.1,309.7,2151,17.5,173,0,treino,100-199 min
6407,L,300.2,309.8,1526,45.6,175,0,treino,100-199 min
6408,M,300.3,309.9,1611,29,177,0,validacao,100-199 min
6409,L,300.3,309.9,1601,31.7,180,0,treino,100-199 min
6410,L,300.3,310,1560,40.8,182,0,treino,100-199 min
6411,L,300.4,310.1,1544,41.9,184,0,treino,100-199 min
6412,M,300.4,310,1560,42.3,186,0,treino,100-199 min
6413,L,300.4,310,1423,44.2,189,0,treino,100-199 min
6414,L,300.4,310.1,1614,33.5,191,0,treino,100-199 min
6415,M,300.4,310.1,1457,35.1,193,0,treino,100-199 min
6416,L,300.4,310.1,1503,42.2,196,0,teste,100-199 min
6417,H,300.4,310.1,1484,38,198,0,treino,100-199 min
6418,L,300.3,309.9,1540,39.9,203,0,treino,200+ min
6419,H,300.3,309.9,1405,52.1,205,0,treino,200+ min
6420,H,300.3,309.9,1394,46.7,210,1,validacao,200+ min
6421,L,300.3,309.9,1518,36.4,0,0,teste,0-99 min
6422,L,300.3,309.9,1527,41.4,2,0,validacao,0-99 min
6423,L,300.3,309.9,1377,55.3,4,0,treino,0-99 min
6424,M,300.3,310,1537,37.5,6,0,treino,0-99 min
6425,M,300.3,310,1409,43.2,9,0,treino,0-99 min
6426,L,300.3,309.9,1393,56.1,12,0,treino,0-99 min
6427,L,300.2,309.7,1448,36.8,14,0,validacao,0-99 min
6428,L,300.2,309.8,1418,49.3,16,0,treino,0-99 min
6429,M,300.2,309.8,1743,24.1,18,0,treino,0-99 min
6430,M,300.2,309.8,1394,47.4,21,0,validacao,0-99 min
6431,L,300.3,309.8,1523,39.2,24,0,teste,0-99 min
6432,L,300.2,309.8,1353,59.4,26,0,treino,0-99 min
6433,M,300.3,309.9,1447,46.5,28,0,teste,0-99 min
6434,L,300.3,309.9,1570,34,31,0,treino,0-99 min
6435,M,300.3,309.9,1494,38.5,33,0,teste,0-99 min
6436,L,300.3,309.9,1621,34.1,36,0,validacao,0-99 min
6437,L,300.4,310,1769,26.1,38,0,treino,0-99 min
6438,L,300.4,310,1282,66.1,40,0,treino,0-99 min
6439,L,300.4,310,1581,30.3,42,0,teste,0-99 min
6440,L,300.6,310.1,1656,32.7,44,0,treino,0-99 min
6441,L,300.6,310.2,1648,31.7,46,0,validacao,0-99 min
6442,L,300.7,310.2,1639,31.4,48,0,treino,0-99 min
6443,L,300.7,310.2,1348,54.8,50,0,treino,0-99 min
6444,L,300.8,310.3,1537,33.3,52,0,treino,0-99 min
6445,M,300.8,310.3,1270,61,54,0,treino,0-99 min
6446,L,300.7,310.3,1662,34.4,57,0,treino,0-99 min
6447,M,300.7,310.3,1471,40.2,59,0,validacao,0-99 min
6448,L,300.6,310.1,1337,45.8,62,0,treino,0-99 min
6449,H,300.7,310.2,1877,24.8,64,0,treino,0-99 min
6450,L,300.6,310.2,1519,44.6,69,0,teste,0-99 min
6451,L,300.6,310.2,1378,47.3,71,0,teste,0-99 min
6452,L,300.7,310.2,1696,27.5,73,0,teste,0-99 min
6453,L,300.7,310.1,1376,50.8,75,0,treino,0-99 min
6454,L,300.7,310.2,1807,24.2,77,0,treino,0-99 min
6455,L,300.7,310.1,1598,32.8,79,0,treino,0-99 min
6456,L,300.7,310.1,1565,40.2,81,0,treino,0-99 min
6457,L,300.7,310.2,1387,50.6,83,0,teste,0-99 min
6458,L,300.7,310,1395,48,85,0,treino,0-99 min
6459,M,300.6,310,1302,62.9,87,0,validacao,0-99 min
6460,M,300.6,310,1397,55.2,90,0,treino,0-99 min
6461,L,300.6,310,1313,52.9,93,0,treino,0-99 min
6462,L,300.6,310,1505,35.9,95,0,treino,0-99 min
6463,H,300.6,310,1483,44,97,0,treino,0-99 min
6464,H,300.5,310,1358,60.4,102,0,teste,100-199 min
6465,M,300.5,309.9,1735,27,107,0,treino,100-199 min
6466,M,300.5,309.8,1416,48.5,110,0,treino,100-199 min
6467,L,300.4,309.7,1740,31.1,113,0,treino,100-199 min
6468,L,300.4,309.7,1692,27.4,115,0,treino,100-199 min
6469,L,300.5,309.8,1507,42.5,117,0,treino,100-199 min
6470,M,300.4,309.6,1521,35,119,0,treino,100-199 min
6471,L,300.4,309.6,1379,54.5,122,0,treino,100-199 min
6472,L,300.4,309.6,1523,38.5,124,0,treino,100-199 min
6473,H,300.4,309.6,1571,33.6,126,0,validacao,100-199 min
6474,H,300.4,309.5,1547,50.7,131,0,validacao,100-199 min
6475,M,300.5,309.7,1347,54.3,136,0,treino,100-199 min
6476,L,300.5,309.7,1560,30.2,139,0,treino,100-199 min
6477,L,300.5,309.7,1384,48.6,141,0,treino,100-199 min
6478,L,300.5,309.7,1841,24.6,143,0,treino,100-199 min
6479,L,300.5,309.8,1663,29.1,145,1,treino,100-199 min
6480,L,300.6,309.8,1418,42.7,147,0,teste,100-199 min
6481,L,300.7,309.9,1775,26.6,149,0,treino,100-199 min
6482,L,300.7,309.8,1406,48.4,151,0,treino,100-199 min
6483,L,300.6,309.9,1480,43.7,153,0,validacao,100-199 min
6484,L,300.7,309.9,1412,45.3,155,0,treino,100-199 min
6485,H,300.6,309.8,1913,22.5,157,0,validacao,100-199 min
6486,L,300.6,309.8,1629,37.6,162,0,treino,100-199 min
6487,L,300.5,309.8,1939,21.4,164,0,treino,100-199 min
6488,H,300.6,309.8,1541,36.2,166,0,validacao,100-199 min
6489,L,300.7,309.8,1330,54.4,171,0,treino,100-199 min
6490,M,300.7,309.8,1490,38.8,173,0,treino,100-199 min
6491,L,300.7,309.9,1383,44.5,176,0,treino,100-199 min
6492,L,300.8,310,1468,52.7,178,0,validacao,100-199 min
6493,M,300.8,309.9,1444,46,180,0,validacao,100-199 min
6494,L,300.7,309.8,1363,53.1,183,0,treino,100-199 min
6495,L,300.6,309.7,1617,33.2,185,0,validacao,100-199 min
6496,M,300.6,309.8,1694,31.1,187,0,teste,100-199 min
6497,L,300.7,309.9,1815,27,190,0,teste,100-199 min
6498,L,300.8,309.9,1312,65.3,192,1,teste,100-199 min
6499,H,300.8,309.9,2041,19.2,194,0,treino,100-199 min
6500,L,300.9,310,1671,26.8,199,0,treino,100-199 min
6501,M,300.9,310,1416,46.6,201,0,treino,200+ min
6502,M,300.9,310,1600,36,204,0,teste,200+ min
6503,L,300.9,310,2595,13.7,207,0,validacao,200+ min
6504,M,300.9,309.9,1465,42.9,209,0,teste,200+ min
6505,M,301,310.1,1681,27.4,212,0,teste,200+ min
6506,L,301.1,310.1,1457,39.6,215,0,treino,200+ min
6507,H,301,310.1,1454,44.1,217,0,teste,200+ min
6508,L,301,310.1,1558,32.6,0,0,validacao,0-99 min
6509,H,301,310.1,1756,30.7,2,0,treino,0-99 min
6510,L,301.1,310.1,1564,36.8,7,0,teste,0-99 min
6511,L,301.1,310.2,1455,55.3,9,0,treino,0-99 min
6512,M,301.2,310.1,2280,15.7,11,0,validacao,0-99 min
6513,M,301.1,310,1433,48.1,14,0,treino,0-99 min
6514,L,301.1,310,1513,38,17,0,teste,0-99 min
6515,L,301,309.9,1507,41.8,19,0,validacao,0-99 min
6516,L,301,310,1480,43.5,21,0,treino,0-99 min
6517,H,301.1,310,1470,40.1,23,0,treino,0-99 min
6518,L,301.1,310.1,1540,36.6,28,0,validacao,0-99 min
6519,H,301,310,1212,67.9,30,0,validacao,0-99 min
6520,L,301.1,310.1,1417,46.9,35,0,treino,0-99 min
6521,M,301.2,310.1,1666,34.9,37,0,treino,0-99 min
6522,L,301.1,310.1,1666,27.2,40,0,treino,0-99 min
6523,L,301.1,310.1,1489,45.8,42,0,teste,0-99 min
6524,M,301.1,310.2,1850,27.7,44,0,validacao,0-99 min
6525,L,301.1,310.4,1874,24.8,47,0,treino,0-99 min
6526,L,301.1,310.4,1312,73.6,49,1,treino,0-99 min
6527,L,301.2,310.4,1515,38.4,51,0,teste,0-99 min
6528,L,301.2,310.4,1516,44.4,53,0,treino,0-99 min
6529,L,301.2,310.5,1546,40,55,0,treino,0-99 min
6530,L,301.3,310.6,1481,40.9,57,0,treino,0-99 min
6531,H,301.3,310.6,1605,32.5,59,0,treino,0-99 min
6532,H,301.2,310.7,1656,26.2,64,0,teste,0-99 min
6533,H,301.2,310.6,1352,52,69,0,treino,0-99 min
6534,L,301.3,310.7,1504,47.2,74,0,treino,0-99 min
6535,L,301.3,310.6,1436,44.2,76,0,teste,0-99 min
6536,H,301.2,310.5,1505,43.6,78,0,validacao,0-99 min
6537,L,301.3,310.5,1406,47.1,83,0,validacao,0-99 min
6538,M,301.3,310.5,1481,39.7,85,0,treino,0-99 min
6539,L,301.4,310.7,1487,44.6,88,0,teste,0-99 min
6540,L,301.4,310.7,1436,54.1,90,0,validacao,0-99 min
6541,M,301.4,310.7,1368,63.7,92,1,teste,0-99 min
6542,L,301.4,310.7,1509,38.3,95,0,validacao,0-99 min
6543,L,301.4,310.8,1543,36.9,97,0,validacao,0-99 min
6544,L,301.4,310.8,1698,29.6,99,0,treino,0-99 min
6545,M,301.4,310.7,1470,46.5,101,0,validacao,100-199 min
6546,M,301.4,310.8,1738,30.3,104,0,treino,100-199 min
6547,M,301.4,310.8,1530,39.9,107,0,teste,100-199 min
6548,L,301.4,310.8,1740,29.2,110,0,treino,100-199 min
6549,L,301.4,310.8,1770,24.1,112,0,teste,100-199 min
6550,H,301.3,310.6,1527,44,114,0,treino,100-199 min
6551,L,301.3,310.7,1516,46,119,0,treino,100-199 min
6552,L,301.4,310.7,1616,36.5,121,0,treino,100-199 min
6553,L,301.4,310.7,1786,26.1,123,0,validacao,100-199 min
6554,L,301.4,310.8,1389,52.7,125,0,teste,100-199 min
6555,M,301.4,310.7,1639,29.8,127,0,teste,100-199 min
6556,H,301.5,310.7,1394,46.7,130,0,treino,100-199 min
6557,L,301.5,310.7,1686,27.9,135,0,treino,100-199 min
6558,M,301.5,310.6,1638,31.9,137,0,teste,100-199 min
6559,M,301.5,310.6,1447,41.9,140,0,teste,100-199 min
6560,H,301.5,310.6,1512,39,143,0,treino,100-199 min
6561,L,301.6,310.8,1961,21.8,148,0,treino,100-199 min
6562,L,301.5,310.7,1596,35.4,150,0,treino,100-199 min
6563,M,301.5,310.7,1871,21.3,152,0,validacao,100-199 min
6564,L,301.5,310.7,1942,20.5,155,0,teste,100-199 min
6565,L,301.4,310.6,1557,38.2,157,0,teste,100-199 min
6566,L,301.4,310.6,1550,36.8,159,0,teste,100-199 min
6567,L,301.3,310.6,1966,22.6,161,0,treino,100-199 min
6568,M,301.3,310.6,1499,36.1,163,0,validacao,100-199 min
6569,L,301.3,310.6,1521,36.3,166,0,treino,100-199 min
6570,M,301.4,310.7,1375,42,168,0,treino,100-199 min
6571,L,301.4,310.6,1634,31.1,171,0,validacao,100-199 min
6572,M,301.3,310.6,1378,49.4,173,0,validacao,100-199 min
6573,L,301.4,310.7,1428,53.7,176,0,teste,100-199 min
6574,M,301.4,310.6,1855,25.3,178,0,teste,100-199 min
6575,L,301.4,310.6,1578,33,181,0,treino,100-199 min
6576,M,301.4,310.5,1451,45.3,183,0,teste,100-199 min
6577,L,301.5,310.5,1644,34.9,186,0,treino,100-199 min
6578,L,301.4,310.4,1388,45.3,188,0,treino,100-199 min
6579,L,301.4,310.4,1543,40.9,190,0,treino,100-199 min
6580,L,301.3,310.4,1501,41.6,192,0,validacao,100-199 min
6581,L,301.3,310.4,1507,39.1,194,0,treino,100-199 min
6582,L,301.4,310.4,1559,36,196,0,treino,100-199 min
6583,L,301.5,310.5,1528,35.7,198,0,treino,100-199 min
6584,M,301.5,310.5,1503,38.2,200,0,teste,200+ min
6585,L,301.5,310.5,1372,44,203,0,treino,200+ min
6586,M,301.5,310.5,1600,32.8,205,0,treino,200+ min
6587,L,301.5,310.6,1453,44,208,0,teste,200+ min
6588,M,301.6,310.7,1813,24.6,210,0,validacao,200+ min
6589,L,301.6,310.7,1457,40.4,213,0,validacao,200+ min
6590,M,301.6,310.6,1553,38.9,0,0,treino,0-99 min
6591,L,301.7,310.7,1763,25.9,3,0,teste,0-99 min
6592,L,301.7,310.7,2023,20.9,5,0,treino,0-99 min
6593,M,301.6,310.7,1457,47.8,7,0,treino,0-99 min
6594,L,301.6,310.7,1679,29.5,10,0,validacao,0-99 min
6595,L,301.6,310.6,2103,19.7,12,0,treino,0-99 min
6596,M,301.5,310.7,1460,38.6,14,0,treino,0-99 min
6597,M,301.5,310.7,1454,39.4,17,0,treino,0-99 min
6598,L,301.5,310.6,1481,46.8,20,0,teste,0-99 min
6599,L,301.5,310.7,1424,51.1,22,0,treino,0-99 min
6600,L,301.6,310.7,1494,39.5,24,0,treino,0-99 min
6601,M,301.5,310.6,1424,47,26,0,validacao,0-99 min
6602,M,301.5,310.7,1347,47.9,29,0,teste,0-99 min
6603,L,301.5,310.6,1374,46.7,32,0,treino,0-99 min
6604,M,301.5,310.6,1403,47.4,34,0,treino,0-99 min
6605,M,301.5,310.6,1573,37.4,37,0,validacao,0-99 min
6606,M,301.6,310.6,1691,30.1,40,0,treino,0-99 min
6607,H,301.5,310.5,1538,44.3,43,0,validacao,0-99 min
6608,L,301.5,310.5,1556,39.1,48,0,treino,0-99 min
6609,M,301.5,310.4,1593,36.8,50,0,validacao,0-99 min
6610,L,301.5,310.4,1474,39.9,53,0,validacao,0-99 min
6611,L,301.5,310.4,1543,34,55,0,validacao,0-99 min
6612,H,301.5,310.5,1587,33.8,57,0,treino,0-99 min
6613,L,301.6,310.6,1222,70,62,0,teste,0-99 min
6614,L,301.7,310.6,1513,41.1,64,0,treino,0-99 min
6615,L,301.7,310.6,1660,28.7,66,0,treino,0-99 min
6616,L,301.7,310.6,1545,42.1,68,0,treino,0-99 min
6617,M,301.7,310.6,1380,45.8,70,0,validacao,0-99 min
6618,L,301.6,310.6,1321,60.8,73,0,validacao,0-99 min
6619,M,301.6,310.6,1309,65.8,75,1,validacao,0-99 min
6620,M,301.7,310.7,1627,31.3,78,0,treino,0-99 min
6621,M,301.6,310.7,1791,23.8,81,0,treino,0-99 min
6622,M,301.7,310.7,1861,21.8,84,0,treino,0-99 min
6623,L,301.7,310.7,1493,51.1,87,0,validacao,0-99 min
6624,M,301.7,310.7,1442,41.1,89,0,validacao,0-99 min
6625,L,301.7,310.7,1532,39.8,92,0,teste,0-99 min
6626,M,301.6,310.7,1421,44.4,94,0,treino,0-99 min
6627,L,301.6,310.6,1613,42.5,97,0,validacao,0-99 min
6628,M,301.7,310.6,1876,22.1,99,0,validacao,0-99 min
6629,L,301.6,310.5,1593,34.5,102,0,validacao,100-199 min
6630,L,301.6,310.5,1397,49.4,104,0,treino,100-199 min
6631,M,301.6,310.5,1414,49.3,106,0,teste,100-199 min
6632,M,301.5,310.4,1378,55.3,109,0,treino,100-199 min
6633,L,301.4,310.4,1301,51.2,112,0,treino,100-199 min
6634,M,301.5,310.5,1737,29.3,114,0,treino,100-199 min
6635,L,301.5,310.5,1396,44.5,117,0,validacao,100-199 min
6636,L,301.5,310.5,1534,39.3,119,0,validacao,100-199 min
6637,M,301.5,310.5,1774,25.5,121,0,treino,100-199 min
6638,H,301.5,310.5,1453,48,124,0,treino,100-199 min
6639,L,301.5,310.5,1453,44.2,129,0,validacao,100-199 min
6640,L,301.4,310.5,1380,48.4,131,0,teste,100-199 min
6641,L,301.4,310.4,1334,43.2,133,0,validacao,100-199 min
6642,L,301.5,310.5,1702,28.7,135,0,validacao,100-199 min
6643,L,301.6,310.6,1431,37.5,137,0,teste,100-199 min
6644,M,301.5,310.5,1308,60.5,139,0,treino,100-199 min
6645,L,301.5,310.6,1565,43.9,142,0,validacao,100-199 min
6646,M,301.5,310.4,1486,39.6,144,0,teste,100-199 min
6647,L,301.5,310.5,1479,34.2,147,0,treino,100-199 min
6648,L,301.5,310.5,1927,22.4,149,0,teste,100-199 min
6649,L,301.5,310.4,1488,41.1,151,0,treino,100-199 min
6650,M,301.5,310.4,1350,54.9,153,0,treino,100-199 min
6651,L,301.6,310.4,1561,35.3,156,0,treino,100-199 min
6652,M,301.5,310.4,1276,55.6,158,0,validacao,100-199 min
6653,H,301.5,310.4,1580,35.7,161,0,treino,100-199 min
6654,M,301.4,310.3,1610,29.1,166,0,treino,100-199 min
6655,L,301.4,310.3,2203,16.6,169,0,treino,100-199 min
6656,L,301.4,310.3,1639,32.7,171,0,treino,100-199 min
6657,M,301.4,310.4,1553,44.7,173,0,treino,100-199 min
6658,L,301.4,310.3,1374,47.6,176,0,validacao,100-199 min
6659,L,301.4,310.4,1430,50.9,178,0,treino,100-199 min
6660,L,301.3,310.3,1626,31.3,180,0,treino,100-199 min
6661,H,301.4,310.5,1421,43.8,182,0,treino,100-199 min
6662,M,301.3,310.4,1501,39.8,187,0,treino,100-199 min
6663,M,301.3,310.4,2093,18.7,190,0,treino,100-199 min
6664,L,301.3,310.4,1504,47.2,193,0,validacao,100-199 min
6665,L,301.3,310.4,1538,38.4,195,0,validacao,100-199 min
6666,L,301.3,310.4,1440,41.5,197,0,treino,100-199 min
6667,L,301.3,310.4,1414,51.4,199,0,treino,100-199 min
6668,H,301.4,310.5,1536,39.9,201,0,teste,200+ min
6669,L,301.4,310.5,1476,39.2,206,0,treino,200+ min
6670,L,301.4,310.5,1571,33.9,208,0,treino,200+ min
6671,L,301.5,310.6,1998,20.2,210,0,treino,200+ min
6672,L,301.5,310.6,1357,42.1,212,0,validacao,200+ min
6673,L,301.6,310.7,1424,50.5,214,0,treino,200+ min
6674,L,301.6,310.7,1380,51.8,216,1,treino,200+ min
6675,L,301.5,310.7,1618,35.5,218,0,teste,200+ min
6676,L,301.5,310.6,1579,28,220,0,treino,200+ min
6677,L,301.5,310.7,1423,44,222,0,treino,200+ min
6678,L,301.5,310.7,1435,38.5,224,0,treino,200+ min
6679,M,301.5,310.7,1336,65.6,0,1,treino,0-99 min
6680,L,301.6,310.8,1392,42.4,3,0,treino,0-99 min
6681,L,301.5,310.8,1417,49.7,5,0,treino,0-99 min
6682,L,301.4,310.7,1425,45.1,7,0,treino,0-99 min
6683,L,301.5,310.8,1512,38.9,9,0,treino,0-99 min
6684,L,301.5,310.9,1318,50.6,11,0,validacao,0-99 min
6685,L,301.6,310.9,1538,40.4,13,0,treino,0-99 min
6686,L,301.6,310.9,1532,43.6,15,0,treino,0-99 min
6687,L,301.7,311,1715,24.8,17,0,teste,0-99 min
6688,L,301.7,311,1700,28.7,19,0,treino,0-99 min
6689,L,301.7,311,1548,40.3,21,0,treino,0-99 min
6690,L,301.7,311,1546,43,23,0,treino,0-99 min
6691,L,301.7,311,1343,49.2,25,0,treino,0-99 min
6692,M,301.7,311,1510,47.8,27,0,treino,0-99 min
6693,M,301.8,311,1839,23.6,30,0,validacao,0-99 min
6694,M,301.8,311,1756,26.7,33,0,teste,0-99 min
6695,M,301.7,310.9,1300,62.7,36,0,treino,0-99 min
6696,M,301.7,311,1311,55.8,39,0,treino,0-99 min
6697,L,301.7,310.9,1636,31.3,42,0,treino,0-99 min
6698,L,301.6,310.9,1643,34.1,44,0,treino,0-99 min
6699,L,301.6,310.8,1418,44.7,46,0,treino,0-99 min
6700,M,301.7,310.8,1516,40.4,48,0,validacao,0-99 min
6701,H,301.6,310.9,1419,50.2,51,0,treino,0-99 min
6702,L,301.6,310.9,1623,34.1,56,0,treino,0-99 min
6703,M,301.6,310.8,1664,32,58,0,validacao,0-99 min
6704,M,301.5,310.7,1744,28.2,61,0,teste,0-99 min
6705,M,301.5,310.7,1510,36,64,0,treino,0-99 min
6706,M,301.5,310.6,1382,58.1,67,0,validacao,0-99 min
6707,L,301.4,310.6,1381,46.1,70,0,treino,0-99 min
6708,L,301.3,310.6,1556,39,72,0,teste,0-99 min
6709,M,301.4,310.6,1464,37.4,74,0,treino,0-99 min
6710,L,301.4,310.6,1481,37.6,77,0,validacao,0-99 min
6711,L,301.5,310.7,1323,49.7,79,0,treino,0-99 min
6712,L,301.5,310.7,1426,46.1,81,0,validacao,0-99 min
6713,H,301.4,310.7,1516,36.4,83,0,teste,0-99 min
6714,L,301.3,310.6,1416,45.2,88,0,treino,0-99 min
6715,L,301.3,310.6,1440,53.8,90,0,teste,0-99 min
6716,L,301.3,310.6,1576,30.4,92,0,validacao,0-99 min
6717,L,301.3,310.6,1387,53.6,94,0,validacao,0-99 min
6718,M,301.4,310.6,1464,48.6,96,0,validacao,0-99 min
6719,L,301.4,310.6,2137,18,99,0,validacao,0-99 min
6720,M,301.4,310.6,1431,40.6,101,0,teste,100-199 min
6721,L,301.3,310.6,1458,48,104,0,treino,100-199 min
6722,L,301.4,310.7,1280,61,106,0,treino,100-199 min
6723,L,301.4,310.7,1657,28.7,108,0,treino,100-199 min
6724,M,301.4,310.6,1565,36.1,110,0,treino,100-199 min
6725,L,301.3,310.6,1560,36.8,113,0,validacao,100-199 min
6726,M,301.5,310.7,1359,47.1,115,0,validacao,100-199 min
6727,L,301.5,310.8,1500,41,118,0,treino,100-199 min
6728,L,301.5,310.8,1785,25.5,120,0,teste,100-199 min
6729,L,301.5,310.9,1891,23.2,122,0,treino,100-199 min
6730,H,301.5,310.9,1524,40.4,124,0,teste,100-199 min
6731,M,301.6,311,1431,42.3,129,0,teste,100-199 min
6732,L,301.6,310.9,1385,51.2,132,0,treino,100-199 min
6733,L,301.7,311,1503,44.8,134,0,treino,100-199 min
6734,M,301.7,311,1311,46.8,136,0,validacao,100-199 min
6735,M,301.6,310.9,1575,40.1,139,0,treino,100-199 min
6736,L,301.6,311,1485,40.1,142,0,treino,100-199 min
6737,L,301.7,311,1527,42.2,144,0,treino,100-199 min
6738,M,301.7,311,1537,33.5,146,0,treino,100-199 min
6739,H,301.8,311.1,1463,50.1,149,0,treino,100-199 min
6740,L,301.7,311.2,1482,43.6,154,0,treino,100-199 min
6741,L,301.8,311.2,1417,55.9,156,0,teste,100-199 min
6742,M,301.7,311.1,1506,39.5,158,0,treino,100-199 min
6743,H,301.7,311.2,1639,30,161,0,teste,100-199 min
6744,L,301.7,311.2,1418,38,166,0,treino,100-199 min
6745,M,301.7,311,1298,58.1,168,0,teste,100-199 min
6746,M,301.8,311.1,1395,44.6,171,0,treino,100-199 min
6747,M,301.7,311.1,1578,40.5,174,0,validacao,100-199 min
6748,M,301.8,311.1,1597,29.8,177,0,validacao,100-199 min
6749,H,301.7,311,2016,19.3,180,0,treino,100-199 min
6750,L,301.7,311,1585,35.9,185,0,treino,100-199 min
6751,M,301.7,311,1505,44,187,0,teste,100-199 min
6752,M,301.7,311,1505,37.1,190,0,treino,100-199 min
6753,L,301.6,310.9,1706,29.5,193,0,treino,100-199 min
6754,L,301.6,310.9,1385,50.7,195,0,treino,100-199 min
6755,L,301.8,311.1,1495,36.9,197,0,validacao,100-199 min
6756,M,301.8,311.1,1663,31.6,199,0,treino,100-199 min
6757,L,301.8,311.2,1840,26.6,202,0,treino,200+ min
6758,L,301.8,311.2,1822,26.2,204,0,teste,200+ min
6759,L,301.7,311.1,1644,32.8,206,0,validacao,200+ min
6760,L,301.7,311,1441,44.3,208,1,validacao,200+ min
6761,L,301.5,310.9,1451,40.6,0,0,treino,0-99 min
6762,L,301.5,310.9,1400,50.8,2,0,treino,0-99 min
6763,L,301.4,310.8,1362,53.2,4,0,treino,0-99 min
6764,M,301.4,310.8,1782,26.5,6,0,validacao,0-99 min
6765,L,301.4,310.9,1536,38.3,9,0,teste,0-99 min
6766,L,301.5,310.9,1580,32.3,11,0,treino,0-99 min
6767,M,301.4,311,1427,43.2,13,0,treino,0-99 min
6768,L,301.3,310.9,1509,41.7,16,0,teste,0-99 min
6769,H,301.3,310.8,1434,39.5,18,0,treino,0-99 min
6770,L,301.2,310.8,1392,52.6,23,0,treino,0-99 min
6771,M,301.3,310.8,1509,40.1,25,0,treino,0-99 min
6772,M,301.2,310.7,1962,22.5,28,0,validacao,0-99 min
6773,L,301.3,310.7,1536,39.3,31,0,treino,0-99 min
6774,L,301.3,310.8,1381,47.9,33,0,validacao,0-99 min
6775,H,301.2,310.7,1747,27.3,35,0,validacao,0-99 min
6776,L,301.2,310.6,1670,30,40,0,validacao,0-99 min
6777,L,301.3,310.6,1451,47.5,42,0,treino,0-99 min
6778,L,301.2,310.7,1951,21.3,44,0,treino,0-99 min
6779,M,301.3,310.7,1819,25.5,46,0,validacao,0-99 min
6780,M,301.3,310.8,1372,54.2,49,0,validacao,0-99 min
6781,L,301.3,310.8,1560,38.5,52,0,teste,0-99 min
6782,M,301.3,310.8,1494,35.3,54,0,validacao,0-99 min
6783,L,301.3,310.8,1531,53.4,57,0,treino,0-99 min
6784,L,301.3,310.8,1450,46.9,59,0,validacao,0-99 min
6785,M,301.3,310.7,1391,52.5,61,0,treino,0-99 min
6786,L,301.2,310.6,1389,45.3,64,0,validacao,0-99 min
6787,L,301.2,310.6,1409,50.9,66,0,treino,0-99 min
6788,H,301.1,310.6,1388,58.5,68,0,treino,0-99 min
6789,M,301.1,310.6,1410,43.9,73,0,teste,0-99 min
6790,M,301.1,310.5,1646,30.7,76,0,treino,0-99 min
6791,M,301.1,310.7,2219,16.7,79,0,treino,0-99 min
6792,L,301.2,310.7,1551,41.2,82,0,treino,0-99 min
6793,L,301.2,310.6,1811,24,84,0,treino,0-99 min
6794,L,301.3,310.7,1608,31.4,86,0,treino,0-99 min
6795,L,301.3,310.8,1428,55.2,88,0,treino,0-99 min
6796,L,301.4,310.8,1477,50.4,90,0,treino,0-99 min
6797,M,301.3,310.7,1300,58.3,92,0,treino,0-99 min
6798,M,301.2,310.7,1615,34.9,95,0,treino,0-99 min
6799,L,301.2,310.7,1676,32.4,98,0,treino,0-99 min
6800,M,301.1,310.7,2636,12.2,100,1,treino,100-199 min
6801,M,301.1,310.6,1310,48.8,103,0,treino,100-199 min
6802,L,301.1,310.7,1334,48.2,106,0,treino,100-199 min
6803,M,301.1,310.7,1621,31,108,0,teste,100-199 min
6804,M,301.1,310.7,1367,43.4,111,0,teste,100-199 min
6805,L,301,310.6,1588,33.7,114,0,validacao,100-199 min
6806,M,301,310.7,1497,37.6,116,0,teste,100-199 min
6807,L,301.1,310.8,1608,32.9,119,0,treino,100-199 min
6808,L,301,310.8,1549,41.4,121,0,treino,100-199 min
6809,L,301,310.7,1391,45,123,0,treino,100-199 min
6810,L,300.9,310.8,1490,38.1,125,0,treino,100-199 min
6811,L,301,310.7,1727,34.5,127,0,treino,100-199 min
6812,L,300.9,310.6,1504,46.4,129,0,treino,100-199 min
6813,L,300.9,310.6,1350,53.8,131,0,treino,100-199 min
6814,M,300.9,310.7,1420,43,133,0,treino,100-199 min
6815,H,300.8,310.6,1465,44.1,136,0,treino,100-199 min
6816,L,300.9,310.7,1427,44.1,141,0,teste,100-199 min
6817,L,300.9,310.7,1477,43.2,143,0,teste,100-199 min
6818,M,301,310.7,1493,48.1,145,0,teste,100-199 min
6819,M,301,310.7,1657,29.9,148,0,validacao,100-199 min
6820,L,300.9,310.7,1359,46,151,0,teste,100-199 min
6821,L,300.8,310.6,1551,34.5,153,0,treino,100-199 min
6822,M,300.8,310.6,1545,37.5,155,0,teste,100-199 min
6823,M,300.9,310.6,1709,29.2,158,0,treino,100-199 min
6824,M,300.9,310.7,1268,56.3,161,0,treino,100-199 min
6825,L,300.9,310.7,1740,25.3,164,0,validacao,100-199 min
6826,L,301,310.9,1828,25.1,166,0,treino,100-199 min
6827,L,301,310.9,1822,21.6,168,0,treino,100-199 min
6828,M,301,310.9,1515,41.8,170,0,treino,100-199 min
6829,L,301,310.9,1392,52.9,173,0,treino,100-199 min
6830,H,300.9,310.9,1474,35.7,175,0,treino,100-199 min
6831,M,301,310.9,1359,53.4,180,0,treino,100-199 min
6832,L,301.1,311,1565,52.3,183,0,treino,100-199 min
6833,M,301.1,311.1,1384,42.5,185,0,treino,100-199 min
6834,L,301.1,311.1,1387,53.1,188,0,treino,100-199 min
6835,L,301.1,311,1378,51.1,190,0,treino,100-199 min
6836,L,301,310.9,1809,25.7,192,0,treino,100-199 min
6837,H,301.1,311,1339,52.8,194,0,treino,100-199 min
6838,M,301,311,1423,38.6,199,0,treino,100-199 min
6839,L,301.1,311.1,1570,41.6,202,0,teste,200+ min
6840,L,301.2,311.2,1558,34.1,204,0,validacao,200+ min
6841,L,301.1,311.1,1799,21.7,206,0,teste,200+ min
6842,M,301.1,311.2,1591,35,208,0,treino,200+ min
6843,L,301.2,311.2,1635,29.6,211,0,treino,200+ min
6844,L,301.3,311.3,1509,42.5,213,0,treino,200+ min
6845,M,301.3,311.4,1838,23.2,215,0,treino,200+ min
6846,M,301.3,311.5,1648,32.4,0,0,teste,0-99 min
6847,M,301.2,311.5,1498,49.5,3,0,treino,0-99 min
6848,L,301.2,311.4,1757,28,6,0,treino,0-99 min
6849,M,301.1,311.3,1389,53.3,8,0,teste,0-99 min
6850,L,301.1,311.3,1498,37.6,11,0,treino,0-99 min
6851,M,301,311.2,1521,35.8,13,0,treino,0-99 min
6852,M,301,311.2,1394,41.3,16,0,treino,0-99 min
6853,H,301,311.2,1602,32.7,19,0,treino,0-99 min
6854,L,300.9,311.1,1417,40.7,24,0,treino,0-99 min
6855,L,301,311.2,1511,42.9,26,0,treino,0-99 min
6856,M,301.1,311.3,1654,30.7,28,0,treino,0-99 min
6857,M,301.1,311.3,1836,22.8,31,0,treino,0-99 min
6858,L,301.1,311.3,1622,35.6,34,0,treino,0-99 min
6859,L,301,311.2,1467,45.4,36,0,treino,0-99 min
6860,M,301.1,311.3,1909,22.7,38,0,validacao,0-99 min
6861,L,301.1,311.2,1910,20.2,41,0,teste,0-99 min
6862,H,301.1,311.3,2207,16.6,43,0,treino,0-99 min
6863,M,301.1,311.2,1384,49.4,48,0,treino,0-99 min
6864,L,301.1,311.3,1630,29.5,51,0,teste,0-99 min
6865,L,301.1,311.3,1268,60,53,0,treino,0-99 min
6866,L,301.1,311.4,1531,38.7,55,0,treino,0-99 min
6867,M,301,311.3,1454,41.5,57,0,validacao,0-99 min
6868,L,301,311.3,1342,50.9,60,0,treino,0-99 min
6869,L,301,311.2,1363,46.3,62,0,treino,0-99 min
6870,L,301,311.2,1412,42.1,64,0,validacao,0-99 min
6871,H,301,311.3,1597,39.2,66,0,validacao,0-99 min
6872,L,301,311.3,1349,47,71,0,treino,0-99 min
6873,L,301,311.3,1472,35.3,73,0,treino,0-99 min
6874,L,301,311.4,1478,39.5,75,0,treino,0-99 min
6875,H,300.9,311.3,1295,58.9,77,0,treino,0-99 min
6876,M,300.8,311.2,1592,32.9,82,0,teste,0-99 min
6877,L,300.8,311.2,1430,54.4,85,0,validacao,0-99 min
6878,M,300.8,311.2,1488,40.1,87,0,treino,0-99 min
6879,H,300.9,311.2,1518,35,90,0,treino,0-99 min
6880,H,300.8,311.2,2237,17,95,0,validacao,0-99 min
6881,M,300.9,311.3,1801,24.6,100,0,validacao,100-199 min
6882,L,301,311.4,1573,37.6,103,0,treino,100-199 min
6883,L,300.9,311.4,2073,21.4,105,0,treino,100-199 min
6884,L,300.9,311.3,1953,19.4,107,0,validacao,100-199 min
6885,L,300.8,311.2,1492,39,109,0,teste,100-199 min
6886,L,300.8,311.2,1397,48.7,111,0,validacao,100-199 min
6887,M,300.8,311.3,1465,43.2,113,0,treino,100-199 min
6888,L,300.8,311.3,1782,26.9,116,0,teste,100-199 min
6889,M,300.9,311.4,1434,45.4,118,0,treino,100-199 min
6890,H,300.9,311.4,1387,42.7,121,0,teste,100-199 min
6891,M,300.9,311.4,1532,41.5,126,0,treino,100-199 min
6892,L,300.9,311.5,1505,41.1,129,0,teste,100-199 min
6893,L,301,311.6,1440,43.3,131,0,teste,100-199 min
6894,L,301,311.6,1470,43.4,133,0,validacao,100-199 min
6895,L,301.1,311.7,1408,46.3,135,0,teste,100-199 min
6896,M,301,311.6,1357,45.6,137,0,validacao,100-199 min
6897,M,301,311.6,1454,40,140,0,treino,100-199 min
6898,L,301,311.6,1352,63.5,143,0,treino,100-199 min
6899,M,301,311.6,1448,43.9,145,0,treino,100-199 min
6900,L,300.9,311.6,1671,33.5,148,0,validacao,100-199 min
6901,L,301,311.7,1670,31.3,150,0,validacao,100-199 min
6902,L,301,311.7,1547,34.5,152,0,treino,100-199 min
6903,L,301,311.6,1461,40.6,154,0,treino,100-199 min
6904,M,301,311.6,1609,35.8,156,0,treino,100-199 min
6905,M,300.9,311.5,1704,31.3,159,0,validacao,100-199 min
6906,M,301,311.5,1550,34.9,162,0,treino,100-199 min
6907,M,301,311.5,1530,43.9,165,0,validacao,100-199 min
6908,L,300.9,311.3,1449,40.2,168,0,treino,100-199 min
6909,L,300.9,311.3,1613,32.7,170,0,validacao,100-199 min
6910,L,300.8,311.2,1376,48.1,172,0,validacao,100-199 min
6911,L,300.8,311.2,1434,45.6,174,0,teste,100-199 min
6912,L,300.8,311.1,1480,41.1,176,0,treino,100-199 min
6913,M,300.8,311.2,1634,31.9,178,0,treino,100-199 min
6914,L,300.8,311.2,1481,38.5,181,0,teste,100-199 min
6915,H,300.9,311.3,1668,28.9,183,0,treino,100-199 min
6916,L,301,311.4,1484,36.2,188,0,teste,100-199 min
6917,M,300.9,311.3,1603,31.8,190,0,treino,100-199 min
6918,L,301,311.4,1481,37.5,193,0,treino,100-199 min
6919,L,301,311.5,1559,31.8,195,0,treino,100-199 min
6920,L,301,311.5,1444,39.8,197,0,teste,100-199 min
6921,M,301.2,311.6,1423,48,199,0,teste,100-199 min
6922,L,301.1,311.6,1432,48.1,202,0,treino,200+ min
6923,L,301.2,311.7,1463,48.3,204,0,validacao,200+ min
6924,L,301.2,311.7,1433,49.3,206,0,treino,200+ min
6925,L,301.2,311.6,1461,52.9,208,1,treino,200+ min
6926,M,301.1,311.6,1266,55.5,210,0,treino,200+ min
6927,H,301.1,311.6,1417,53.4,0,0,treino,0-99 min
6928,L,301.1,311.6,1488,43.4,5,0,validacao,0-99 min
6929,L,301.1,311.7,1816,24.5,7,0,treino,0-99 min
6930,M,301,311.6,1301,55,9,0,treino,0-99 min
6931,M,300.9,311.5,1836,21.8,12,0,teste,0-99 min
6932,M,300.8,311.4,1521,39.9,15,0,teste,0-99 min
6933,L,300.8,311.4,1322,67.2,18,1,validacao,0-99 min
6934,L,300.8,311.4,1492,40.6,20,0,teste,0-99 min
6935,L,300.8,311.4,1536,40.9,22,0,treino,0-99 min
6936,L,300.7,311.2,1878,24.3,24,0,validacao,0-99 min
6937,L,300.6,311.1,1471,40.7,26,0,treino,0-99 min
6938,H,300.6,311.1,1452,40.2,28,0,treino,0-99 min
6939,L,300.7,311.2,1452,44.4,33,0,treino,0-99 min
6940,M,300.7,311.3,1348,53,35,0,treino,0-99 min
6941,H,300.8,311.4,1453,44.6,38,0,treino,0-99 min
6942,L,300.8,311.4,1316,57.6,43,0,treino,0-99 min
6943,M,300.8,311.4,1732,26.9,45,0,teste,0-99 min
6944,L,300.7,311.3,1522,35.2,48,0,validacao,0-99 min
6945,M,300.7,311.3,1487,39.8,50,0,teste,0-99 min
6946,M,300.8,311.4,1852,22.2,53,0,teste,0-99 min
6947,L,300.7,311.2,1486,46.8,56,0,treino,0-99 min
6948,M,300.7,311.3,1562,37.1,58,0,treino,0-99 min
6949,L,300.7,311.2,1457,51.4,61,0,treino,0-99 min
6950,M,300.7,311.2,1769,26.5,63,0,validacao,0-99 min
6951,H,300.7,311.3,1374,53.1,66,0,treino,0-99 min
6952,L,300.8,311.3,1524,43.5,71,0,treino,0-99 min
6953,L,300.8,311.3,1498,40.2,73,0,teste,0-99 min
6954,L,300.8,311.3,1462,41.4,75,0,treino,0-99 min
6955,M,300.8,311.2,1429,52.3,77,0,teste,0-99 min
6956,L,300.7,311.2,1399,47.9,80,0,treino,0-99 min
6957,M,300.8,311.2,1434,39.1,82,0,treino,0-99 min
6958,L,300.7,311.1,1324,52.2,85,0,validacao,0-99 min
6959,L,300.6,311,1563,40.7,87,0,validacao,0-99 min
6960,L,300.6,311,1543,34.7,89,0,treino,0-99 min
6961,L,300.7,311,1413,52,91,0,validacao,0-99 min
6962,M,300.7,311,1378,41.2,93,0,treino,0-99 min
6963,M,300.7,311.1,1373,49.9,96,0,validacao,0-99 min
6964,H,300.7,311,1981,19.9,99,0,validacao,0-99 min
6965,M,300.7,311,1263,52.3,104,0,treino,100-199 min
6966,L,300.7,311,1312,52.1,107,0,treino,100-199 min
6967,L,300.7,311,1969,20.7,109,0,treino,100-199 min
6968,M,300.8,311.2,1365,51.7,111,0,treino,100-199 min
6969,L,300.9,311.2,1789,25.5,114,0,treino,100-199 min
6970,M,300.8,311.1,1583,32.1,116,0,treino,100-199 min
6971,L,300.7,311,1436,44.9,119,0,validacao,100-199 min
6972,M,300.7,311,1559,42.8,121,0,teste,100-199 min
6973,L,300.7,311,1377,49.9,124,0,treino,100-199 min
6974,L,300.7,311,1462,41.9,126,0,treino,100-199 min
6975,L,300.7,311,1318,48.2,128,0,treino,100-199 min
6976,M,300.7,311,1378,51.6,130,0,treino,100-199 min
6977,L,300.6,310.9,1344,46.7,133,0,treino,100-199 min
6978,L,300.7,311.1,2377,14.3,135,0,treino,100-199 min
6979,L,300.7,311.1,1427,50.3,137,0,treino,100-199 min
6980,L,300.9,311.2,1353,60.4,139,0,teste,100-199 min
6981,L,300.8,311.3,1505,45.5,141,0,treino,100-199 min
6982,H,300.8,311.2,1612,32.5,143,0,teste,100-199 min
6983,L,300.7,311.1,1440,43,148,0,treino,100-199 min
6984,M,300.7,311,1334,53.9,150,0,validacao,100-199 min
6985,M,300.7,311,1706,25,153,0,treino,100-199 min
6986,H,300.8,311.1,1698,24.8,156,0,treino,100-199 min
6987,L,300.7,311.1,1688,30.7,161,0,teste,100-199 min
6988,L,300.7,311.1,2437,13.8,163,0,validacao,100-199 min
6989,L,300.7,311.1,1478,46.8,165,0,treino,100-199 min
6990,M,300.7,311.1,1608,35.3,167,0,treino,100-199 min
6991,L,300.7,311.1,2478,13.4,170,1,validacao,100-199 min
6992,L,300.8,311.1,1509,33.4,172,0,treino,100-199 min
6993,L,300.7,311,1596,36.9,174,0,validacao,100-199 min
6994,M,300.7,311,1740,25.6,176,0,treino,100-199 min
6995,L,300.6,310.8,1375,53.2,179,0,validacao,100-199 min
6996,M,300.6,310.7,1705,31.2,181,0,treino,100-199 min
6997,M,300.5,310.6,1621,32,184,0,treino,100-199 min
6998,M,300.6,310.7,1566,38.2,187,0,validacao,100-199 min
6999,M,300.6,310.7,1388,42.9,190,0,treino,100-199 min
7000,M,300.6,310.7,1457,36.7,193,0,validacao,100-199 min
7001,M,300.6,310.6,1463,45.5,196,0,teste,100-199 min
7002,L,300.5,310.5,1564,38.2,199,0,treino,100-199 min
7003,H,300.5,310.6,1411,47.2,201,0,treino,200+ min
7004,L,300.5,310.6,1540,46.7,206,0,treino,200+ min
7005,L,300.5,310.6,1950,20.3,208,0,treino,200+ min
7006,M,300.6,310.7,1339,52.9,0,0,treino,0-99 min
7007,H,300.6,310.6,1419,39.6,3,0,treino,0-99 min
7008,L,300.5,310.6,1499,45.2,8,0,treino,0-99 min
7009,L,300.5,310.6,1368,49.6,10,0,validacao,0-99 min
7010,L,300.5,310.5,1536,36.2,12,0,teste,0-99 min
7011,M,300.5,310.5,1469,42.9,14,0,teste,0-99 min
7012,L,300.5,310.5,2633,12.2,17,1,teste,0-99 min
7013,L,300.4,310.4,1298,61.4,19,0,treino,0-99 min
7014,M,300.4,310.4,1544,36.3,21,0,treino,0-99 min
7015,H,300.5,310.5,1403,47.7,24,0,treino,0-99 min
7016,L,300.5,310.5,1452,42.9,29,0,teste,0-99 min
7017,L,300.6,310.5,1509,43.1,31,0,teste,0-99 min
7018,M,300.7,310.6,1474,37,33,0,teste,0-99 min
7019,M,300.7,310.7,1377,46.7,36,0,validacao,0-99 min
7020,L,300.8,310.8,1741,27.1,39,0,treino,0-99 min
7021,L,300.8,310.8,1460,53.8,41,0,validacao,0-99 min
7022,H,300.7,310.6,1631,32.6,43,0,treino,0-99 min
7023,L,300.7,310.5,1561,33.2,48,0,treino,0-99 min
7024,M,300.7,310.6,1572,38.5,50,0,treino,0-99 min
7025,L,300.6,310.6,2127,18.7,53,0,validacao,0-99 min
7026,H,300.6,310.6,1448,44.7,55,0,validacao,0-99 min
7027,L,300.6,310.7,1543,39.6,60,0,treino,0-99 min
7028,L,300.6,310.6,1508,34.8,62,0,teste,0-99 min
7029,M,300.6,310.6,1403,50.4,64,0,validacao,0-99 min
7030,L,300.6,310.6,1454,39.7,67,0,treino,0-99 min
7031,L,300.7,310.8,1772,27.3,69,0,validacao,0-99 min
7032,L,300.7,310.8,1479,49.1,71,0,validacao,0-99 min
7033,L,300.7,310.9,1723,31,73,0,treino,0-99 min
7034,M,300.7,310.8,1469,46.4,75,0,treino,0-99 min
7035,H,300.6,310.6,1830,26.2,78,0,treino,0-99 min
7036,L,300.6,310.6,1497,38.2,83,0,treino,0-99 min
7037,L,300.7,310.6,1540,52.7,85,0,treino,0-99 min
7038,L,300.6,310.6,1514,39.5,87,0,validacao,0-99 min
7039,L,300.7,310.6,1654,34.2,89,0,treino,0-99 min
7040,H,300.6,310.5,1519,37,91,0,treino,0-99 min
7041,L,300.7,310.6,1720,30.3,96,0,treino,0-99 min
7042,L,300.6,310.5,1470,37.7,98,0,teste,0-99 min
7043,L,300.6,310.5,1642,29.9,100,0,treino,100-199 min
7044,M,300.7,310.6,2006,19.1,102,0,treino,100-199 min
7045,M,300.7,310.6,1505,35.6,105,0,treino,100-199 min
7046,M,300.7,310.6,1609,27.6,108,0,teste,100-199 min
7047,M,300.7,310.5,1863,22.2,111,0,teste,100-199 min
7048,L,300.6,310.4,1401,42.6,114,0,treino,100-199 min
7049,L,300.6,310.4,2007,19.8,116,0,validacao,100-199 min
7050,L,300.6,310.4,1494,47.3,118,0,treino,100-199 min
7051,L,300.6,310.4,1457,47.7,120,0,treino,100-199 min
7052,L,300.6,310.4,1556,37.7,122,0,teste,100-199 min
7053,H,300.6,310.4,1510,42.8,124,0,validacao,100-199 min
7054,H,300.7,310.5,1567,38.7,129,0,treino,100-199 min
7055,H,300.7,310.5,1476,43.1,134,0,validacao,100-199 min
7056,L,300.8,310.6,1663,30.6,139,0,teste,100-199 min
7057,M,300.8,310.5,1409,50.6,141,0,teste,100-199 min
7058,L,300.8,310.6,1666,36.2,144,0,treino,100-199 min
7059,L,300.7,310.6,1520,45.9,146,0,treino,100-199 min
7060,L,300.6,310.5,1644,33.8,148,0,validacao,100-199 min
7061,H,300.6,310.4,1479,35.6,150,0,treino,100-199 min
7062,L,300.6,310.4,1446,49.7,155,0,treino,100-199 min
7063,M,300.6,310.4,1407,51.1,157,0,teste,100-199 min
7064,L,300.7,310.4,1234,51.7,160,0,validacao,100-199 min
7065,M,300.8,310.5,1696,29.7,162,0,treino,100-199 min
7066,L,300.8,310.6,1384,52.9,165,0,treino,100-199 min
7067,M,300.8,310.7,1572,36.2,167,0,teste,100-199 min
7068,M,300.8,310.7,1386,42.1,170,0,treino,100-199 min
7069,L,300.8,310.7,1461,42.8,173,0,treino,100-199 min
7070,L,300.8,310.7,1525,39.4,175,0,validacao,100-199 min
7071,L,300.7,310.7,1333,61,177,0,treino,100-199 min
7072,H,300.7,310.6,1505,40.6,179,0,treino,100-199 min
7073,M,300.7,310.6,1439,41.7,184,0,treino,100-199 min
7074,L,300.7,310.6,1491,43.2,187,0,treino,100-199 min
7075,M,300.7,310.6,1488,39.2,189,0,treino,100-199 min
7076,L,300.7,310.5,1536,47.4,192,0,treino,100-199 min
7077,L,300.7,310.5,1960,21,194,0,treino,100-199 min
7078,M,300.7,310.5,1594,31,196,0,treino,100-199 min
7079,L,300.7,310.5,1357,52.6,199,0,teste,100-199 min
7080,L,300.7,310.5,1445,41.1,201,0,treino,200+ min
7081,L,300.7,310.4,1543,47.3,203,0,teste,200+ min
7082,L,300.7,310.4,1366,52.6,205,0,validacao,200+ min
7083,L,300.7,310.3,1458,40,207,0,validacao,200+ min
7084,L,300.7,310.4,1416,61.8,209,1,validacao,200+ min
7085,L,300.6,310.3,1794,24.4,211,0,treino,200+ min
7086,L,300.6,310.3,1484,41,213,0,treino,200+ min
7087,L,300.6,310.4,2514,13.4,215,0,teste,200+ min
7088,L,300.6,310.3,1648,30.5,217,1,teste,200+ min
7089,M,300.6,310.3,1614,32.7,0,0,treino,0-99 min
7090,L,300.6,310.2,1622,34.1,3,0,treino,0-99 min
7091,M,300.6,310.2,1478,40.1,5,0,teste,0-99 min
7092,L,300.6,310.2,1318,51,8,0,treino,0-99 min
7093,L,300.7,310.2,1493,35.9,10,0,validacao,0-99 min
7094,H,300.7,310.3,1369,50.7,12,0,teste,0-99 min
7095,L,300.6,310.2,1447,45.9,17,0,teste,0-99 min
7096,L,300.6,310.1,1485,49.9,19,0,treino,0-99 min
7097,L,300.6,310.2,1489,47.8,21,0,treino,0-99 min
7098,M,300.6,310.2,1233,52.3,23,0,treino,0-99 min
7099,L,300.7,310.2,1642,32.6,26,0,validacao,0-99 min
7100,M,300.7,310.2,1373,44.1,28,0,treino,0-99 min
7101,L,300.7,310.2,1569,32.8,31,0,teste,0-99 min
7102,L,300.8,310.2,1850,22.8,33,0,validacao,0-99 min
7103,M,300.8,310.3,1494,42.2,35,0,treino,0-99 min
7104,H,300.8,310.3,1777,30.1,38,0,treino,0-99 min
7105,L,300.9,310.4,1454,43.1,43,0,treino,0-99 min
7106,L,300.9,310.4,1536,34.2,45,0,validacao,0-99 min
7107,L,300.8,310.5,1482,39,47,0,treino,0-99 min
7108,H,300.9,310.5,1512,41.2,49,0,validacao,0-99 min
7109,M,300.8,310.5,1511,35.8,54,0,validacao,0-99 min
7110,L,300.9,310.5,1599,40.5,57,0,treino,0-99 min
7111,M,300.8,310.4,1518,36,59,0,treino,0-99 min
7112,M,300.8,310.4,1450,39.4,62,0,treino,0-99 min
7113,L,300.9,310.4,1427,47,65,0,treino,0-99 min
7114,L,300.9,310.4,1561,32.7,67,0,treino,0-99 min
7115,H,300.9,310.4,1457,43.8,69,0,teste,0-99 min
7116,M,301,310.6,1460,53.6,74,0,teste,0-99 min
7117,L,301,310.5,1601,33.2,77,0,treino,0-99 min
7118,L,300.9,310.5,1570,40.1,79,0,validacao,0-99 min
7119,L,300.9,310.5,1565,35.9,81,0,validacao,0-99 min
7120,L,301,310.5,1378,44.4,83,0,treino,0-99 min
7121,L,300.9,310.5,2288,16.1,85,0,treino,0-99 min
7122,M,300.9,310.4,1375,44.7,87,0,treino,0-99 min
7123,L,300.9,310.4,1788,27.8,90,0,treino,0-99 min
7124,M,300.9,310.4,1576,40.4,92,0,treino,0-99 min
7125,M,300.8,310.3,1868,24.5,95,0,treino,0-99 min
7126,L,300.7,310.1,1261,56.6,98,0,validacao,0-99 min
7127,M,300.6,310,1542,33.9,100,0,treino,100-199 min
7128,L,300.6,310,1438,53.8,103,0,treino,100-199 min
7129,L,300.6,310,1511,36.9,105,0,validacao,100-199 min
7130,L,300.6,310,1635,31,107,0,treino,100-199 min
7131,L,300.6,309.9,1428,48.8,109,0,treino,100-199 min
7132,M,300.5,309.8,1410,44.4,111,0,treino,100-199 min
7133,L,300.5,309.9,1423,47.9,114,0,treino,100-199 min
7134,M,300.5,309.9,1552,41.3,116,0,teste,100-199 min
7135,M,300.5,310,1406,50.2,119,0,treino,100-199 min
7136,L,300.5,309.9,1443,48.3,122,0,treino,100-199 min
7137,M,300.5,309.9,1343,63.7,124,0,treino,100-199 min
7138,M,300.6,310,1486,41.2,127,0,treino,100-199 min
7139,L,300.6,310.1,1297,50,130,0,treino,100-199 min
7140,L,300.6,310.1,1495,42.3,132,0,treino,100-199 min
7141,L,300.5,309.9,1382,46.5,134,0,treino,100-199 min
7142,M,300.4,309.8,1356,44.4,136,0,treino,100-199 min
7143,H,300.3,309.7,1452,41.5,139,0,treino,100-199 min
7144,H,300.3,309.7,1582,30.8,144,0,treino,100-199 min
7145,M,300.4,309.8,1517,40.3,149,0,teste,100-199 min
7146,L,300.5,310,1413,44.5,152,0,treino,100-199 min
7147,L,300.4,309.9,1496,31.8,154,0,treino,100-199 min
7148,L,300.3,309.8,1466,41.2,156,0,treino,100-199 min
7149,M,300.3,309.8,1617,40.8,158,0,validacao,100-199 min
7150,L,300.2,309.8,1506,41.8,161,0,treino,100-199 min
7151,L,300.2,309.8,1401,49.3,163,0,treino,100-199 min
7152,H,300.2,309.9,1906,22.9,165,0,treino,100-199 min
7153,L,300.2,309.9,1566,36.4,170,0,treino,100-199 min
7154,L,300.2,310,1493,47.3,172,0,validacao,100-199 min
7155,L,300.3,310.1,1483,39.9,174,0,teste,100-199 min
7156,M,300.2,309.9,1569,31.2,176,0,treino,100-199 min
7157,M,300.2,310,1664,30.7,179,0,treino,100-199 min
7158,L,300.2,310,1486,40.1,182,0,validacao,100-199 min
7159,L,300.2,310,1389,53.6,184,0,treino,100-199 min
7160,L,300.1,310,1511,41.7,186,0,validacao,100-199 min
7161,M,300.2,310.1,1485,40.5,188,0,treino,100-199 min
7162,L,300.2,310.2,1440,42.9,191,0,treino,100-199 min
7163,L,300.2,310.2,1378,43.9,193,0,teste,100-199 min
7164,M,300.1,310.1,1501,39.3,195,0,teste,100-199 min
7165,M,300.2,310.1,1474,44,198,0,treino,100-199 min
7166,L,300.2,310.1,1392,47.9,201,0,treino,200+ min
7167,M,300.3,310.2,1429,44.7,203,0,treino,200+ min
7168,L,300.3,310.3,1362,60.3,206,1,treino,200+ min
7169,L,300.3,310.3,1704,29.5,0,0,treino,0-99 min
7170,L,300.3,310.2,1492,52.3,2,0,teste,0-99 min
7171,M,300.3,310.2,1442,39.5,4,0,validacao,0-99 min
7172,M,300.2,310.2,1438,51.5,7,0,treino,0-99 min
7173,M,300.1,310.1,1402,46.6,10,0,treino,0-99 min
7174,L,300.1,310.1,1684,30.8,13,0,teste,0-99 min
7175,L,300.2,310.2,1530,48.5,15,0,teste,0-99 min
7176,L,300.1,310.1,1569,43.5,17,0,teste,0-99 min
7177,L,300.1,310.1,1650,31.6,19,0,teste,0-99 min
7178,L,300.2,310.2,1415,49.6,21,0,teste,0-99 min
7179,L,300.2,310.2,1600,31.5,23,0,treino,0-99 min
7180,L,300.2,310.1,1523,42.3,25,0,treino,0-99 min
7181,M,300.2,310.2,1628,30.3,27,0,teste,0-99 min
7182,L,300.2,310.3,1331,52.1,30,0,treino,0-99 min
7183,L,300.3,310.3,2158,16.8,32,0,treino,0-99 min
7184,L,300.2,310.3,1445,50.9,34,0,treino,0-99 min
7185,M,300.2,310.3,1593,36.1,36,0,treino,0-99 min
7186,L,300.3,310.4,1672,29.2,39,0,treino,0-99 min
7187,M,300.4,310.5,1644,31.4,41,0,treino,0-99 min
7188,L,300.4,310.5,1402,54.3,44,0,teste,0-99 min
7189,L,300.4,310.4,1286,56.8,46,0,validacao,0-99 min
7190,L,300.4,310.4,1486,46.3,48,0,treino,0-99 min
7191,L,300.3,310.3,1345,46.3,50,0,treino,0-99 min
7192,L,300.3,310.3,1629,34.1,52,0,treino,0-99 min
7193,M,300.2,310.2,1429,43.8,54,0,teste,0-99 min
7194,L,300.1,310.1,1306,64.7,57,0,validacao,0-99 min
7195,L,300.1,310.1,1380,52.6,59,0,treino,0-99 min
7196,M,300.1,310.1,1443,49.3,61,0,treino,0-99 min
7197,H,300.1,310.1,1426,42.7,64,0,validacao,0-99 min
7198,L,300,310,1486,41.8,69,0,treino,0-99 min
7199,M,300,309.9,1530,34.5,71,0,treino,0-99 min
7200,L,300,309.9,1507,41.4,74,0,teste,0-99 min
7201,L,300,309.9,1608,33.4,76,0,validacao,0-99 min
7202,L,300,309.8,1474,40.6,78,0,validacao,0-99 min
7203,L,300,309.7,1326,61.9,80,0,treino,0-99 min
7204,M,299.8,309.6,1434,48,82,0,treino,0-99 min
7205,L,299.8,309.6,1526,41.7,85,0,treino,0-99 min
7206,L,299.8,309.7,1483,39.6,87,0,validacao,0-99 min
7207,L,299.8,309.7,1457,51.9,89,0,teste,0-99 min
7208,M,299.7,309.6,1540,34.4,91,0,validacao,0-99 min
7209,L,299.8,309.7,1707,29.1,94,0,treino,0-99 min
7210,L,299.8,309.7,1624,34.2,96,0,treino,0-99 min
7211,M,299.8,309.6,1331,50.2,98,0,treino,0-99 min
7212,L,299.8,309.7,1431,40.3,101,0,treino,100-199 min
7213,M,299.8,309.7,1705,28.5,103,0,validacao,100-199 min
7214,M,299.8,309.8,1427,45.2,106,0,validacao,100-199 min
7215,M,299.9,309.8,1625,41.2,109,0,validacao,100-199 min
7216,L,299.9,309.8,1477,47.7,112,0,treino,100-199 min
7217,M,300,309.9,1651,28.1,114,0,treino,100-199 min
7218,L,299.9,309.8,1716,28.2,117,0,validacao,100-199 min
7219,H,299.9,309.8,1400,48.7,119,0,teste,100-199 min
7220,M,299.8,309.7,1556,37.7,124,0,teste,100-199 min
7221,L,299.8,309.7,1429,42.6,127,0,teste,100-199 min
7222,H,299.7,309.6,1433,49.6,129,0,treino,100-199 min
7223,M,299.8,309.7,1320,61.7,134,0,validacao,100-199 min
7224,L,299.8,309.6,1374,51.6,137,0,teste,100-199 min
7225,L,299.8,309.6,1598,31,139,0,treino,100-199 min
7226,M,299.8,309.7,1910,21.8,141,0,teste,100-199 min
7227,L,299.7,309.6,1399,51.3,144,0,teste,100-199 min
7228,L,299.7,309.6,1720,27.1,146,0,validacao,100-199 min
7229,H,299.8,309.7,1368,47.4,148,0,treino,100-199 min
7230,L,299.8,309.8,1749,33.4,153,0,treino,100-199 min
7231,L,299.8,309.8,1542,39.4,155,0,teste,100-199 min
7232,L,299.8,309.9,1553,36.6,157,0,teste,100-199 min
7233,M,299.9,309.9,1639,42.1,159,0,validacao,100-199 min
7234,L,299.9,310,1447,45.9,162,0,treino,100-199 min
7235,M,299.8,310,1397,48.1,164,0,treino,100-199 min
7236,L,299.8,310,1361,53.8,167,0,treino,100-199 min
7237,M,299.8,310,1460,37.1,169,0,treino,100-199 min
7238,M,299.8,310,1632,33.7,172,0,treino,100-199 min
7239,L,299.8,310,1697,36,175,0,treino,100-199 min
7240,L,299.8,310.1,1553,42,177,0,treino,100-199 min
7241,M,299.9,310.1,1362,56.3,179,0,validacao,100-199 min
7242,M,299.9,310,1484,42.1,182,0,validacao,100-199 min
7243,H,299.9,310.1,1447,51.4,185,0,teste,100-199 min
7244,M,300,310.2,1393,51.2,190,0,treino,100-199 min
7245,L,300,310.2,1760,26.9,193,0,treino,100-199 min
7246,L,300,310.1,1477,34.6,195,0,validacao,100-199 min
7247,L,299.9,310.1,1681,29.1,197,0,validacao,100-199 min
7248,M,300,310.1,1314,53.5,199,0,treino,100-199 min
7249,L,300,310.1,1762,28,202,0,teste,200+ min
7250,L,299.9,310,1402,44.7,204,0,validacao,200+ min
7251,M,300.1,310.2,1429,42,206,0,treino,200+ min
7252,M,300.2,310.3,1448,40.1,209,0,treino,200+ min
7253,H,300.2,310.4,1501,42.9,212,0,teste,200+ min
7254,L,300.3,310.5,1522,39.1,217,0,teste,200+ min
7255,L,300.3,310.4,1493,37.5,219,0,validacao,200+ min
7256,M,300.2,310.3,1704,29.4,221,0,treino,200+ min
7257,H,300.2,310.3,1408,42.5,0,0,treino,0-99 min
7258,L,300.2,310.4,1518,41.8,5,0,treino,0-99 min
7259,L,300.3,310.4,1742,25.9,7,0,treino,0-99 min
7260,M,300.4,310.5,1500,43,9,0,validacao,0-99 min
7261,L,300.4,310.5,2424,14.5,12,0,treino,0-99 min
7262,L,300.4,310.5,1818,25.1,14,0,treino,0-99 min
7263,M,300.4,310.6,1545,35.6,16,0,teste,0-99 min
7264,L,300.4,310.6,1429,46.9,19,0,teste,0-99 min
7265,M,300.4,310.6,1448,44.9,21,0,validacao,0-99 min
7266,L,300.4,310.6,1384,48.7,24,0,treino,0-99 min
7267,L,300.4,310.5,1578,32.8,26,0,validacao,0-99 min
7268,L,300.5,310.5,1695,26.7,28,0,treino,0-99 min
7269,L,300.5,310.6,1543,36.2,30,0,teste,0-99 min
7270,M,300.4,310.5,1540,33.4,32,0,treino,0-99 min
7271,L,300.2,310.4,1808,25.8,35,0,teste,0-99 min
7272,M,300.3,310.4,1293,49.7,37,0,treino,0-99 min
7273,L,300.2,310.3,1202,59.5,40,0,validacao,0-99 min
7274,M,300.2,310.3,1704,29.2,42,0,treino,0-99 min
7275,M,300.2,310.3,1478,38.1,45,0,validacao,0-99 min
7276,L,300.2,310.3,1514,38.7,48,0,treino,0-99 min
7277,M,300.1,310.3,1350,48.8,50,0,treino,0-99 min
7278,L,300.1,310.2,1475,54.2,53,0,treino,0-99 min
7279,H,300,310.1,1714,28.7,55,0,teste,0-99 min
7280,L,300,310.1,1465,40.9,60,0,validacao,0-99 min
7281,L,299.9,310.2,1288,69.6,62,1,treino,0-99 min
7282,L,300,310.2,1675,29.7,64,0,treino,0-99 min
7283,L,300,310.2,1486,36.4,66,0,treino,0-99 min
7284,M,300,310.2,1443,58.7,68,0,treino,0-99 min
7285,M,300.1,310.3,1345,57.1,71,0,treino,0-99 min
7286,M,300.2,310.4,1202,61.7,74,0,teste,0-99 min
7287,M,300.1,310.4,1480,37.1,77,0,treino,0-99 min
7288,M,300.2,310.4,1530,35.7,80,0,teste,0-99 min
7289,M,300.2,310.6,1983,20.8,83,0,teste,0-99 min
7290,L,300.3,310.6,1433,53.8,86,0,treino,0-99 min
7291,L,300.3,310.6,1806,24.4,88,0,treino,0-99 min
7292,L,300.2,310.5,1416,46.7,90,0,validacao,0-99 min
7293,M,300.1,310.4,1556,38.1,92,0,teste,0-99 min
7294,L,300.1,310.5,1627,29.2,95,0,teste,0-99 min
7295,L,300.1,310.6,1809,24.3,97,0,treino,0-99 min
7296,M,300.1,310.5,1329,57.4,99,0,validacao,0-99 min
7297,H,300,310.4,1881,21.9,102,0,treino,100-199 min
7298,L,300.1,310.5,1500,39.8,107,0,teste,100-199 min
7299,L,300.1,310.5,1532,36,109,0,validacao,100-199 min
7300,L,300.1,310.5,1492,50.9,111,0,treino,100-199 min
7301,L,300.2,310.6,1431,42.3,113,0,treino,100-199 min
7302,L,300.1,310.4,1554,39.4,115,0,treino,100-199 min
7303,L,300.1,310.5,1494,44.2,117,0,treino,100-199 min
7304,L,300.1,310.6,1374,45.4,119,0,validacao,100-199 min
7305,L,300.1,310.5,1394,44.3,121,0,treino,100-199 min
7306,M,300,310.5,1790,25.7,123,0,teste,100-199 min
7307,L,300.1,310.5,1356,45.8,126,0,treino,100-199 min
7308,M,300,310.4,1385,52.1,128,0,treino,100-199 min
7309,L,300,310.4,1333,49.1,131,0,treino,100-199 min
7310,L,300,310.4,1505,44.9,133,0,teste,100-199 min
7311,L,300,310.5,1606,33.5,135,0,teste,100-199 min
7312,H,300,310.5,1558,36.7,137,0,treino,100-199 min
7313,L,300,310.5,1412,52.4,142,0,teste,100-199 min
7314,L,299.9,310.4,1408,38.4,144,0,teste,100-199 min
7315,L,299.9,310.3,1268,53.3,146,0,validacao,100-199 min
7316,L,299.9,310.4,1470,50,148,0,treino,100-199 min
7317,L,299.9,310.4,1497,47,150,0,validacao,100-199 min
7318,L,299.9,310.3,1638,29.1,152,0,treino,100-199 min
7319,H,299.9,310.3,1535,43.9,154,0,teste,100-199 min
7320,L,299.8,310.2,1654,32.7,159,0,validacao,100-199 min
7321,H,299.8,310.2,1411,49.7,161,0,validacao,100-199 min
7322,L,299.8,310.2,1911,23.5,166,0,treino,100-199 min
7323,H,299.8,310.2,1573,33.3,168,0,treino,100-199 min
7324,L,299.9,310.2,1479,46.3,173,0,validacao,100-199 min
7325,M,299.9,310.4,1820,26.6,175,0,teste,100-199 min
7326,L,299.9,310.4,1419,45.7,178,0,treino,100-199 min
7327,M,299.9,310.5,1335,52.9,180,0,teste,100-199 min
7328,M,299.9,310.5,1576,39.4,183,0,treino,100-199 min
7329,L,300,310.5,1517,42.2,186,0,validacao,100-199 min
7330,M,299.9,310.4,1576,34.3,188,0,treino,100-199 min
7331,H,299.8,310.2,1537,36.6,191,0,validacao,100-199 min
7332,L,299.8,310.3,1524,34.2,196,0,validacao,100-199 min
7333,M,299.8,310.3,1805,23.7,198,0,treino,100-199 min
7334,M,299.9,310.4,1367,53.3,201,0,treino,200+ min
7335,L,299.8,310.4,1694,30.3,204,0,treino,200+ min
7336,L,299.9,310.4,1328,49.9,206,0,teste,200+ min
7337,H,299.9,310.5,1549,42.8,208,0,treino,200+ min
7338,L,299.9,310.5,1539,32.8,213,0,treino,200+ min
7339,L,299.8,310.5,1496,38.8,215,0,treino,200+ min
7340,L,299.8,310.4,1579,36.4,0,0,teste,0-99 min
7341,L,299.7,310.3,1386,46.6,2,0,teste,0-99 min
7342,L,299.7,310.3,1505,37.7,4,0,validacao,0-99 min
7343,M,299.7,310.3,1661,34.5,6,0,teste,0-99 min
7344,L,299.6,310.2,1468,48,9,0,treino,0-99 min
7345,L,299.6,310.1,1384,49.8,11,0,treino,0-99 min
7346,L,299.6,310.2,1381,60.5,13,0,teste,0-99 min
7347,L,299.6,310.2,1469,47,15,0,validacao,0-99 min
7348,L,299.6,310.2,1627,36.6,17,0,treino,0-99 min
7349,H,299.7,310.3,1462,40.4,19,0,treino,0-99 min
7350,L,299.7,310.2,1633,36.5,24,0,treino,0-99 min
7351,L,299.7,310.2,1469,39.5,26,0,treino,0-99 min
7352,L,299.7,310.2,1458,43.4,28,0,treino,0-99 min
7353,M,299.7,310.2,1440,42.8,30,0,teste,0-99 min
7354,L,299.8,310.3,1687,30.4,33,0,treino,0-99 min
7355,M,299.7,310.3,1429,47.7,35,0,treino,0-99 min
7356,L,299.6,310.2,1588,34.1,38,0,treino,0-99 min
7357,L,299.6,310.2,1333,51.2,40,0,treino,0-99 min
7358,L,299.6,310.1,1487,42.9,42,0,treino,0-99 min
7359,M,299.5,310.1,1659,31.5,44,0,treino,0-99 min
7360,M,299.4,310,1512,43.2,47,0,validacao,0-99 min
7361,L,299.5,310.1,1585,35.2,50,0,treino,0-99 min
7362,L,299.5,310,1502,38.5,52,0,treino,0-99 min
7363,L,299.5,310,1594,35.1,54,0,teste,0-99 min
7364,L,299.5,310,1412,48.9,56,0,treino,0-99 min
7365,L,299.5,309.9,1402,51.7,58,0,validacao,0-99 min
7366,L,299.6,310.1,2057,20.4,60,0,treino,0-99 min
7367,H,299.6,310.1,1531,36.8,62,0,teste,0-99 min
7368,M,299.5,310.1,1359,61.1,67,0,validacao,0-99 min
7369,M,299.6,310.2,1620,30,70,0,treino,0-99 min
7370,M,299.6,310.1,1646,29.6,73,0,treino,0-99 min
7371,M,299.6,310.1,1455,46.1,76,0,treino,0-99 min
7372,L,299.6,310.2,1512,44,79,0,treino,0-99 min
7373,L,299.6,310.2,1473,42.7,81,0,treino,0-99 min
7374,L,299.6,310.1,1553,38,83,0,teste,0-99 min
7375,L,299.5,310,1379,50.4,85,0,validacao,0-99 min
7376,M,299.4,309.9,1567,40.6,87,0,treino,0-99 min
7377,L,299.5,310,1481,43.1,90,0,validacao,0-99 min
7378,L,299.5,310,1349,52.7,92,0,treino,0-99 min
7379,L,299.5,310,1388,52.4,94,0,validacao,0-99 min
7380,M,299.6,310.1,1357,48.7,96,0,treino,0-99 min
7381,L,299.6,310.2,1743,24.8,99,0,treino,0-99 min
7382,L,299.7,310.3,1495,43.1,101,0,teste,100-199 min
7383,L,299.8,310.4,1698,28.3,103,0,teste,100-199 min
7384,M,299.7,310.4,1410,44.5,105,0,treino,100-199 min
7385,L,299.7,310.4,1614,36.2,108,0,teste,100-199 min
7386,M,299.8,310.5,1375,53.9,110,0,teste,100-199 min
7387,M,299.8,310.6,1574,31.8,113,0,validacao,100-199 min
7388,H,299.8,310.6,1423,44.6,116,0,treino,100-199 min
7389,M,299.8,310.6,1694,31.3,121,0,validacao,100-199 min
7390,L,299.8,310.6,1707,32.5,124,0,validacao,100-199 min
7391,M,299.7,310.5,1490,41.2,126,0,treino,100-199 min
7392,L,299.7,310.6,1675,31.3,129,0,treino,100-199 min
7393,M,299.7,310.5,1492,39.3,131,0,treino,100-199 min
7394,M,299.7,310.5,1594,35.4,134,0,treino,100-199 min
7395,L,299.7,310.6,1479,38,137,0,treino,100-199 min
7396,M,299.7,310.6,1572,38,139,0,teste,100-199 min
7397,L,299.7,310.6,1616,35.1,142,0,treino,100-199 min
7398,L,299.7,310.6,1737,26.1,144,0,teste,100-199 min
7399,M,299.7,310.7,1498,37.8,146,0,teste,100-199 min
7400,L,299.6,310.6,1642,35.1,149,0,treino,100-199 min
7401,M,299.6,310.6,1633,34.2,151,0,teste,100-199 min
7402,L,299.8,310.8,1409,51.9,154,0,treino,100-199 min
7403,M,299.8,310.8,1463,43.5,156,0,teste,100-199 min
7404,L,299.8,310.8,1376,48.6,159,0,treino,100-199 min
7405,L,299.8,310.8,1553,32.2,161,0,teste,100-199 min
7406,M,299.8,310.8,1530,35.2,163,0,validacao,100-199 min
7407,L,299.8,310.9,1545,40.7,166,0,treino,100-199 min
7408,H,299.8,310.9,1427,47.2,168,0,teste,100-199 min
7409,L,299.9,310.9,1292,51.1,173,0,teste,100-199 min
7410,L,299.8,310.9,2084,17.6,175,0,teste,100-199 min
7411,L,299.9,311,1747,27.6,177,0,treino,100-199 min
7412,L,300,311.1,1425,47.8,179,0,treino,100-199 min
7413,L,300,311,1637,33.6,181,0,treino,100-199 min
7414,M,300.1,311.1,1616,35.2,183,0,treino,100-199 min
7415,L,300.1,311.1,1619,33.4,186,0,validacao,100-199 min
7416,L,300.1,311.2,1489,39.1,188,0,treino,100-199 min
7417,M,300.1,311.2,1452,42.4,190,0,treino,100-199 min
7418,M,300.1,311.3,1495,41,193,0,treino,100-199 min
7419,M,300.2,311.4,1427,39.7,196,0,treino,100-199 min
7420,L,300.1,311.4,1572,36.2,199,0,treino,100-199 min
7421,L,300.1,311.3,1547,40,201,0,validacao,200+ min
7422,M,300.1,311.4,1342,48.5,203,0,teste,200+ min
7423,L,300,311.2,1351,44.1,206,0,treino,200+ min
7424,L,300,311.3,1407,47.3,208,0,teste,200+ min
7425,M,300.1,311.4,1575,29.8,210,0,teste,200+ min
7426,M,300,311.4,1791,24.1,213,0,treino,200+ min
7427,M,300,311.4,1692,29,216,1,treino,200+ min
7428,L,300,311.4,1634,31.9,0,0,treino,0-99 min
7429,M,300,311.4,1864,23.3,2,0,treino,0-99 min
7430,L,300,311.4,1590,33.6,5,0,treino,0-99 min
7431,M,300,311.4,1384,46.1,7,0,treino,0-99 min
7432,M,300,311.4,1352,61.8,10,0,teste,0-99 min
7433,L,300.1,311.4,1484,43.1,13,0,treino,0-99 min
7434,M,300.1,311.4,1913,21.9,15,0,validacao,0-99 min
7435,L,300,311.4,1508,38.2,18,0,treino,0-99 min
7436,L,299.9,311.3,1504,40.7,20,0,teste,0-99 min
7437,L,300,311.4,1487,41.2,22,0,treino,0-99 min
7438,L,299.8,311.3,1727,30,24,0,treino,0-99 min
7439,L,299.9,311.3,1647,27.5,26,0,treino,0-99 min
7440,L,300,311.3,1493,41.4,28,0,treino,0-99 min
7441,L,300,311.4,1655,29.6,30,0,treino,0-99 min
7442,M,299.9,311.4,1337,54.8,32,0,teste,0-99 min
7443,L,300,311.5,1601,36.9,35,0,teste,0-99 min
7444,H,300.1,311.6,1589,37.9,37,0,validacao,0-99 min
7445,L,300.2,311.7,1286,55.1,42,0,treino,0-99 min
7446,L,300.2,311.7,1553,41.3,44,0,treino,0-99 min
7447,L,300.2,311.8,1379,51,46,0,treino,0-99 min
7448,M,300.3,311.9,1677,30.8,48,0,treino,0-99 min
7449,L,300.3,311.8,1488,38.4,51,0,teste,0-99 min
7450,L,300.3,311.8,1418,45.9,53,0,treino,0-99 min
7451,L,300.3,311.8,1451,41,55,0,treino,0-99 min
7452,L,300.3,311.8,1508,43.1,57,0,treino,0-99 min
7453,L,300.3,311.7,1579,33.6,59,0,teste,0-99 min
7454,H,300.3,311.7,1432,47.7,61,0,validacao,0-99 min
7455,L,300.2,311.6,1446,47.3,66,0,validacao,0-99 min
7456,M,300.2,311.7,1597,39.5,68,0,treino,0-99 min
7457,M,300.2,311.7,1397,50.2,71,0,treino,0-99 min
7458,L,300.1,311.6,1530,36.6,74,0,validacao,0-99 min
7459,M,300.1,311.6,1433,51.4,76,0,validacao,0-99 min
7460,L,300,311.5,1591,32,79,0,teste,0-99 min
7461,L,300,311.5,1445,41.6,81,0,validacao,0-99 min
7462,L,300,311.5,1749,28.3,83,0,treino,0-99 min
7463,L,300,311.3,1703,30.4,85,0,treino,0-99 min
7464,H,300.1,311.4,1518,46.9,87,0,teste,0-99 min
7465,L,300.1,311.3,1535,42.3,92,0,treino,0-99 min
7466,M,300.1,311.4,1390,52.1,94,0,treino,0-99 min
7467,H,300.3,311.6,1801,23.6,97,0,treino,0-99 min
7468,H,300.3,311.6,1463,41.6,102,0,treino,100-199 min
7469,L,300.3,311.6,1560,37.7,107,0,teste,100-199 min
7470,L,300.3,311.6,1607,33.5,109,0,validacao,100-199 min
7471,L,300.4,311.6,1332,54.6,111,0,teste,100-199 min
7472,L,300.3,311.7,1365,53.3,113,0,treino,100-199 min
7473,M,300.3,311.6,1617,32.5,115,0,treino,100-199 min
7474,M,300.3,311.6,1304,62.8,118,0,validacao,100-199 min
7475,L,300.3,311.7,1989,22.3,121,0,teste,100-199 min
7476,H,300.3,311.6,1339,53.4,123,0,validacao,100-199 min
7477,L,300.2,311.5,1492,41.8,128,0,teste,100-199 min
7478,M,300.1,311.3,1518,40.2,130,0,treino,100-199 min
7479,L,300.1,311.3,1479,39.5,133,0,validacao,100-199 min
7480,M,300.1,311.3,1523,34.1,135,0,treino,100-199 min
7481,M,300.2,311.4,1570,35.3,138,0,teste,100-199 min
7482,H,300.2,311.4,1506,36.1,141,0,treino,100-199 min
7483,M,300.2,311.6,1510,47.5,146,0,treino,100-199 min
7484,L,300.2,311.6,1671,28.8,149,0,treino,100-199 min
7485,M,300.3,311.6,1312,53.4,151,0,validacao,100-199 min
7486,L,300.3,311.6,1595,38.8,154,0,treino,100-199 min
7487,L,300.3,311.7,1635,31.8,156,0,treino,100-199 min
7488,L,300.3,311.7,1707,33.6,158,0,treino,100-199 min
7489,L,300.3,311.7,1545,43.5,160,0,treino,100-199 min
7490,M,300.2,311.6,1751,28,162,0,treino,100-199 min
7491,M,300.4,311.8,1707,30,165,0,teste,100-199 min
7492,L,300.4,311.8,1320,57.9,168,0,treino,100-199 min
7493,M,300.3,311.7,1319,51.4,170,0,teste,100-199 min
7494,L,300.2,311.7,1448,54.2,173,0,treino,100-199 min
7495,L,300.2,311.8,1436,48.2,175,0,treino,100-199 min
7496,L,300.3,311.9,1609,34,177,0,treino,100-199 min
7497,L,300.2,311.8,1464,44.5,179,0,treino,100-199 min
7498,M,300.3,311.8,1483,45.1,181,0,treino,100-199 min
7499,M,300.2,311.8,1748,28.5,184,0,teste,100-199 min
7500,L,300.3,311.8,1746,26.3,187,0,teste,100-199 min
7501,L,300.2,311.8,1410,51.4,189,0,treino,100-199 min
7502,L,300.2,311.7,1640,30.8,191,0,treino,100-199 min
7503,H,300.3,311.7,1655,29.9,193,0,teste,100-199 min
7504,M,300.3,311.7,1646,28.9,198,0,validacao,100-199 min
7505,L,300.4,311.8,1589,42,201,0,treino,200+ min
7506,L,300.5,311.9,1546,39.4,203,0,teste,200+ min
7507,L,300.5,311.9,1511,41.8,205,0,validacao,200+ min
7508,L,300.5,311.9,1750,28.3,207,0,treino,200+ min
7509,M,300.5,311.9,1730,27.5,209,0,treino,200+ min
7510,L,300.6,311.9,1372,60.1,212,1,treino,200+ min
7511,L,300.5,311.8,1524,38.9,214,1,treino,200+ min
7512,L,300.4,311.8,1601,36.1,0,0,validacao,0-99 min
7513,M,300.5,311.8,1636,34.4,2,0,treino,0-99 min
7514,L,300.4,311.8,2261,14.9,5,0,validacao,0-99 min
7515,L,300.4,311.8,1636,32.3,7,0,treino,0-99 min
7516,M,300.4,311.9,1335,58.3,9,0,validacao,0-99 min
7517,M,300.3,311.7,1236,57.5,12,0,validacao,0-99 min
7518,L,300.3,311.7,1445,47.3,15,0,validacao,0-99 min
7519,L,300.2,311.5,1500,40.8,17,0,teste,0-99 min
7520,L,300.2,311.6,1999,21,19,0,treino,0-99 min
7521,L,300.2,311.6,1529,35.5,21,0,validacao,0-99 min
7522,M,300.2,311.6,1467,40.7,23,0,treino,0-99 min
7523,L,300.1,311.5,1334,54,26,0,treino,0-99 min
7524,M,300.1,311.5,1343,46.2,28,0,validacao,0-99 min
7525,L,300.2,311.5,1639,31.1,31,0,treino,0-99 min
7526,H,300.1,311.5,1383,49.1,33,0,teste,0-99 min
7527,L,300.1,311.4,1660,31.4,38,0,teste,0-99 min
7528,L,300.1,311.3,1470,45.2,40,0,teste,0-99 min
7529,M,300.1,311.3,1748,26.6,42,0,treino,0-99 min
7530,L,300.1,311.4,1467,35.7,45,0,treino,0-99 min
7531,M,300.1,311.4,1617,39.3,47,0,treino,0-99 min
7532,H,300.1,311.4,1377,56.7,50,0,teste,0-99 min
7533,M,300,311.3,1629,32.1,55,0,validacao,0-99 min
7534,L,300,311.2,1504,37.9,58,0,treino,0-99 min
7535,L,300,311.2,1418,47.3,60,0,treino,0-99 min
7536,L,300,311.2,1629,31.7,62,0,treino,0-99 min
7537,L,300.1,311.3,2579,12.5,64,1,treino,0-99 min
7538,L,300.1,311.3,1305,64.7,66,0,validacao,0-99 min
7539,M,300.2,311.4,1450,38.5,68,0,treino,0-99 min
7540,L,300.2,311.3,1487,36.9,71,0,treino,0-99 min
7541,M,300.2,311.3,1587,31.2,73,0,teste,0-99 min
7542,M,300.3,311.5,1528,40.9,76,0,validacao,0-99 min
7543,M,300.4,311.6,1401,49.9,79,0,treino,0-99 min
7544,L,300.3,311.5,1446,45,82,0,validacao,0-99 min
7545,L,300.2,311.4,1425,44.2,84,0,validacao,0-99 min
7546,L,300.2,311.4,1891,22.6,86,0,treino,0-99 min
7547,H,300.2,311.5,1454,42.8,88,0,treino,0-99 min
7548,L,300.1,311.4,1430,40.9,93,0,treino,0-99 min
7549,L,300.2,311.4,1495,43.6,95,0,treino,0-99 min
7550,L,300.3,311.4,1544,41.6,97,0,treino,0-99 min
7551,M,300.3,311.4,1554,34.3,99,0,treino,0-99 min
7552,M,300.2,311.3,1491,37.3,102,0,validacao,100-199 min
7553,L,300.3,311.3,1525,40.7,105,0,treino,100-199 min
7554,L,300.3,311.3,1505,39.6,107,0,teste,100-199 min
7555,M,300.3,311.4,1371,50.2,109,0,treino,100-199 min
7556,L,300.3,311.3,1332,60.5,112,0,treino,100-199 min
7557,L,300.3,311.4,1471,37,114,0,treino,100-199 min
7558,M,300.4,311.5,1750,27.3,116,0,teste,100-199 min
7559,M,300.3,311.4,1386,48.1,119,0,treino,100-199 min
7560,M,300.4,311.4,1355,56.2,122,0,validacao,100-199 min
7561,M,300.3,311.3,1377,53.8,125,0,treino,100-199 min
7562,L,300.3,311.1,1388,49.4,128,0,teste,100-199 min
7563,M,300.3,311.1,1350,58.7,130,0,validacao,100-199 min
7564,M,300.4,311.2,1831,23.4,133,0,treino,100-199 min
7565,M,300.3,311.2,1381,65.2,136,1,treino,100-199 min
7566,M,300.3,311.2,1783,25.6,139,0,treino,100-199 min
7567,L,300.3,311,1613,34.7,142,0,treino,100-199 min
7568,M,300.2,311,2370,14.7,144,0,validacao,100-199 min
7569,L,300.2,311,1627,33.7,147,0,teste,100-199 min
7570,L,300.2,311,1255,71.8,149,1,treino,100-199 min
7571,H,300.2,311,1777,27.5,151,0,treino,100-199 min
7572,L,300.3,311.1,1606,30.9,156,0,treino,100-199 min
7573,L,300.3,311.1,1676,28.6,158,0,treino,100-199 min
7574,L,300.3,311.1,1605,37.1,160,0,teste,100-199 min
7575,L,300.4,311.1,1487,37.4,162,0,teste,100-199 min
7576,L,300.4,311.2,1471,46.5,164,0,treino,100-199 min
7577,M,300.3,311.1,1477,44.2,166,0,teste,100-199 min
7578,L,300.4,311.2,1530,32,169,0,treino,100-199 min
7579,L,300.4,311.2,1673,28.9,171,0,treino,100-199 min
7580,L,300.4,311.2,1436,56.8,173,0,treino,100-199 min
7581,L,300.4,311.3,1495,51.2,175,0,teste,100-199 min
7582,M,300.4,311.2,1366,56.1,177,0,treino,100-199 min
7583,H,300.4,311.2,1489,45.3,180,0,treino,100-199 min
7584,L,300.3,311.1,1480,46.6,185,0,teste,100-199 min
7585,L,300.4,311.2,1472,37.3,187,0,treino,100-199 min
7586,L,300.4,311.1,1397,50.8,189,0,treino,100-199 min
7587,L,300.4,311.1,1589,35.5,191,0,treino,100-199 min
7588,L,300.4,311.1,1405,54.1,193,0,validacao,100-199 min
7589,L,300.4,311.1,2013,20.1,195,0,validacao,100-199 min
7590,L,300.4,311,1802,26,197,0,treino,100-199 min
7591,M,300.4,311,1433,46.1,199,0,treino,100-199 min
7592,M,300.5,311.1,1296,61.3,202,1,treino,200+ min
7593,M,300.5,311.2,1551,36.6,205,0,treino,200+ min
7594,L,300.5,311.2,1270,67.5,208,1,treino,200+ min
7595,L,300.6,311.3,1531,38.5,0,0,treino,0-99 min
7596,H,300.5,311.2,1397,45.2,2,0,validacao,0-99 min
7597,L,300.5,311.1,1547,37.2,7,0,treino,0-99 min
7598,L,300.5,311,2074,18.9,9,0,treino,0-99 min
7599,L,300.5,311.1,1491,42.6,11,0,validacao,0-99 min
7600,L,300.5,311,1759,28.3,13,0,treino,0-99 min
7601,M,300.4,311,1595,35.4,15,0,treino,0-99 min
7602,L,300.4,311.2,1351,62,18,0,validacao,0-99 min
7603,L,300.4,311.2,1705,28.7,20,0,teste,0-99 min
7604,L,300.4,311.2,1406,43.6,22,0,teste,0-99 min
7605,L,300.4,311.3,1639,34.6,24,0,treino,0-99 min
7606,H,300.4,311.3,2026,20.3,26,0,teste,0-99 min
7607,M,300.4,311.3,1350,56.5,31,0,treino,0-99 min
7608,M,300.5,311.3,1468,41.1,34,0,treino,0-99 min
7609,L,300.5,311.4,1642,27.1,37,0,treino,0-99 min
7610,L,300.5,311.3,1490,41.8,39,0,validacao,0-99 min
7611,M,300.5,311.3,1507,43.4,41,0,treino,0-99 min
7612,L,300.5,311.4,1611,32.7,44,0,treino,0-99 min
7613,M,300.5,311.4,1743,27.6,46,0,validacao,0-99 min
7614,L,300.5,311.3,1475,46.3,49,0,treino,0-99 min
7615,L,300.5,311.4,1432,47.5,51,0,treino,0-99 min
7616,L,300.5,311.4,1442,47,53,0,treino,0-99 min
7617,M,300.6,311.4,1468,40.4,55,0,validacao,0-99 min
7618,L,300.5,311.4,1556,45.3,58,0,teste,0-99 min
7619,M,300.5,311.4,1312,51.4,60,0,treino,0-99 min
7620,L,300.6,311.5,1459,47,63,0,treino,0-99 min
7621,L,300.5,311.5,1651,36.9,65,0,treino,0-99 min
7622,L,300.5,311.5,1490,38.4,67,0,teste,0-99 min
7623,M,300.6,311.6,1473,31.5,69,0,treino,0-99 min
7624,L,300.6,311.7,1734,29.9,72,0,treino,0-99 min
7625,L,300.6,311.7,1507,45.5,74,0,validacao,0-99 min
7626,L,300.6,311.7,1556,34.9,76,0,treino,0-99 min
7627,H,300.5,311.6,1351,53.5,78,0,treino,0-99 min
7628,L,300.5,311.7,1445,44.8,83,0,treino,0-99 min
7629,L,300.5,311.7,1619,32.7,85,0,validacao,0-99 min
7630,M,300.5,311.7,1269,64,87,0,validacao,0-99 min
7631,L,300.5,311.6,1534,37.7,90,0,teste,0-99 min
7632,L,300.5,311.6,1444,49.3,92,0,treino,0-99 min
7633,L,300.5,311.6,1744,26.8,94,0,treino,0-99 min
7634,L,300.4,311.5,1441,44.6,96,0,treino,0-99 min
7635,M,300.3,311.3,1506,40.7,98,0,teste,0-99 min
7636,L,300.3,311.4,1526,38.5,101,0,treino,100-199 min
7637,L,300.4,311.5,1704,29.7,103,0,treino,100-199 min
7638,H,300.4,311.4,1445,52.4,105,0,validacao,100-199 min
7639,L,300.5,311.5,1661,35.9,110,0,treino,100-199 min
7640,L,300.5,311.4,1466,41.8,112,0,validacao,100-199 min
7641,L,300.4,311.3,1608,35.1,114,0,treino,100-199 min
7642,M,300.4,311.4,1352,57.3,116,0,teste,100-199 min
7643,M,300.4,311.4,1604,31.7,119,0,teste,100-199 min
7644,H,300.4,311.4,1427,50.7,122,0,treino,100-199 min
7645,L,300.4,311.4,1424,44.6,127,0,treino,100-199 min
7646,L,300.4,311.4,1662,29.3,129,0,treino,100-199 min
7647,L,300.4,311.4,1936,23.9,131,0,treino,100-199 min
7648,L,300.4,311.4,1728,31.7,133,0,treino,100-199 min
7649,L,300.4,311.4,1552,28.8,135,0,teste,100-199 min
7650,H,300.4,311.5,1662,29,137,0,validacao,100-199 min
7651,L,300.3,311.4,1343,57.7,142,0,treino,100-199 min
7652,M,300.4,311.5,1476,32.6,144,0,teste,100-199 min
7653,L,300.3,311.4,1346,51.1,147,0,treino,100-199 min
7654,L,300.4,311.5,1492,44.6,149,0,treino,100-199 min
7655,M,300.3,311.5,1540,41.5,151,0,validacao,100-199 min
7656,L,300.4,311.5,1596,32.5,154,0,treino,100-199 min
7657,L,300.5,311.6,1541,47.8,156,0,treino,100-199 min
7658,L,300.5,311.6,1661,30,158,0,validacao,100-199 min
7659,M,300.4,311.6,1359,55.4,160,0,treino,100-199 min
7660,L,300.5,311.6,1528,42.4,163,0,teste,100-199 min
7661,M,300.5,311.6,1246,52.9,165,0,treino,100-199 min
7662,L,300.5,311.6,1575,32.5,168,0,treino,100-199 min
7663,M,300.5,311.6,1658,30.4,170,0,teste,100-199 min
7664,L,300.5,311.6,1385,54.8,173,0,treino,100-199 min
7665,H,300.5,311.7,1454,50.3,175,0,treino,100-199 min
7666,L,300.5,311.6,1497,40.5,180,0,treino,100-199 min
7667,M,300.6,311.7,1424,50.8,182,0,validacao,100-199 min
7668,L,300.6,311.7,1528,43.9,185,0,treino,100-199 min
7669,L,300.6,311.8,1539,37,187,0,validacao,100-199 min
7670,L,300.7,311.8,1336,58.4,189,1,treino,100-199 min
7671,L,300.5,311.6,1525,37.6,191,0,treino,100-199 min
7672,M,300.5,311.6,1456,51.1,193,0,treino,100-199 min
7673,M,300.5,311.7,2141,17.2,196,0,validacao,100-199 min
7674,M,300.5,311.6,1476,39.1,199,0,validacao,100-199 min
7675,L,300.5,311.6,1509,47.2,202,0,treino,200+ min
7676,L,300.5,311.6,1447,45.4,204,0,validacao,200+ min
7677,L,300.6,311.7,1448,49.1,206,0,treino,200+ min
7678,L,300.6,311.7,1428,52.6,208,0,teste,200+ min
7679,M,300.6,311.7,1389,52.1,210,0,treino,200+ min
7680,L,300.7,311.7,1635,32.4,213,0,treino,200+ min
7681,L,300.7,311.7,1395,43.7,215,0,teste,200+ min
7682,L,300.7,311.8,1443,43.7,217,0,treino,200+ min
7683,M,300.7,311.7,1412,49.1,219,0,teste,200+ min
7684,L,300.7,311.7,1524,43.5,222,0,treino,200+ min
7685,M,300.7,311.8,1407,42.4,224,0,teste,200+ min
7686,L,300.8,311.7,1397,43.5,227,0,treino,200+ min
7687,M,300.7,311.7,1504,36.9,229,0,treino,200+ min
7688,M,300.7,311.7,2097,18.9,232,1,treino,200+ min
7689,L,300.6,311.7,1553,39.8,0,0,treino,0-99 min
7690,L,300.6,311.7,1432,39.2,2,0,treino,0-99 min
7691,M,300.5,311.6,1577,36.5,4,0,validacao,0-99 min
7692,M,300.5,311.5,1370,56.1,7,0,treino,0-99 min
7693,H,300.5,311.6,1506,36.2,10,0,treino,0-99 min
7694,L,300.6,311.6,1964,21.4,15,0,teste,0-99 min
7695,H,300.6,311.7,1500,36.7,17,0,treino,0-99 min
7696,L,300.6,311.7,1488,47.7,22,0,treino,0-99 min
7697,H,300.6,311.5,1282,60.2,24,0,treino,0-99 min
7698,L,300.5,311.4,1400,45.1,29,0,teste,0-99 min
7699,L,300.6,311.5,1419,38.6,31,0,treino,0-99 min
7700,M,300.7,311.5,1441,40.6,33,0,treino,0-99 min
7701,M,300.7,311.6,1348,62.5,36,0,treino,0-99 min
7702,H,300.8,311.7,1468,38.7,39,0,teste,0-99 min
7703,M,300.7,311.7,1701,30.8,44,0,teste,0-99 min
7704,H,300.7,311.7,1864,23.6,47,0,treino,0-99 min
7705,M,300.6,311.6,1630,31.8,52,0,treino,0-99 min
7706,L,300.5,311.5,1316,49.7,55,0,validacao,0-99 min
7707,L,300.5,311.5,1708,31.2,57,0,treino,0-99 min
7708,H,300.5,311.4,1679,27.5,59,0,treino,0-99 min
7709,L,300.5,311.4,1709,32.3,64,0,treino,0-99 min
7710,L,300.5,311.4,1445,41.5,66,0,treino,0-99 min
7711,M,300.5,311.4,1390,51.9,68,0,validacao,0-99 min
7712,L,300.4,311.4,1309,55.5,71,0,teste,0-99 min
7713,L,300.5,311.5,1499,37.6,73,0,teste,0-99 min
7714,M,300.5,311.4,2072,18.8,75,0,treino,0-99 min
7715,L,300.5,311.5,1487,43,78,0,teste,0-99 min
7716,L,300.5,311.5,1302,49.6,80,0,treino,0-99 min
7717,M,300.5,311.5,1378,48.2,82,0,treino,0-99 min
7718,L,300.5,311.6,1365,53,85,0,teste,0-99 min
7719,H,300.6,311.7,1427,44.6,87,0,validacao,0-99 min
7720,H,300.6,311.7,1535,33.3,92,0,treino,0-99 min
7721,H,300.5,311.6,1476,41.7,97,0,treino,0-99 min
7722,L,300.5,311.6,1425,42.4,102,0,treino,100-199 min
7723,L,300.5,311.7,1409,54.7,104,0,treino,100-199 min
7724,L,300.5,311.6,1730,30.2,106,0,validacao,100-199 min
7725,M,300.5,311.6,1454,41.4,108,0,treino,100-199 min
7726,L,300.6,311.7,1744,26.9,111,0,treino,100-199 min
7727,M,300.8,311.9,1761,29,113,0,treino,100-199 min
7728,M,300.7,311.9,1657,30.9,116,0,validacao,100-199 min
7729,L,300.7,311.8,1420,47,119,0,treino,100-199 min
7730,H,300.7,311.9,1329,59.2,121,0,validacao,100-199 min
7731,L,300.6,311.9,1472,44.2,126,0,teste,100-199 min
7732,L,300.6,312,1566,30.1,128,0,treino,100-199 min
7733,L,300.6,312,1430,42.7,130,0,treino,100-199 min
7734,L,300.6,312,1481,40.9,132,0,treino,100-199 min
7735,L,300.6,312,1670,29.4,134,0,treino,100-199 min
7736,L,300.6,312,1406,55.1,136,0,validacao,100-199 min
7737,H,300.6,312.1,1354,46.9,138,0,teste,100-199 min
7738,M,300.5,312,1985,19.3,143,0,treino,100-199 min
7739,M,300.5,312,1263,60.8,146,0,validacao,100-199 min
7740,L,300.5,311.9,1576,31.1,149,0,teste,100-199 min
7741,L,300.5,312,1453,45.1,151,0,treino,100-199 min
7742,L,300.5,312,1478,39,153,0,treino,100-199 min
7743,M,300.5,311.9,1323,57.9,155,0,teste,100-199 min
7744,L,300.5,311.9,1710,28.4,158,0,validacao,100-199 min
7745,L,300.4,311.7,1314,59.5,160,0,validacao,100-199 min
7746,L,300.4,311.7,1460,39.6,162,0,treino,100-199 min
7747,M,300.4,311.7,1508,45.4,164,0,treino,100-199 min
7748,M,300.5,311.8,1331,55.3,167,0,treino,100-199 min
7749,L,300.4,311.7,1515,47.4,170,0,teste,100-199 min
7750,L,300.4,311.6,1674,33,172,0,treino,100-199 min
7751,L,300.4,311.7,1444,51.2,174,0,validacao,100-199 min
7752,M,300.4,311.7,1398,42.6,176,0,validacao,100-199 min
7753,M,300.4,311.7,1832,24.2,179,0,validacao,100-199 min
7754,M,300.5,311.8,1591,42,182,0,treino,100-199 min
7755,M,300.4,311.7,1478,39.9,185,0,treino,100-199 min
7756,M,300.4,311.8,1362,47.6,188,0,treino,100-199 min
7757,L,300.5,311.8,1368,57.9,191,1,treino,100-199 min
7758,M,300.3,311.7,1723,28.3,193,0,treino,100-199 min
7759,L,300.4,311.8,1689,30.8,196,0,validacao,100-199 min
7760,L,300.4,311.8,1272,59.2,198,1,treino,100-199 min
7761,M,300.4,311.7,1511,33,200,0,treino,200+ min
7762,H,300.4,311.6,1715,30.8,203,0,validacao,200+ min
7763,M,300.3,311.5,1400,43.8,0,0,treino,0-99 min
7764,L,300.4,311.6,1200,76.6,3,1,validacao,0-99 min
7765,M,300.4,311.7,1555,38.7,5,0,treino,0-99 min
7766,H,300.3,311.6,1427,56.2,8,0,validacao,0-99 min
7767,L,300.3,311.4,1318,52.7,13,0,treino,0-99 min
7768,H,300.2,311.4,1319,54.6,15,0,treino,0-99 min
7769,M,300.2,311.4,1960,20.9,20,0,treino,0-99 min
7770,L,300.3,311.5,1552,38.9,23,0,teste,0-99 min
7771,L,300.3,311.5,1548,32.2,25,0,validacao,0-99 min
7772,L,300.3,311.6,1709,29.5,27,0,treino,0-99 min
7773,H,300.3,311.5,1464,41,29,0,treino,0-99 min
7774,L,300.3,311.4,1759,24.8,34,0,validacao,0-99 min
7775,L,300.3,311.5,1634,31.9,36,0,validacao,0-99 min
7776,L,300.3,311.5,1663,33.6,38,0,teste,0-99 min
7777,M,300.3,311.5,1445,47.3,40,0,treino,0-99 min
7778,L,300.3,311.5,1695,25.6,43,0,treino,0-99 min
7779,L,300.4,311.6,1517,39,45,0,validacao,0-99 min
7780,L,300.5,311.7,1811,26.8,47,0,teste,0-99 min
7781,L,300.4,311.6,1815,23.5,49,0,treino,0-99 min
7782,L,300.4,311.7,1513,40,51,0,validacao,0-99 min
7783,M,300.4,311.6,1518,36.4,53,0,teste,0-99 min
7784,L,300.3,311.5,1667,28.8,56,0,validacao,0-99 min
7785,L,300.3,311.5,1403,60.1,58,0,validacao,0-99 min
7786,L,300.2,311.5,1383,42.1,60,0,teste,0-99 min
7787,L,300.3,311.5,1466,46.2,62,0,teste,0-99 min
7788,L,300.3,311.5,1378,47.5,64,0,teste,0-99 min
7789,M,300.2,311.5,1547,40.9,66,0,treino,0-99 min
7790,L,300.2,311.5,1495,38.5,69,0,treino,0-99 min
7791,L,300.1,311.4,1729,29.3,71,0,teste,0-99 min
7792,L,300.1,311.4,1418,47.7,73,0,treino,0-99 min
7793,H,300.1,311.4,1485,40.4,75,0,validacao,0-99 min
7794,L,300.1,311.5,1434,40.8,80,0,treino,0-99 min
7795,M,300.2,311.6,1415,55.8,82,0,treino,0-99 min
7796,H,300.1,311.6,1674,29.6,85,0,treino,0-99 min
7797,L,300.1,311.5,1454,52.4,90,0,treino,0-99 min
7798,L,300,311.4,1476,39,92,0,validacao,0-99 min
7799,L,300,311.5,1812,28.3,94,0,treino,0-99 min
7800,L,300,311.4,1374,41.9,96,0,treino,0-99 min
7801,M,300.1,311.4,1524,40.6,98,0,validacao,0-99 min
7802,L,300,311.4,1383,49.6,101,0,treino,100-199 min
7803,L,299.9,311.3,1429,58.2,103,0,treino,100-199 min
7804,M,299.8,311.3,1517,41.2,105,0,treino,100-199 min
7805,M,299.9,311.4,1480,44.9,108,0,treino,100-199 min
7806,L,299.9,311.4,1706,28.8,111,0,teste,100-199 min
7807,L,300,311.5,1349,48.6,113,0,treino,100-199 min
7808,M,300,311.5,1451,49,115,0,teste,100-199 min
7809,L,299.9,311.4,1627,36.7,118,0,treino,100-199 min
7810,M,300,311.4,1537,35.4,120,0,teste,100-199 min
7811,L,300.1,311.5,2218,17,123,0,treino,100-199 min
7812,M,300,311.4,1466,39,125,0,treino,100-199 min
7813,L,300,311.5,1666,32,128,0,treino,100-199 min
7814,L,300,311.5,1455,41.7,130,0,treino,100-199 min
7815,L,300,311.4,1927,24.6,132,0,teste,100-199 min
7816,M,299.9,311.3,1703,28.4,134,0,teste,100-199 min
7817,L,299.8,311.2,1533,35.9,137,0,treino,100-199 min
7818,H,299.8,311.3,1785,25.4,139,0,treino,100-199 min
7819,L,299.8,311.2,2142,16.6,144,0,treino,100-199 min
7820,L,299.8,311.2,1369,46.2,146,0,treino,100-199 min
7821,M,299.8,311.2,1706,29.2,148,0,treino,100-199 min
7822,L,299.9,311.3,1802,24.4,151,0,treino,100-199 min
7823,H,299.9,311.3,1413,41.8,153,0,teste,100-199 min
7824,L,300,311.3,1484,53.2,158,0,treino,100-199 min
7825,L,299.9,311.3,1535,38.1,160,0,treino,100-199 min
7826,M,299.9,311.2,1579,35.5,162,0,treino,100-199 min
7827,L,299.8,311.1,1300,64.2,165,0,treino,100-199 min
7828,M,299.8,311.1,1452,44.3,167,0,treino,100-199 min
7829,M,299.8,311.1,1562,35.7,170,0,validacao,100-199 min
7830,L,299.8,311.2,1664,28.3,173,0,validacao,100-199 min
7831,H,299.9,311.2,1495,35.8,175,0,validacao,100-199 min
7832,M,300,311.4,1533,42.6,180,0,treino,100-199 min
7833,L,300,311.4,1484,37,183,0,treino,100-199 min
7834,L,300,311.4,1604,38.7,185,0,treino,100-199 min
7835,L,300,311.4,1483,45.6,187,0,treino,100-199 min
7836,L,300.1,311.5,1549,34.7,189,0,treino,100-199 min
7837,L,300.1,311.4,1604,35,191,0,treino,100-199 min
7838,L,300.2,311.5,1685,31,193,0,treino,100-199 min
7839,L,300.2,311.6,1372,49.2,195,0,treino,100-199 min
7840,L,300.3,311.6,1374,47.4,197,0,teste,100-199 min
7841,L,300.2,311.6,1606,31,199,0,treino,100-199 min
7842,L,300.1,311.5,1471,47.2,201,0,validacao,200+ min
7843,L,300.1,311.5,1659,31.1,203,0,teste,200+ min
7844,M,300.1,311.7,1400,48.5,205,0,validacao,200+ min
7845,L,300.1,311.7,1503,42.6,208,0,teste,200+ min
7846,L,300.2,311.8,1798,23.2,210,0,treino,200+ min
7847,M,300.2,311.6,1608,35,212,0,treino,200+ min
7848,L,300.2,311.6,1322,50.9,215,0,treino,200+ min
7849,H,300.2,311.6,1547,37.7,217,0,validacao,200+ min
7850,M,300.3,311.7,1374,47.9,222,1,teste,200+ min
7851,M,300.3,311.7,1447,36.8,0,0,treino,0-99 min
7852,L,300.4,311.7,1373,47.2,3,0,teste,0-99 min
7853,L,300.3,311.7,1515,37.5,5,0,teste,0-99 min
7854,L,300.3,311.7,1317,56.5,7,0,treino,0-99 min
7855,L,300.3,311.8,1551,37.2,9,0,treino,0-99 min
7856,M,300.3,311.8,1592,32.1,11,0,treino,0-99 min
7857,L,300.4,311.8,1433,42.2,14,0,validacao,0-99 min
7858,L,300.5,311.9,1432,43.1,16,0,teste,0-99 min
7859,L,300.5,311.9,1350,51.7,18,0,teste,0-99 min
7860,M,300.5,311.9,1370,44.8,20,0,treino,0-99 min
7861,L,300.5,312,1415,44.6,23,0,validacao,0-99 min
7862,L,300.5,312,1498,42.9,25,0,teste,0-99 min
7863,M,300.5,312,1382,54.1,27,0,treino,0-99 min
7864,M,300.5,311.9,1511,44.5,30,0,validacao,0-99 min
7865,L,300.5,311.9,1330,59.5,33,0,treino,0-99 min
7866,L,300.5,311.9,1383,50.5,35,0,validacao,0-99 min
7867,L,300.5,311.9,1431,49.4,37,0,treino,0-99 min
7868,L,300.5,312,1461,38.1,39,0,teste,0-99 min
7869,H,300.4,311.9,1438,46.7,41,0,validacao,0-99 min
7870,M,300.5,312,1779,27.7,46,0,treino,0-99 min
7871,M,300.6,312.1,1293,52.3,49,0,validacao,0-99 min
7872,L,300.6,312.2,1308,54.7,52,0,teste,0-99 min
7873,L,300.6,312.3,1532,37.2,54,0,teste,0-99 min
7874,L,300.7,312.4,1470,38.6,56,0,teste,0-99 min
7875,L,300.7,312.3,1548,37.9,58,0,teste,0-99 min
7876,L,300.7,312.3,1898,24,60,0,treino,0-99 min
7877,H,300.7,312.2,1335,49,62,0,treino,0-99 min
7878,L,300.7,312.3,1420,53.8,67,0,treino,0-99 min
7879,L,300.7,312.3,1418,49,69,0,treino,0-99 min
7880,M,300.8,312.3,1535,40.3,71,0,validacao,0-99 min
7881,H,300.7,312.4,1457,47.2,74,0,treino,0-99 min
7882,L,300.8,312.4,1493,39.1,79,0,treino,0-99 min
7883,H,300.7,312.3,1670,27.3,81,0,treino,0-99 min
7884,H,300.7,312.3,1446,45.4,86,0,treino,0-99 min
7885,L,300.8,312.4,1465,59.1,91,1,teste,0-99 min
7886,L,300.7,312.3,1590,36.3,93,0,teste,0-99 min
7887,M,300.6,312.2,2174,18.5,95,0,treino,0-99 min
7888,L,300.7,312.4,1590,37.9,98,0,validacao,0-99 min
7889,L,300.7,312.3,1577,33.2,100,0,validacao,100-199 min
7890,M,300.7,312.4,1371,61.7,102,0,treino,100-199 min
7891,L,300.8,312.4,1767,25.6,105,0,treino,100-199 min
7892,L,300.8,312.5,1517,39.2,107,0,validacao,100-199 min
7893,M,300.9,312.6,1555,40.6,109,0,validacao,100-199 min
7894,L,300.9,312.7,1416,43.8,112,0,teste,100-199 min
7895,M,300.8,312.6,1588,35.6,114,0,validacao,100-199 min
7896,L,300.8,312.6,1422,50,117,0,treino,100-199 min
7897,L,300.8,312.6,1376,53.6,119,0,treino,100-199 min
7898,L,300.8,312.5,1434,50.7,121,0,treino,100-199 min
7899,L,300.8,312.5,1423,47.3,123,0,validacao,100-199 min
7900,L,300.9,312.4,1364,52.5,125,0,treino,100-199 min
7901,L,300.8,312.4,1825,23.8,127,0,treino,100-199 min
7902,L,300.8,312.4,1365,44.5,129,0,treino,100-199 min
7903,M,300.7,312.3,1430,47.2,131,0,treino,100-199 min
7904,L,300.8,312.3,1435,44.8,134,0,treino,100-199 min
7905,M,300.8,312.4,1811,25.1,136,0,treino,100-199 min
7906,M,300.8,312.4,1465,43.7,139,0,validacao,100-199 min
7907,L,300.9,312.4,1372,51,142,0,treino,100-199 min
7908,L,300.8,312.3,1858,26.3,144,0,treino,100-199 min
7909,L,300.7,312.3,1715,26.8,146,0,treino,100-199 min
7910,L,300.7,312.2,1590,38.5,148,0,treino,100-199 min
7911,M,300.8,312.2,1664,25.7,150,0,treino,100-199 min
7912,L,300.7,312.1,1512,36.9,153,0,validacao,100-199 min
7913,L,300.7,312.1,1498,44,155,0,validacao,100-199 min
7914,L,300.7,312.1,1395,41.9,157,0,treino,100-199 min
7915,H,300.7,312.1,1490,43.1,159,0,validacao,100-199 min
7916,H,300.8,312.1,1527,35.1,164,0,teste,100-199 min
7917,L,300.8,312.1,1512,37.1,169,0,treino,100-199 min
7918,L,300.9,312.1,1474,42.4,171,0,treino,100-199 min
7919,L,300.8,312.1,1505,41.3,173,0,treino,100-199 min
7920,L,300.8,312,1496,40,175,0,teste,100-199 min
7921,L,300.8,312,1382,49.3,177,0,treino,100-199 min
7922,L,300.7,311.9,1419,47.7,179,0,treino,100-199 min
7923,L,300.7,311.9,1462,39.7,181,0,validacao,100-199 min
7924,M,300.8,312,1450,45,183,0,treino,100-199 min
7925,H,300.7,311.9,1389,46.5,186,0,treino,100-199 min
7926,M,300.7,311.9,1697,28.2,191,0,treino,100-199 min
7927,L,300.7,311.9,1335,57.1,194,1,treino,100-199 min
7928,L,300.7,311.9,1476,42,196,0,treino,100-199 min
7929,L,300.6,311.7,1497,43.6,198,0,teste,100-199 min
7930,M,300.6,311.6,1669,29.2,200,0,treino,200+ min
7931,L,300.6,311.6,1455,48,203,0,treino,200+ min
7932,L,300.7,311.7,1499,38.4,205,0,treino,200+ min
7933,L,300.7,311.8,1478,41.9,207,0,validacao,200+ min
7934,L,300.8,311.8,1928,21.8,209,0,treino,200+ min
7935,M,300.8,311.9,1621,28.3,211,0,treino,200+ min
7936,M,300.8,311.9,1356,44.3,214,0,treino,200+ min
7937,L,300.8,311.7,1490,46.4,217,0,validacao,200+ min
7938,L,300.8,311.7,1578,31.4,219,0,treino,200+ min
7939,L,300.8,311.7,1681,31.3,221,0,validacao,200+ min
7940,L,300.8,311.8,1417,43.4,223,0,treino,200+ min
7941,M,300.7,311.7,1532,40,0,0,teste,0-99 min
7942,M,300.7,311.7,1499,38.9,3,0,validacao,0-99 min
7943,L,300.8,311.7,1432,45.8,6,0,teste,0-99 min
7944,L,300.8,311.7,1753,29,8,0,treino,0-99 min
7945,L,300.8,311.7,1414,49,10,0,validacao,0-99 min
7946,L,300.8,311.7,1655,32.2,12,0,validacao,0-99 min
7947,L,300.8,311.6,1516,35.6,14,0,treino,0-99 min
7948,L,300.8,311.7,1426,45.5,16,0,teste,0-99 min
7949,L,300.8,311.7,1479,39.4,18,0,treino,0-99 min
7950,M,300.7,311.5,1569,36.4,20,0,treino,0-99 min
7951,L,300.8,311.6,1568,36,23,0,teste,0-99 min
7952,M,300.9,311.8,1843,24.5,25,0,treino,0-99 min
7953,M,300.9,311.9,1480,40.9,28,0,treino,0-99 min
7954,L,301,312,1447,36.8,31,0,validacao,0-99 min
7955,L,301,311.9,1454,41.9,33,0,treino,0-99 min
7956,M,300.9,311.9,1310,56.1,35,0,treino,0-99 min
7957,H,300.9,311.9,1513,38,38,0,teste,0-99 min
7958,H,300.9,311.9,2140,16.5,43,0,treino,0-99 min
7959,L,301,312.1,1377,49.9,48,0,treino,0-99 min
7960,L,301,312.1,1585,32.3,50,0,validacao,0-99 min
7961,H,301.1,312.2,1491,42.6,52,0,treino,0-99 min
7962,L,301,312.2,1264,59,57,0,treino,0-99 min
7963,L,301,312.2,1372,47,59,0,treino,0-99 min
7964,L,301,312.2,1510,39.9,61,0,treino,0-99 min
7965,L,300.9,312.1,1423,40.2,63,0,validacao,0-99 min
7966,L,301.1,312.3,1464,35.3,65,0,treino,0-99 min
7967,L,301,312.2,1602,35.9,67,0,teste,0-99 min
7968,M,301,312.2,1629,32.6,69,0,teste,0-99 min
7969,L,300.9,312.2,1811,23.2,72,0,treino,0-99 min
7970,L,300.9,312.1,1711,28.8,74,0,treino,0-99 min
7971,M,300.9,312.1,1297,48.6,76,0,treino,0-99 min
7972,L,301,312.1,1405,46.1,79,0,treino,0-99 min
7973,L,301.1,312.2,1397,54.9,81,0,teste,0-99 min
7974,L,301.1,312.3,1682,29.7,83,0,teste,0-99 min
7975,L,301.2,312.3,1528,38.4,85,0,treino,0-99 min
7976,M,301.2,312.3,1548,38.3,87,0,treino,0-99 min
7977,H,301.2,312.4,1395,47.8,90,0,treino,0-99 min
7978,L,301.2,312.4,1378,59,95,0,treino,0-99 min
7979,L,301.2,312.4,1480,53.5,97,0,teste,0-99 min
7980,M,301.2,312.4,1428,36.6,99,0,treino,0-99 min
7981,M,301.2,312.4,1505,39.6,102,0,treino,100-199 min
7982,L,301,312.3,1445,36.4,105,0,treino,100-199 min
7983,L,301,312.3,1488,42.6,107,0,teste,100-199 min
7984,L,301,312.2,1601,33,109,0,treino,100-199 min
7985,L,301,312.3,1550,34.9,111,0,treino,100-199 min
7986,L,301,312.2,1540,34.1,113,0,teste,100-199 min
7987,L,301.1,312.3,1587,34.5,115,0,teste,100-199 min
7988,H,301,312.2,1489,40.3,117,0,treino,100-199 min
7989,L,301.1,312.3,1486,34.9,122,0,validacao,100-199 min
7990,L,301.1,312.4,1430,37.9,124,0,treino,100-199 min
7991,M,301.1,312.4,1809,25.1,126,0,treino,100-199 min
7992,L,301.1,312.3,1534,39,129,0,validacao,100-199 min
7993,M,301.1,312.3,1852,25.9,131,0,teste,100-199 min
7994,L,301.1,312.3,1595,31.9,134,0,teste,100-199 min
7995,L,301,312.3,1424,43.5,136,0,treino,100-199 min
7996,L,301,312.2,1776,28.8,138,0,treino,100-199 min
7997,M,301,312.2,1499,41.5,140,0,treino,100-199 min
7998,M,301,312.2,2710,9.7,143,1,teste,100-199 min
7999,L,300.9,312.1,1359,51.7,146,0,treino,100-199 min
8000,M,300.9,312.1,1617,31,148,0,validacao,100-199 min
8001,M,300.8,312,1443,53.3,151,0,treino,100-199 min
8002,L,300.8,312,1374,50.2,154,0,treino,100-199 min
8003,M,300.9,312.1,1851,23,156,0,validacao,100-199 min
8004,M,300.8,312,1274,67.3,159,0,validacao,100-199 min
8005,L,300.9,312,1533,44,162,0,treino,100-199 min
8006,L,300.8,312,1477,37.3,164,0,teste,100-199 min
8007,L,300.9,312.1,1462,46,166,0,validacao,100-199 min
8008,M,301,312.1,1664,28.4,168,0,validacao,100-199 min
8009,L,300.8,311.9,1414,41.1,171,0,validacao,100-199 min
8010,H,300.9,312,2129,17.8,173,0,validacao,100-199 min
8011,L,300.8,311.8,1323,61.1,178,0,treino,100-199 min
8012,L,300.8,311.8,1427,43.3,180,0,validacao,100-199 min
8013,M,300.9,312,1375,56.1,182,0,validacao,100-199 min
8014,M,300.9,312,1402,50.7,185,0,validacao,100-199 min
8015,L,300.9,312,1500,44.2,188,0,teste,100-199 min
8016,M,301,312,1558,37.5,190,0,teste,100-199 min
8017,M,300.9,312,1447,41.4,193,0,treino,100-199 min
8018,L,301,312,1518,39.3,196,0,treino,100-199 min
8019,L,301,311.9,1889,23.5,198,0,treino,100-199 min
8020,L,301,312.1,1675,30.7,200,0,treino,200+ min
8021,H,300.9,312,1720,27.9,202,0,validacao,200+ min
8022,M,301,312,1499,34.6,207,0,teste,200+ min
8023,L,300.9,312,1441,43.8,210,0,validacao,200+ min
8024,H,300.9,312,1397,42.7,212,0,teste,200+ min
8025,L,300.9,312,1493,38.7,217,0,treino,200+ min
8026,M,300.8,312,1422,50.7,219,0,teste,200+ min
8027,L,300.7,311.9,1399,50.2,222,1,treino,200+ min
8028,L,300.6,311.9,1425,44.9,224,0,validacao,200+ min
8029,L,300.6,311.8,1501,44.8,226,0,validacao,200+ min
8030,M,300.6,311.9,1629,35.3,0,0,treino,0-99 min
8031,L,300.6,312,1490,42.2,3,0,teste,0-99 min
8032,L,300.7,312,1550,32.4,5,0,teste,0-99 min
8033,L,300.8,312,1416,46.5,7,0,validacao,0-99 min
8034,L,300.7,311.9,1485,38.8,9,0,treino,0-99 min
8035,L,300.7,311.8,1564,36.8,11,0,treino,0-99 min
8036,L,300.7,311.7,1910,19.7,13,0,teste,0-99 min
8037,L,300.7,311.7,1460,46.1,15,0,treino,0-99 min
8038,L,300.7,311.8,1603,34.1,17,0,treino,0-99 min
8039,L,300.7,311.8,1486,47.3,19,0,treino,0-99 min
8040,L,300.8,311.9,1560,31.8,21,0,validacao,0-99 min
8041,L,300.8,311.9,1498,39.3,23,0,treino,0-99 min
8042,H,300.8,311.9,1431,48.5,25,0,treino,0-99 min
8043,L,300.8,311.9,1486,45.1,30,0,validacao,0-99 min
8044,L,300.7,311.9,1486,35.8,32,0,treino,0-99 min
8045,L,300.7,311.8,1441,38.1,34,0,treino,0-99 min
8046,M,300.7,311.9,1366,55.1,36,0,validacao,0-99 min
8047,L,300.6,311.8,1471,41.4,39,0,treino,0-99 min
8048,L,300.6,311.9,1463,38.2,41,0,validacao,0-99 min
8049,L,300.6,311.9,1413,41.3,43,0,treino,0-99 min
8050,H,300.6,311.9,1604,30.5,45,0,treino,0-99 min
8051,L,300.7,312,1401,51.1,50,0,treino,0-99 min
8052,L,300.6,311.8,1652,27.2,52,0,treino,0-99 min
8053,L,300.5,311.9,1403,45.7,54,0,treino,0-99 min
8054,L,300.5,311.9,1887,21.7,56,0,treino,0-99 min
8055,L,300.4,311.8,1405,47.9,58,0,teste,0-99 min
8056,H,300.2,311.6,1496,41.1,60,0,treino,0-99 min
8057,L,300.1,311.5,1499,43.4,65,0,validacao,0-99 min
8058,L,300.2,311.5,1549,37.2,67,0,treino,0-99 min
8059,L,300.3,311.6,1515,44.9,69,0,treino,0-99 min
8060,L,300.2,311.6,1540,37.7,71,0,treino,0-99 min
8061,H,300.2,311.5,1426,44.3,73,0,treino,0-99 min
8062,M,300.2,311.6,1465,41.4,78,0,treino,0-99 min
8063,M,300.3,311.6,1359,54.1,81,0,teste,0-99 min
8064,M,300.3,311.7,1551,36.4,84,0,treino,0-99 min
8065,L,300.5,311.8,1596,34.8,87,0,validacao,0-99 min
8066,M,300.5,311.9,1670,26.3,89,0,validacao,0-99 min
8067,L,300.4,311.9,1868,21.3,92,0,treino,0-99 min
8068,M,300.6,312,1490,39.8,94,0,treino,0-99 min
8069,M,300.5,311.9,1676,35.2,97,0,validacao,0-99 min
8070,M,300.5,311.9,1875,22.1,100,0,validacao,100-199 min
8071,M,300.5,312,1867,23,103,0,validacao,100-199 min
8072,L,300.5,312,1646,29.5,106,0,treino,100-199 min
8073,H,300.5,312,1375,43.2,108,0,treino,100-199 min
8074,L,300.5,312,1558,36.7,113,0,treino,100-199 min
8075,L,300.4,312,1631,34.9,115,0,validacao,100-199 min
8076,L,300.4,312,1366,43,117,0,treino,100-199 min
8077,L,300.3,311.8,1360,48,119,0,validacao,100-199 min
8078,L,300.3,311.8,1547,39.7,121,0,teste,100-199 min
8079,L,300.3,311.7,1571,31.2,123,0,teste,100-199 min
8080,L,300.2,311.5,1528,36.1,125,0,treino,100-199 min
8081,H,300.2,311.5,1432,43.6,127,0,treino,100-199 min
8082,L,300.2,311.6,1356,53.5,132,0,treino,100-199 min
8083,H,300.1,311.5,1422,46.2,134,0,treino,100-199 min
8084,L,300.1,311.4,1438,42.2,139,0,treino,100-199 min
8085,L,300.2,311.4,1483,44.4,141,0,teste,100-199 min
8086,L,300.2,311.4,1331,49.8,143,0,teste,100-199 min
8087,L,300.2,311.4,1463,37.5,145,0,treino,100-199 min
8088,L,300.1,311.4,1446,40.6,147,0,treino,100-199 min
8089,L,300.1,311.4,1356,45.7,149,0,validacao,100-199 min
8090,L,300.1,311.3,1676,30.3,151,0,treino,100-199 min
8091,L,300.1,311.4,1910,23,153,0,teste,100-199 min
8092,L,300.2,311.6,1375,56.9,155,0,teste,100-199 min
8093,M,300.2,311.6,1513,40.8,157,0,treino,100-199 min
8094,L,300.2,311.6,1511,35.7,160,0,validacao,100-199 min
8095,H,300.2,311.6,1662,28.8,162,0,validacao,100-199 min
8096,L,300.2,311.7,1493,48.3,167,0,treino,100-199 min
8097,M,300.2,311.7,1555,37.4,169,0,treino,100-199 min
8098,L,300.3,311.7,1452,41.5,172,0,validacao,100-199 min
8099,L,300.2,311.6,1500,39,174,0,treino,100-199 min
8100,L,300.2,311.7,1603,30.5,176,0,treino,100-199 min
8101,L,300.3,311.7,1682,27.8,178,0,treino,100-199 min
8102,L,300.3,311.8,1567,37.7,180,0,treino,100-199 min
8103,L,300.3,311.8,1413,46,182,0,treino,100-199 min
8104,M,300.3,311.9,1429,41.6,184,0,treino,100-199 min
8105,L,300.3,311.9,1692,31.5,187,0,validacao,100-199 min
8106,L,300.4,311.9,1476,48.7,189,0,teste,100-199 min
8107,M,300.4,312,1596,30.4,191,0,teste,100-199 min
8108,H,300.3,311.9,1390,49,194,0,teste,100-199 min
8109,M,300.3,311.8,1607,33.7,199,0,treino,100-199 min
8110,L,300.3,311.7,1821,26.3,202,0,treino,200+ min
8111,H,300.3,311.8,2141,18.5,204,0,teste,200+ min
8112,M,300.4,311.8,1553,33.1,209,1,treino,200+ min
8113,M,300.4,311.8,1442,45.1,0,0,teste,0-99 min
8114,L,300.4,311.7,1459,45.6,3,0,treino,0-99 min
8115,H,300.4,311.8,2496,13.5,5,0,treino,0-99 min
8116,L,300.4,311.8,1367,57.2,10,0,teste,0-99 min
8117,L,300.3,311.8,2004,19.6,12,0,treino,0-99 min
8118,L,300.3,311.7,1406,47.5,14,0,treino,0-99 min
8119,L,300.3,311.8,1548,33,16,0,treino,0-99 min
8120,L,300.3,311.7,1333,55.2,18,0,treino,0-99 min
8121,L,300.2,311.6,1767,26.4,20,0,treino,0-99 min
8122,L,300.2,311.6,1827,27,22,0,treino,0-99 min
8123,M,300.2,311.6,1533,46.4,24,0,treino,0-99 min
8124,H,300.2,311.5,1515,36.8,27,0,treino,0-99 min
8125,L,300.2,311.4,1568,41,32,0,treino,0-99 min
8126,L,300.2,311.4,1452,47.8,34,0,treino,0-99 min
8127,L,300.2,311.4,1433,37.9,36,0,validacao,0-99 min
8128,M,300.1,311.3,1650,33.8,38,0,treino,0-99 min
8129,L,300.1,311.4,1629,31.3,41,0,treino,0-99 min
8130,L,300,311.3,1520,39.2,43,0,teste,0-99 min
8131,H,300,311.2,1393,43.1,45,0,validacao,0-99 min
8132,H,299.9,311.2,1364,49.6,50,0,treino,0-99 min
8133,M,299.9,311.3,1389,50,55,0,teste,0-99 min
8134,L,299.8,311.1,1466,46.1,58,0,treino,0-99 min
8135,L,299.7,311.1,1650,32.4,60,0,teste,0-99 min
8136,L,299.6,311,1554,36.3,62,0,teste,0-99 min
8137,M,299.6,310.9,1474,39.7,64,0,validacao,0-99 min
8138,H,299.5,310.8,1600,32.4,67,0,treino,0-99 min
8139,L,299.5,310.8,1356,54.9,72,0,treino,0-99 min
8140,L,299.5,310.8,1571,38.2,74,0,treino,0-99 min
8141,L,299.6,310.9,1658,28,76,0,validacao,0-99 min
8142,L,299.6,310.8,1393,49.9,78,0,treino,0-99 min
8143,M,299.7,311,1448,49.8,80,0,treino,0-99 min
8144,L,299.7,310.9,1477,40.4,83,0,treino,0-99 min
8145,M,299.7,311,1506,42.7,85,0,treino,0-99 min
8146,M,299.7,310.9,1685,32.1,88,0,teste,0-99 min
8147,L,299.6,310.9,1533,31.8,91,0,validacao,0-99 min
8148,L,299.5,310.8,1447,41,93,0,treino,0-99 min
8149,M,299.5,310.7,1488,39.5,95,0,validacao,0-99 min
8150,M,299.6,310.8,1427,50.4,98,0,teste,0-99 min
8151,M,299.5,310.7,1424,41.3,101,0,teste,100-199 min
8152,L,299.5,310.7,1472,40.9,104,0,teste,100-199 min
8153,L,299.5,310.7,1438,45.7,106,0,treino,100-199 min
8154,L,299.6,310.8,1507,42.4,108,0,treino,100-199 min
8155,L,299.6,310.7,1393,52.1,110,0,treino,100-199 min
8156,L,299.5,310.8,1283,52.4,112,0,treino,100-199 min
8157,L,299.6,310.8,1644,30.9,114,0,treino,100-199 min
8158,L,299.6,310.8,1498,46.9,116,0,validacao,100-199 min
8159,L,299.6,310.8,1400,40.8,118,0,treino,100-199 min
8160,H,299.6,310.9,1679,31.2,120,0,treino,100-199 min
8161,M,299.7,311.1,1618,30.3,125,0,teste,100-199 min
8162,H,299.6,311,1714,30.2,128,0,treino,100-199 min
8163,L,299.6,311,1574,35,133,0,teste,100-199 min
8164,L,299.7,311.1,1574,36.4,135,0,validacao,100-199 min
8165,L,299.6,310.9,1472,40.9,137,0,treino,100-199 min
8166,L,299.6,311,1552,33.2,139,0,teste,100-199 min
8167,L,299.7,311.1,1603,31.4,141,0,treino,100-199 min
8168,H,299.7,311.1,1353,47.1,143,0,treino,100-199 min
8169,L,299.7,311.1,1690,30.6,148,0,validacao,100-199 min
8170,M,299.8,311.2,1745,26.3,150,0,teste,100-199 min
8171,L,299.9,311.3,1522,45.7,153,0,treino,100-199 min
8172,H,300,311.4,1641,34.5,155,0,teste,100-199 min
8173,L,299.9,311.4,1596,28.9,160,0,treino,100-199 min
8174,H,299.9,311.4,1497,37,162,0,treino,100-199 min
8175,L,299.9,311.3,1371,52.3,167,0,treino,100-199 min
8176,M,299.9,311.3,1445,41.2,169,0,treino,100-199 min
8177,L,299.8,311.2,1564,40,172,0,validacao,100-199 min
8178,L,299.7,311.1,1439,44.9,174,0,treino,100-199 min
8179,L,299.7,311.2,1352,52.1,176,0,validacao,100-199 min
8180,L,299.8,311.3,1560,35.4,178,0,treino,100-199 min
8181,M,299.7,311.2,1616,42.3,180,0,teste,100-199 min
8182,L,299.7,311.2,1835,23.7,183,0,validacao,100-199 min
8183,M,299.7,311.1,1649,32.7,185,0,treino,100-199 min
8184,L,299.8,311.1,1452,47.3,188,0,treino,100-199 min
8185,L,299.8,311.1,2144,17.7,190,0,treino,100-199 min
8186,L,299.7,311.1,1554,41,192,0,treino,100-199 min
8187,L,299.7,311,1827,25.4,194,0,validacao,100-199 min
8188,L,299.6,310.9,1448,46.3,196,0,treino,100-199 min
8189,M,299.6,310.9,1530,38.8,198,0,validacao,100-199 min
8190,L,299.7,311,1983,21,201,0,validacao,200+ min
8191,M,299.7,310.9,1620,37.2,203,0,treino,200+ min
8192,M,299.6,310.9,1630,29.8,206,0,treino,200+ min
8193,L,299.6,310.9,1229,65.2,209,1,validacao,200+ min
8194,L,299.5,310.8,1873,22.3,211,0,teste,200+ min
8195,L,299.4,310.7,1426,45.7,213,0,teste,200+ min
8196,L,299.4,310.8,1376,53.9,215,1,validacao,200+ min
8197,L,299.4,310.8,1622,33.6,217,0,teste,200+ min
8198,M,299.4,310.7,1492,45.7,219,0,validacao,200+ min
8199,M,299.3,310.7,1374,48.9,222,0,treino,200+ min
8200,L,299.2,310.7,1737,27,225,1,validacao,200+ min
8201,L,299.3,310.8,1426,42.4,0,0,validacao,0-99 min
8202,M,299.3,310.9,1826,25.1,2,0,treino,0-99 min
8203,L,299.3,310.9,1669,32.4,5,0,treino,0-99 min
8204,M,299.4,310.9,1473,40.1,7,0,treino,0-99 min
8205,L,299.4,310.9,1751,27.8,10,0,treino,0-99 min
8206,M,299.4,310.9,1446,47.3,12,0,validacao,0-99 min
8207,L,299.3,310.8,1483,43.5,15,0,teste,0-99 min
8208,L,299.2,310.7,1535,42.6,17,0,treino,0-99 min
8209,L,299.2,310.7,1477,44,19,0,treino,0-99 min
8210,L,299.3,310.8,1391,46.9,21,0,teste,0-99 min
8211,H,299.2,310.7,1636,29.4,23,0,treino,0-99 min
8212,L,299.2,310.6,1675,33.3,28,0,teste,0-99 min
8213,H,299.2,310.5,1329,48.9,30,0,validacao,0-99 min
8214,M,299.2,310.5,1548,33.5,35,0,treino,0-99 min
8215,L,299.2,310.5,1391,45.8,38,0,treino,0-99 min
8216,L,299.1,310.5,1437,43.1,40,0,validacao,0-99 min
8217,L,299.2,310.6,1370,61.9,42,0,treino,0-99 min
8218,L,299.1,310.6,1577,37.1,44,0,treino,0-99 min
8219,L,299.1,310.5,1485,37.8,46,0,treino,0-99 min
8220,L,299,310.4,1504,34.3,48,0,treino,0-99 min
8221,M,298.9,310.3,1551,35.2,50,0,validacao,0-99 min
8222,M,299.1,310.5,1428,43,53,0,teste,0-99 min
8223,L,299,310.5,1755,27.9,56,0,validacao,0-99 min
8224,L,299.1,310.5,1329,54.9,58,0,treino,0-99 min
8225,L,299.1,310.5,1496,35.2,60,0,treino,0-99 min
8226,L,299.1,310.5,1532,36.6,62,0,treino,0-99 min
8227,L,299.1,310.5,1389,61.4,64,0,treino,0-99 min
8228,M,299.1,310.4,1524,51.4,66,0,validacao,0-99 min
8229,M,299.1,310.4,1422,49.3,69,0,treino,0-99 min
8230,L,299.1,310.5,1739,27.4,72,0,validacao,0-99 min
8231,L,299.1,310.5,1736,26.9,74,0,validacao,0-99 min
8232,L,299.1,310.5,1419,48.8,76,0,treino,0-99 min
8233,L,299.1,310.6,1326,49.7,78,0,treino,0-99 min
8234,M,299.1,310.6,1449,43.2,80,0,treino,0-99 min
8235,L,299.2,310.6,1534,39.7,83,0,treino,0-99 min
8236,M,299.2,310.6,1443,50.9,85,0,treino,0-99 min
8237,L,299.2,310.6,1498,41.1,88,0,treino,0-99 min
8238,L,299.1,310.6,1796,26,90,0,treino,0-99 min
8239,L,299.1,310.4,1519,45.3,92,0,validacao,0-99 min
8240,L,299,310.4,1339,49.6,94,0,treino,0-99 min
8241,L,299,310.4,1483,41.5,96,0,validacao,0-99 min
8242,M,298.9,310.2,2099,20,98,0,treino,0-99 min
8243,M,299,310.3,1689,29.7,101,0,treino,100-199 min
8244,H,299.1,310.4,1369,54.5,104,0,validacao,100-199 min
8245,L,299,310.4,1512,38.8,109,0,teste,100-199 min
8246,M,299,310.3,1303,68.6,111,1,teste,100-199 min
8247,L,299,310.3,1552,39.9,114,0,validacao,100-199 min
8248,L,299,310.4,1713,28,116,0,teste,100-199 min
8249,L,298.9,310.3,1456,44.1,118,0,treino,100-199 min
8250,L,299,310.4,1524,39.8,120,0,teste,100-199 min
8251,M,299,310.4,1394,45.2,122,0,teste,100-199 min
8252,L,299,310.4,1981,21.2,125,0,treino,100-199 min
8253,L,299,310.4,1565,36.1,127,0,treino,100-199 min
8254,L,299.1,310.4,1657,31,129,0,treino,100-199 min
8255,M,299,310.4,1625,37.1,131,0,treino,100-199 min
8256,L,299,310.4,1606,31.1,134,0,treino,100-199 min
8257,H,299,310.5,1336,56.8,136,0,treino,100-199 min
8258,M,299,310.6,1587,34.2,141,0,treino,100-199 min
8259,L,299.1,310.6,1602,39.7,144,0,treino,100-199 min
8260,L,299.1,310.5,1471,38.4,146,0,treino,100-199 min
8261,H,299.1,310.6,1332,48,148,0,treino,100-199 min
8262,H,299.2,310.6,1434,48.4,153,0,treino,100-199 min
8263,L,299.1,310.6,1921,23.9,158,0,teste,100-199 min
8264,H,299.2,310.6,1704,30.6,160,0,treino,100-199 min
8265,M,299.1,310.6,1397,49.5,165,0,validacao,100-199 min
8266,H,299.1,310.6,1791,28,168,0,treino,100-199 min
8267,L,299.1,310.6,1818,24.1,173,0,validacao,100-199 min
8268,L,299.2,310.7,1540,36.3,175,0,treino,100-199 min
8269,M,299.2,310.8,1502,39.8,177,0,treino,100-199 min
8270,H,299.2,310.8,1761,30.4,180,0,teste,100-199 min
8271,M,299.1,310.8,1517,38.4,185,0,treino,100-199 min
8272,L,299.1,310.7,1309,51.1,188,0,treino,100-199 min
8273,L,298.9,310.6,1363,52.6,190,0,treino,100-199 min
8274,M,299,310.6,1787,22.2,192,0,treino,100-199 min
8275,L,298.9,310.5,1640,29.2,195,0,treino,100-199 min
8276,M,298.9,310.6,1720,25.3,197,0,treino,100-199 min
8277,L,298.8,310.5,1384,52.8,200,0,teste,200+ min
8278,H,298.8,310.5,1294,55.8,202,0,treino,200+ min
8279,L,298.8,310.5,1464,46.4,207,0,validacao,200+ min
8280,L,298.8,310.6,1803,25.4,209,0,teste,200+ min
8281,L,298.8,310.6,1602,39.1,211,0,validacao,200+ min
8282,H,298.9,310.6,1519,38.8,213,0,validacao,200+ min
8283,M,298.9,310.7,1638,33.6,218,0,treino,200+ min
8284,H,298.9,310.6,1615,33,221,0,treino,200+ min
8285,L,298.8,310.6,1651,33.3,0,0,treino,0-99 min
8286,L,298.9,310.6,1387,52.7,2,0,teste,0-99 min
8287,M,298.8,310.5,1678,32.8,4,0,teste,0-99 min
8288,L,298.9,310.6,1585,38.1,7,0,treino,0-99 min
8289,M,298.8,310.6,1640,33.8,9,0,teste,0-99 min
8290,L,298.9,310.6,1406,43.8,12,0,validacao,0-99 min
8291,M,298.9,310.6,1679,35.8,14,0,teste,0-99 min
8292,L,298.9,310.5,1717,26.9,17,0,treino,0-99 min
8293,H,298.9,310.5,1429,39.9,19,0,treino,0-99 min
8294,M,298.9,310.4,1533,44.4,24,0,teste,0-99 min
8295,M,298.9,310.5,1525,38.5,27,0,treino,0-99 min
8296,L,298.9,310.4,1739,26.3,30,0,teste,0-99 min
8297,L,298.9,310.3,1436,39,32,0,treino,0-99 min
8298,M,298.8,310.2,1595,33.1,34,0,treino,0-99 min
8299,H,298.7,310.1,1435,45.6,37,0,teste,0-99 min
8300,L,298.7,310,1637,31.8,42,0,treino,0-99 min
8301,L,298.7,310.1,1558,37.6,44,0,teste,0-99 min
8302,M,298.7,310.1,1644,34.1,46,0,treino,0-99 min
8303,L,298.7,310.1,1641,31.1,49,0,teste,0-99 min
8304,L,298.8,310.2,1504,41,51,0,treino,0-99 min
8305,M,298.7,310.1,1506,50.7,53,0,validacao,0-99 min
8306,H,298.8,310.1,1380,44,56,0,validacao,0-99 min
8307,M,298.7,310.1,1549,42.5,61,0,treino,0-99 min
8308,M,298.7,310.1,1402,69.7,64,1,teste,0-99 min
8309,L,298.7,310.1,1401,45.3,67,0,treino,0-99 min
8310,M,298.7,310,1459,40.2,69,0,teste,0-99 min
8311,L,298.7,309.9,1465,39.7,72,0,treino,0-99 min
8312,M,298.8,310,1295,52.7,74,0,teste,0-99 min
8313,M,298.8,310,1529,38.5,77,0,treino,0-99 min
8314,M,298.8,310,1484,44.9,80,0,teste,0-99 min
8315,L,298.8,309.9,1739,30.6,83,0,teste,0-99 min
8316,H,298.7,309.8,1422,40.7,85,0,treino,0-99 min
8317,L,298.8,309.8,1463,40,90,0,treino,0-99 min
8318,L,298.7,309.7,1667,30.4,92,0,teste,0-99 min
8319,H,298.7,309.7,1565,39.3,94,0,treino,0-99 min
8320,L,298.7,309.7,1393,45.7,99,0,treino,0-99 min
8321,M,298.8,309.7,1453,47.7,101,0,teste,100-199 min
8322,L,298.8,309.6,1442,50,104,0,treino,100-199 min
8323,L,298.7,309.6,1364,44.9,106,0,treino,100-199 min
8324,H,298.7,309.5,1453,40.4,108,0,validacao,100-199 min
8325,M,298.7,309.5,1394,46,113,0,teste,100-199 min
8326,M,298.7,309.5,1500,38.8,116,0,treino,100-199 min
8327,H,298.6,309.5,1523,34.2,119,0,treino,100-199 min
8328,M,298.7,309.6,1254,57.1,124,0,treino,100-199 min
8329,L,298.6,309.5,1325,52.2,127,0,treino,100-199 min
8330,L,298.8,309.7,1424,49.6,129,0,treino,100-199 min
8331,L,298.8,309.7,1505,39,131,0,treino,100-199 min
8332,M,298.8,309.7,1392,48.7,133,0,treino,100-199 min
8333,L,298.8,309.7,1529,44,136,0,validacao,100-199 min
8334,M,298.8,309.7,1477,48.5,138,0,treino,100-199 min
8335,M,298.8,309.7,1459,47.3,141,0,treino,100-199 min
8336,M,299,309.8,2240,15.9,144,0,treino,100-199 min
8337,L,298.9,309.7,1449,48.8,147,0,treino,100-199 min
8338,M,298.8,309.7,1589,35.3,149,0,treino,100-199 min
8339,L,298.8,309.7,1740,28.5,152,0,treino,100-199 min
8340,M,298.8,309.7,1499,40.3,154,0,teste,100-199 min
8341,M,298.8,309.7,1480,38.1,157,0,treino,100-199 min
8342,L,298.8,309.7,1751,29.6,160,0,treino,100-199 min
8343,L,298.7,309.7,1510,40.6,162,0,treino,100-199 min
8344,H,298.8,309.8,1437,48.2,164,0,treino,100-199 min
8345,L,298.8,309.7,1609,40.4,169,0,treino,100-199 min
8346,H,298.8,309.8,1490,35.9,171,0,teste,100-199 min
8347,L,298.7,309.7,1601,35.7,176,0,treino,100-199 min
8348,L,298.7,309.6,1665,31.1,178,0,treino,100-199 min
8349,M,298.7,309.6,1452,42.7,180,0,teste,100-199 min
8350,M,298.7,309.5,1487,33.6,183,0,treino,100-199 min
8351,M,298.7,309.6,1382,48.1,186,0,treino,100-199 min
8352,M,298.7,309.6,1686,26.2,189,0,teste,100-199 min
8353,L,298.6,309.6,1491,36.9,192,0,treino,100-199 min
8354,L,298.7,309.6,1442,55.6,194,0,treino,100-199 min
8355,L,298.6,309.6,1390,50.3,196,0,treino,100-199 min
8356,L,298.7,309.6,1502,46.7,198,0,validacao,100-199 min
8357,M,298.6,309.6,1344,59.4,200,0,validacao,200+ min
8358,L,298.5,309.5,1385,46.3,203,1,validacao,200+ min
8359,L,298.7,309.7,1547,37.4,0,0,teste,0-99 min
8360,M,298.6,309.6,1525,42.4,2,0,validacao,0-99 min
8361,L,298.6,309.6,1540,35.8,5,0,treino,0-99 min
8362,L,298.6,309.5,1450,44.3,7,0,teste,0-99 min
8363,L,298.6,309.6,1353,62.5,9,0,treino,0-99 min
8364,L,298.8,309.7,1582,45,11,0,treino,0-99 min
8365,L,298.9,309.8,1396,49,13,0,teste,0-99 min
8366,M,298.8,309.8,1551,36.6,15,0,validacao,0-99 min
8367,M,298.9,309.8,1836,22.8,18,0,teste,0-99 min
8368,L,298.9,309.8,1390,49.9,21,0,validacao,0-99 min
8369,L,298.9,309.8,1534,42.1,23,0,treino,0-99 min
8370,L,298.8,309.7,1953,20.6,25,0,validacao,0-99 min
8371,L,298.8,309.8,1634,33.6,27,0,treino,0-99 min
8372,L,298.7,309.7,1881,21.7,29,0,teste,0-99 min
8373,M,298.8,309.7,1448,44.8,31,0,treino,0-99 min
8374,M,298.7,309.7,1362,50.5,34,0,treino,0-99 min
8375,L,298.8,309.7,1225,63.4,37,0,validacao,0-99 min
8376,M,298.8,309.6,1384,48.2,39,0,treino,0-99 min
8377,L,298.8,309.8,1334,49.3,42,0,treino,0-99 min
8378,L,298.8,309.7,1336,50.3,44,0,validacao,0-99 min
8379,M,298.8,309.9,1331,61.6,46,0,teste,0-99 min
8380,L,298.8,309.9,1629,31.9,49,0,validacao,0-99 min
8381,L,298.9,310,1776,25.7,51,0,treino,0-99 min
8382,H,298.8,310,1530,38.3,53,0,teste,0-99 min
8383,L,298.9,310,1719,27.3,58,0,treino,0-99 min
8384,M,298.8,309.9,1495,35.2,60,0,validacao,0-99 min
8385,L,298.8,309.7,1450,43.1,63,0,validacao,0-99 min
8386,H,298.8,309.8,1563,38.8,65,0,treino,0-99 min
8387,M,298.9,309.9,1501,37.1,70,0,treino,0-99 min
8388,L,298.8,309.9,1351,47.2,73,0,treino,0-99 min
8389,L,298.9,309.9,1365,46.5,75,0,treino,0-99 min
8390,L,298.8,309.9,1525,39.7,77,0,teste,0-99 min
8391,M,298.8,309.8,1288,61.9,79,0,teste,0-99 min
8392,L,298.6,309.6,1423,42.7,82,0,validacao,0-99 min
8393,M,298.5,309.6,1502,39.4,84,0,treino,0-99 min
8394,L,298.5,309.5,1428,43.5,87,0,treino,0-99 min
8395,M,298.6,309.5,1566,38.1,89,0,treino,0-99 min
8396,M,298.5,309.5,1483,44.8,92,0,treino,0-99 min
8397,H,298.6,309.6,1593,33.3,95,0,treino,0-99 min
8398,L,298.5,309.6,1724,26.4,100,0,treino,100-199 min
8399,L,298.5,309.7,2617,12.1,102,1,validacao,100-199 min
8400,L,298.6,309.7,1294,59.4,104,0,treino,100-199 min
8401,L,298.6,309.6,1533,40.7,106,0,treino,100-199 min
8402,H,298.5,309.4,1671,31.8,108,0,treino,100-199 min
8403,L,298.5,309.5,1370,52.4,113,0,treino,100-199 min
8404,L,298.5,309.6,1462,45.1,115,0,treino,100-199 min
8405,L,298.4,309.5,1545,36.6,117,0,treino,100-199 min
8406,M,298.4,309.5,1484,41.7,119,0,teste,100-199 min
8407,M,298.4,309.5,1344,45.3,122,0,treino,100-199 min
8408,L,298.4,309.5,1357,50.1,125,0,treino,100-199 min
8409,M,298.5,309.6,1572,33,127,0,treino,100-199 min
8410,L,298.5,309.6,1861,26.9,130,0,treino,100-199 min
8411,L,298.5,309.5,1548,44.5,132,0,treino,100-199 min
8412,L,298.6,309.8,1496,37.7,134,0,validacao,100-199 min
8413,M,298.6,309.7,1314,49.7,136,0,treino,100-199 min
8414,M,298.6,309.7,1422,49.7,139,0,treino,100-199 min
8415,L,298.6,309.8,1842,20.1,142,0,validacao,100-199 min
8416,M,298.7,309.9,1434,53,144,0,validacao,100-199 min
8417,M,298.8,310.1,1585,31.3,147,0,treino,100-199 min
8418,H,298.8,310.1,1704,30.7,150,0,treino,100-199 min
8419,L,298.9,310.2,1971,23.2,155,0,treino,100-199 min
8420,L,299,310.3,1431,39.9,157,0,teste,100-199 min
8421,L,298.9,310.4,1546,37.7,159,0,treino,100-199 min
8422,L,298.9,310.3,1496,36.3,161,0,treino,100-199 min
8423,H,298.9,310.3,1243,63,163,0,treino,100-199 min
8424,L,299,310.4,1452,46.2,168,0,validacao,100-199 min
8425,L,299.1,310.6,1380,44.7,170,0,treino,100-199 min
8426,L,299.2,310.6,1567,38.4,172,0,validacao,100-199 min
8427,L,299.1,310.5,1628,35.9,174,0,teste,100-199 min
8428,L,299.1,310.4,1505,46.1,176,0,validacao,100-199 min
8429,M,299,310.3,1827,28,178,0,treino,100-199 min
8430,L,299,310.3,1577,40,181,0,teste,100-199 min
8431,L,298.9,310.2,1304,57.2,183,0,treino,100-199 min
8432,H,298.9,310.1,1324,54.6,185,0,treino,100-199 min
8433,L,298.8,310,1537,39.9,190,0,treino,100-199 min
8434,M,298.8,310.1,1501,48.7,192,0,treino,100-199 min
8435,M,298.7,309.9,1654,29.1,195,0,treino,100-199 min
8436,M,298.7,310,1519,38.1,198,0,treino,100-199 min
8437,L,298.7,309.9,1371,51.3,201,0,validacao,200+ min
8438,L,298.7,309.8,1181,65.9,203,1,validacao,200+ min
8439,L,298.6,309.8,1469,42.8,205,0,treino,200+ min
8440,L,298.6,309.8,1637,34.6,207,0,treino,200+ min
8441,L,298.6,309.8,1370,56,0,0,teste,0-99 min
8442,L,298.6,309.9,1630,30.6,2,0,validacao,0-99 min
8443,L,298.6,310,1517,39,4,0,validacao,0-99 min
8444,M,298.6,309.9,1668,32.3,6,0,treino,0-99 min
8445,M,298.6,309.9,1818,24.9,9,0,treino,0-99 min
8446,M,298.6,310,1541,36.9,12,0,teste,0-99 min
8447,L,298.5,309.9,1482,42.1,15,0,treino,0-99 min
8448,L,298.6,310.1,1439,49.9,17,0,teste,0-99 min
8449,L,298.5,310,1492,41.2,19,0,treino,0-99 min
8450,L,298.4,309.9,1725,27.8,21,0,treino,0-99 min
8451,L,298.4,310,1559,44.2,23,0,treino,0-99 min
8452,L,298.5,310,1435,42.5,25,0,treino,0-99 min
8453,M,298.6,310,1512,37.5,27,0,validacao,0-99 min
8454,L,298.6,309.9,1564,37.1,30,0,treino,0-99 min
8455,L,298.6,310,1522,40.3,32,0,treino,0-99 min
8456,L,298.6,309.9,1356,59.5,34,0,treino,0-99 min
8457,L,298.6,309.9,1556,38.6,36,0,validacao,0-99 min
8458,L,298.6,309.9,1393,45.5,38,0,treino,0-99 min
8459,L,298.7,309.9,1753,26.8,40,0,treino,0-99 min
8460,L,298.7,309.9,1651,29.5,42,0,treino,0-99 min
8461,L,298.7,309.9,1372,54.7,44,0,teste,0-99 min
8462,L,298.7,309.9,1446,43.3,46,0,treino,0-99 min
8463,M,298.7,309.8,1501,44.7,48,0,teste,0-99 min
8464,M,298.7,309.9,1411,45.1,51,0,treino,0-99 min
8465,H,298.6,309.7,1672,27.5,54,0,teste,0-99 min
8466,M,298.7,309.8,1475,40.5,59,0,teste,0-99 min
8467,L,298.7,309.8,1469,38.4,62,0,treino,0-99 min
8468,L,298.6,309.8,1704,28.3,64,0,treino,0-99 min
8469,H,298.6,309.7,1463,39.1,66,0,treino,0-99 min
8470,M,298.6,309.7,1280,64.1,71,0,teste,0-99 min
8471,L,298.7,309.9,1464,38,74,0,treino,0-99 min
8472,L,298.6,309.8,1332,46.4,76,0,validacao,0-99 min
8473,L,298.5,309.7,1634,37.8,78,0,teste,0-99 min
8474,M,298.6,309.8,1430,43.1,80,0,treino,0-99 min
8475,M,298.5,309.7,1523,44.6,83,0,teste,0-99 min
8476,M,298.5,309.7,1557,37.7,86,0,treino,0-99 min
8477,L,298.5,309.6,1585,32.2,89,0,treino,0-99 min
8478,H,298.5,309.6,1579,33.5,91,0,validacao,0-99 min
8479,M,298.5,309.7,1354,60.8,96,0,validacao,0-99 min
8480,L,298.6,309.7,1627,33.4,99,0,treino,0-99 min
8481,L,298.4,309.6,1477,35.6,101,0,treino,100-199 min
8482,M,298.3,309.4,1595,29,103,0,treino,100-199 min
8483,L,298.4,309.5,1520,38.1,106,0,teste,100-199 min
8484,L,298.3,309.4,1618,31.5,108,0,teste,100-199 min
8485,L,298.4,309.5,1397,50.3,110,0,treino,100-199 min
8486,L,298.4,309.5,1450,47.9,112,0,teste,100-199 min
8487,M,298.5,309.5,1501,40.2,114,0,treino,100-199 min
8488,L,298.4,309.4,1392,50.1,117,0,treino,100-199 min
8489,L,298.4,309.4,1385,43.2,119,0,teste,100-199 min
8490,L,298.4,309.4,1461,46.3,121,0,validacao,100-199 min
8491,M,298.5,309.6,1364,58.7,123,0,treino,100-199 min
8492,L,298.5,309.5,1579,38.6,126,0,treino,100-199 min
8493,M,298.4,309.5,1514,38.8,128,0,treino,100-199 min
8494,M,298.3,309.5,1560,36.9,131,0,validacao,100-199 min
8495,L,298.3,309.5,1542,36.7,134,0,treino,100-199 min
8496,L,298.3,309.4,1668,27.1,136,0,treino,100-199 min
8497,M,298.3,309.4,1816,22.6,138,0,treino,100-199 min
8498,M,298.3,309.4,1509,34.2,141,0,treino,100-199 min
8499,L,298.4,309.6,1479,37.8,144,0,treino,100-199 min
8500,L,298.4,309.6,1655,30.2,146,0,treino,100-199 min
8501,L,298.3,309.5,1711,30.3,148,0,teste,100-199 min
8502,L,298.4,309.7,1581,34.6,150,0,treino,100-199 min
8503,H,298.6,309.8,1279,55.9,152,0,treino,100-199 min
8504,L,298.5,309.8,1468,40.9,157,0,treino,100-199 min
8505,L,298.4,309.7,1419,41.3,159,0,teste,100-199 min
8506,L,298.4,309.7,1530,38.6,161,0,teste,100-199 min
8507,L,298.4,309.6,1710,27.3,163,1,teste,100-199 min
8508,L,298.4,309.7,1518,39.8,165,0,validacao,100-199 min
8509,M,298.4,309.7,1679,33.3,167,0,validacao,100-199 min
8510,M,298.4,309.7,1870,22.5,170,0,treino,100-199 min
8511,L,298.3,309.7,1484,44.3,173,0,treino,100-199 min
8512,L,298.4,309.7,1457,44.2,175,0,validacao,100-199 min
8513,H,298.3,309.6,1546,36.2,177,0,treino,100-199 min
8514,M,298.2,309.5,1478,36.5,182,0,teste,100-199 min
8515,L,298.2,309.4,1447,47.1,185,0,validacao,100-199 min
8516,L,298.2,309.4,1443,45.4,187,0,treino,100-199 min
8517,L,298.3,309.6,1527,30.9,189,0,treino,100-199 min
8518,M,298.3,309.6,1469,54.8,191,0,treino,100-199 min
8519,M,298.3,309.6,1681,27.1,194,0,validacao,100-199 min
8520,L,298.3,309.6,1420,44.1,197,0,teste,100-199 min
8521,M,298.3,309.5,1543,49.9,199,0,teste,100-199 min
8522,L,298.4,309.5,1376,50.4,202,0,treino,200+ min
8523,H,298.3,309.4,1631,29.8,0,0,validacao,0-99 min
8524,H,298.3,309.3,1529,41.7,5,0,validacao,0-99 min
8525,L,298.3,309.4,1468,46.2,10,0,teste,0-99 min
8526,L,298.3,309.4,1378,52.3,12,0,teste,0-99 min
8527,L,298.3,309.3,1401,51.9,14,0,treino,0-99 min
8528,L,298.4,309.3,1531,37.4,16,0,validacao,0-99 min
8529,L,298.4,309.3,1512,35.8,18,0,treino,0-99 min
8530,M,298.5,309.4,1522,47.4,20,0,treino,0-99 min
8531,M,298.5,309.3,1615,31.8,23,0,treino,0-99 min
8532,L,298.6,309.3,1449,46.5,26,0,teste,0-99 min
8533,L,298.6,309.4,1315,55.5,28,0,treino,0-99 min
8534,M,298.6,309.4,1465,41.1,30,0,teste,0-99 min
8535,M,298.6,309.5,1404,43.3,33,0,treino,0-99 min
8536,L,298.6,309.5,1547,44.8,36,0,treino,0-99 min
8537,M,298.6,309.5,1426,45.4,38,0,teste,0-99 min
8538,L,298.6,309.5,1730,30.2,41,0,teste,0-99 min
8539,L,298.5,309.4,1548,37.7,43,0,validacao,0-99 min
8540,L,298.5,309.4,1517,40.2,45,0,teste,0-99 min
8541,L,298.6,309.5,1687,29.3,47,0,treino,0-99 min
8542,L,298.5,309.5,1738,25.2,49,0,teste,0-99 min
8543,H,298.4,309.4,1512,35.3,51,0,treino,0-99 min
8544,M,298.5,309.4,1365,48.7,56,0,teste,0-99 min
8545,H,298.5,309.4,2011,21,59,0,treino,0-99 min
8546,L,298.4,309.3,1806,27.6,64,0,treino,0-99 min
8547,L,298.4,309.3,1716,28.4,66,0,treino,0-99 min
8548,M,298.4,309.4,1666,24.3,68,0,validacao,0-99 min
8549,L,298.5,309.4,1578,36.3,71,0,treino,0-99 min
8550,L,298.3,309.3,1558,37.2,73,0,teste,0-99 min
8551,L,298.3,309.2,1456,45.5,75,0,treino,0-99 min
8552,M,298.2,309.1,1457,49,77,0,treino,0-99 min
8553,L,298.2,309.1,1467,44.5,80,0,treino,0-99 min
8554,M,298.1,309,1661,38.2,82,0,treino,0-99 min
8555,L,298.1,309,1592,33.9,85,0,treino,0-99 min
8556,L,298.2,309,1596,37.2,87,0,treino,0-99 min
8557,L,298.2,309,1489,40.6,89,0,teste,0-99 min
8558,L,298.3,309,1471,48.3,91,0,treino,0-99 min
8559,M,298.3,309,1505,41.3,93,0,treino,0-99 min
8560,L,298.3,309,1519,40,96,0,treino,0-99 min
8561,L,298.3,309,1408,45.4,98,0,validacao,0-99 min
8562,L,298.2,308.9,1332,44.4,100,0,validacao,100-199 min
8563,L,298.1,308.9,1351,52.4,102,0,treino,100-199 min
8564,L,298,308.9,1500,36.7,104,0,validacao,100-199 min
8565,M,298,308.7,1614,30.7,106,0,treino,100-199 min
8566,L,298,308.8,1489,36.5,109,0,validacao,100-199 min
8567,M,297.9,308.7,1751,26.6,111,0,treino,100-199 min
8568,L,298,308.7,1511,45.8,114,0,treino,100-199 min
8569,L,297.9,308.6,1691,29.6,116,0,treino,100-199 min
8570,L,297.9,308.6,1757,27.5,118,0,teste,100-199 min
8571,H,297.9,308.7,1545,35.9,120,0,teste,100-199 min
8572,L,297.9,308.6,2262,15.7,125,0,treino,100-199 min
8573,M,297.7,308.5,1559,35.2,127,0,treino,100-199 min
8574,L,297.6,308.4,1626,32.4,130,0,validacao,100-199 min
8575,L,297.6,308.3,1424,53.9,132,0,treino,100-199 min
8576,M,297.6,308.3,1648,29.1,134,0,treino,100-199 min
8577,L,297.6,308.3,1523,39.5,137,0,treino,100-199 min
8578,L,297.6,308.3,1502,43.2,139,0,treino,100-199 min
8579,L,297.5,308.2,1489,40.7,141,0,validacao,100-199 min
8580,M,297.4,308.1,1620,31.2,143,0,treino,100-199 min
8581,L,297.5,308.1,1631,30.6,146,0,validacao,100-199 min
8582,M,297.5,308,1429,45.8,148,0,treino,100-199 min
8583,M,297.5,308.1,1334,72,151,1,teste,100-199 min
8584,L,297.4,308,1423,38,154,0,teste,100-199 min
8585,L,297.4,307.9,1390,47.7,156,0,treino,100-199 min
8586,M,297.4,307.9,1338,48.5,158,0,validacao,100-199 min
8587,H,297.3,307.9,1461,37.5,161,0,validacao,100-199 min
8588,M,297.4,307.9,1627,34.3,166,0,treino,100-199 min
8589,L,297.3,307.8,1385,44.4,169,0,treino,100-199 min
8590,M,297.3,307.8,1538,48,171,0,treino,100-199 min
8591,L,297.4,307.9,1557,35.5,174,0,treino,100-199 min
8592,L,297.4,307.9,1606,33.4,176,0,treino,100-199 min
8593,M,297.5,308,1430,44.5,178,0,validacao,100-199 min
8594,M,297.4,308,1601,34.6,181,0,validacao,100-199 min
8595,L,297.4,308,1356,51.9,184,0,treino,100-199 min
8596,M,297.5,308.2,1624,30.9,186,0,treino,100-199 min
8597,L,297.5,308.2,1327,56.5,189,0,validacao,100-199 min
8598,L,297.6,308.3,1410,47,191,0,treino,100-199 min
8599,L,297.6,308.3,1478,42.3,193,0,treino,100-199 min
8600,L,297.6,308.4,1460,40.3,195,0,treino,100-199 min
8601,L,297.5,308.3,1435,40.3,197,0,teste,100-199 min
8602,H,297.4,308.2,1359,46.9,199,0,treino,100-199 min
8603,L,297.4,308.1,1729,31.7,204,0,validacao,200+ min
8604,H,297.3,308,1384,49.1,206,0,teste,200+ min
8605,L,297.4,308.2,1297,52.1,211,0,treino,200+ min
8606,L,297.5,308.4,1633,33.3,213,0,treino,200+ min
8607,M,297.5,308.4,1505,37.2,215,0,treino,200+ min
8608,L,297.5,308.4,1433,50,218,0,teste,200+ min
8609,L,297.4,308.4,1369,50.6,220,1,treino,200+ min
8610,L,297.4,308.3,1475,40.5,222,1,validacao,200+ min
8611,L,297.4,308.3,1561,38.3,0,0,validacao,0-99 min
8612,L,297.4,308.3,1472,45.5,2,0,validacao,0-99 min
8613,L,297.5,308.4,1441,44.5,4,0,teste,0-99 min
8614,M,297.5,308.5,1401,50.5,6,0,validacao,0-99 min
8615,L,297.5,308.5,1691,33.1,9,0,treino,0-99 min
8616,L,297.6,308.6,1382,47.1,11,0,treino,0-99 min
8617,L,297.6,308.6,1355,46.4,13,0,treino,0-99 min
8618,L,297.6,308.6,1529,45.3,15,0,validacao,0-99 min
8619,L,297.7,308.7,1829,24.9,17,0,validacao,0-99 min
8620,H,297.6,308.6,1480,39.8,19,0,treino,0-99 min
8621,L,297.6,308.5,1475,42.4,24,0,teste,0-99 min
8622,M,297.6,308.5,1431,52.6,26,0,treino,0-99 min
8623,L,297.5,308.3,1437,42.3,29,0,teste,0-99 min
8624,M,297.5,308.3,1476,45.6,31,0,treino,0-99 min
8625,H,297.5,308.4,1490,39.7,34,0,treino,0-99 min
8626,L,297.4,308.3,1632,33.5,39,0,teste,0-99 min
8627,L,297.4,308.2,1402,49.7,41,0,treino,0-99 min
8628,L,297.4,308.3,1347,45.8,43,0,treino,0-99 min
8629,L,297.5,308.4,1747,31,45,0,treino,0-99 min
8630,H,297.5,308.5,1557,39.1,47,0,treino,0-99 min
8631,L,297.4,308.4,1371,57.4,52,0,validacao,0-99 min
8632,H,297.3,308.3,1506,37,54,0,treino,0-99 min
8633,L,297.3,308.3,1590,35.5,59,0,treino,0-99 min
8634,L,297.4,308.3,1336,53.7,61,0,teste,0-99 min
8635,L,297.3,308.3,1411,43.2,63,0,treino,0-99 min
8636,L,297.4,308.3,1704,27.3,65,0,treino,0-99 min
8637,L,297.5,308.4,1723,27.3,67,0,teste,0-99 min
8638,L,297.5,308.5,1459,39.7,69,0,treino,0-99 min
8639,L,297.6,308.5,1572,35.9,71,0,teste,0-99 min
8640,L,297.5,308.4,1384,56,73,0,treino,0-99 min
8641,L,297.6,308.6,1383,47.5,75,0,treino,0-99 min
8642,M,297.6,308.5,1360,48.6,77,0,treino,0-99 min
8643,M,297.5,308.4,1596,36.6,80,0,teste,0-99 min
8644,L,297.5,308.5,1448,54.3,83,0,validacao,0-99 min
8645,M,297.6,308.5,1443,38.2,85,0,treino,0-99 min
8646,M,297.6,308.6,1492,35.5,88,0,teste,0-99 min
8647,L,297.5,308.6,1497,43.9,91,0,treino,0-99 min
8648,L,297.5,308.5,1530,38.5,93,0,treino,0-99 min
8649,M,297.4,308.4,1478,46.2,95,0,treino,0-99 min
8650,L,297.4,308.4,1328,61.8,98,0,teste,0-99 min
8651,H,297.4,308.3,1771,27.4,100,0,treino,100-199 min
8652,M,297.4,308.4,1564,35,105,0,treino,100-199 min
8653,H,297.3,308.3,1461,41.5,108,0,teste,100-199 min
8654,M,297.4,308.3,1335,57.9,113,0,treino,100-199 min
8655,M,297.4,308.4,1441,46.8,116,0,teste,100-199 min
8656,L,297.3,308.3,1268,60.6,119,0,validacao,100-199 min
8657,M,297.3,308.3,1697,27.4,121,0,validacao,100-199 min
8658,L,297.4,308.4,1421,46,124,0,treino,100-199 min
8659,L,297.4,308.5,1496,36.4,126,0,treino,100-199 min
8660,L,297.5,308.5,1375,55.6,128,0,treino,100-199 min
8661,L,297.4,308.5,1295,52.1,130,0,treino,100-199 min
8662,L,297.4,308.5,1643,33.8,132,0,validacao,100-199 min
8663,L,297.5,308.6,1514,36.9,134,0,treino,100-199 min
8664,L,297.5,308.6,1671,29.4,136,0,validacao,100-199 min
8665,H,297.5,308.6,1355,58.9,138,0,treino,100-199 min
8666,L,297.6,308.7,1365,50.6,143,0,treino,100-199 min
8667,L,297.5,308.7,1407,42.5,145,0,teste,100-199 min
8668,M,297.5,308.8,1455,46.1,147,0,validacao,100-199 min
8669,L,297.5,308.8,1502,45.9,150,0,treino,100-199 min
8670,M,297.5,308.8,1471,52.3,152,0,treino,100-199 min
8671,L,297.5,308.9,1581,30.4,155,0,teste,100-199 min
8672,L,297.5,308.8,1530,37.8,157,0,teste,100-199 min
8673,L,297.5,308.8,1312,50.3,159,0,validacao,100-199 min
8674,L,297.4,308.6,1494,42.6,161,0,validacao,100-199 min
8675,M,297.4,308.6,1528,29.1,163,0,treino,100-199 min
8676,H,297.3,308.6,1688,29.4,166,0,treino,100-199 min
8677,M,297.3,308.5,1520,42.4,171,0,treino,100-199 min
8678,M,297.3,308.5,1664,28.9,174,0,teste,100-199 min
8679,L,297.3,308.5,1514,44.5,177,0,treino,100-199 min
8680,L,297.3,308.5,1456,54.2,179,0,treino,100-199 min
8681,L,297.2,308.5,1494,39.6,181,0,treino,100-199 min
8682,L,297.2,308.4,1605,30,183,0,treino,100-199 min
8683,M,297.2,308.5,1353,46.5,185,0,treino,100-199 min
8684,L,297.2,308.5,1447,47.9,188,0,validacao,100-199 min
8685,L,297.2,308.5,1588,40.4,190,0,treino,100-199 min
8686,H,297.2,308.5,1524,41.4,192,0,treino,100-199 min
8687,M,297.2,308.5,1611,31.6,197,0,validacao,100-199 min
8688,M,297.2,308.5,1604,34.9,200,0,treino,200+ min
8689,L,297.1,308.5,1483,46.9,203,0,teste,200+ min
8690,L,297.1,308.4,1543,39.6,205,0,treino,200+ min
8691,L,297.1,308.5,1323,44.4,207,1,validacao,200+ min
8692,L,297.1,308.5,1555,36.2,0,0,treino,0-99 min
8693,L,297.1,308.4,1583,31.9,2,0,treino,0-99 min
8694,M,297.2,308.5,1584,40,4,0,teste,0-99 min
8695,L,297.2,308.5,1766,25.8,7,0,validacao,0-99 min
8696,M,297.2,308.6,1498,44.4,9,0,treino,0-99 min
8697,L,297.2,308.6,1413,49.8,12,0,validacao,0-99 min
8698,L,297.3,308.6,1505,33.5,14,0,treino,0-99 min
8699,H,297.3,308.7,1438,46.2,16,0,validacao,0-99 min
8700,M,297.3,308.7,1655,34.1,21,0,treino,0-99 min
8701,M,297.3,308.7,1451,43.8,24,0,treino,0-99 min
8702,M,297.3,308.7,1466,38.4,27,0,validacao,0-99 min
8703,L,297.2,308.6,1774,23,30,0,validacao,0-99 min
8704,M,297.2,308.6,1284,51.3,32,0,treino,0-99 min
8705,L,297.1,308.5,1425,40,35,0,teste,0-99 min
8706,L,297.2,308.6,1437,52.4,37,0,treino,0-99 min
8707,L,297.2,308.6,1335,53,39,0,treino,0-99 min
8708,L,297.2,308.5,1471,41.7,41,0,teste,0-99 min
8709,M,297.2,308.5,1364,54,43,0,teste,0-99 min
8710,L,297.1,308.5,1578,35.6,46,0,treino,0-99 min
8711,L,297.1,308.5,1712,32.1,48,0,validacao,0-99 min
8712,L,297.1,308.5,1733,28.7,50,0,validacao,0-99 min
8713,L,297.2,308.6,1652,32.1,52,0,treino,0-99 min
8714,L,297.2,308.6,1917,24.1,54,0,treino,0-99 min
8715,M,297.2,308.6,1444,41.1,56,0,validacao,0-99 min
8716,L,297.1,308.6,1442,37.1,59,0,treino,0-99 min
8717,M,297.1,308.6,1717,31.3,61,0,treino,0-99 min
8718,L,297.1,308.7,1474,42.3,64,0,validacao,0-99 min
8719,L,297.2,308.7,1509,39.3,66,0,treino,0-99 min
8720,L,297.2,308.8,1451,43.1,68,0,validacao,0-99 min
8721,L,297.3,308.8,1554,36.1,70,0,validacao,0-99 min
8722,L,297.2,308.7,1669,30.7,72,0,treino,0-99 min
8723,L,297.2,308.6,1366,50.4,74,0,teste,0-99 min
8724,L,297.2,308.6,1578,34.4,76,0,teste,0-99 min
8725,M,297.2,308.6,1513,39,78,0,treino,0-99 min
8726,M,297.1,308.5,1515,42.1,81,0,treino,0-99 min
8727,L,297.2,308.6,1562,33,84,0,treino,0-99 min
8728,L,297.2,308.7,1501,38.5,86,0,validacao,0-99 min
8729,M,297.2,308.7,1398,38.1,88,0,treino,0-99 min
8730,L,297.3,308.7,1352,53.8,91,0,treino,0-99 min
8731,H,297.3,308.7,1569,33.9,93,0,teste,0-99 min
8732,H,297.2,308.6,1486,46.6,98,0,treino,0-99 min
8733,L,297.2,308.6,1864,23.6,103,0,treino,100-199 min
8734,M,297.3,308.7,1447,44.5,105,0,treino,100-199 min
8735,L,297.2,308.6,1392,41.5,108,0,treino,100-199 min
8736,L,297.3,308.6,1358,47.6,110,0,validacao,100-199 min
8737,L,297.3,308.7,1491,40.2,112,0,validacao,100-199 min
8738,L,297.3,308.7,1556,36.7,114,0,treino,100-199 min
8739,L,297.3,308.7,1531,36.7,116,0,teste,100-199 min
8740,H,297.4,308.7,1429,37.6,118,0,treino,100-199 min
8741,M,297.4,308.8,1573,33.9,123,0,treino,100-199 min
8742,L,297.4,308.8,1538,41.2,126,0,treino,100-199 min
8743,L,297.4,308.8,1467,39,128,0,teste,100-199 min
8744,H,297.4,308.7,1323,51.1,130,0,teste,100-199 min
8745,M,297.4,308.7,1798,23,135,0,teste,100-199 min
8746,L,297.4,308.6,1411,46.3,138,0,treino,100-199 min
8747,L,297.3,308.5,1528,44.5,140,0,treino,100-199 min
8748,L,297.3,308.5,1504,42,142,0,treino,100-199 min
8749,L,297.3,308.5,1384,39.6,144,0,teste,100-199 min
8750,L,297.2,308.4,1677,26.4,146,0,teste,100-199 min
8751,L,297.3,308.5,1764,30.8,148,0,validacao,100-199 min
8752,M,297.4,308.5,1472,42,150,0,teste,100-199 min
8753,M,297.4,308.5,1465,55.9,153,0,treino,100-199 min
8754,M,297.4,308.6,1657,33.1,156,0,treino,100-199 min
8755,L,297.4,308.6,1635,30.5,159,0,treino,100-199 min
8756,M,297.4,308.7,1582,31.9,161,0,treino,100-199 min
8757,L,297.5,308.7,1761,26.2,164,0,validacao,100-199 min
8758,L,297.5,308.8,1587,34.9,166,0,treino,100-199 min
8759,M,297.5,308.7,1446,53,168,0,treino,100-199 min
8760,M,297.5,308.7,1352,53,171,0,teste,100-199 min
8761,M,297.4,308.7,1392,46.4,174,0,teste,100-199 min
8762,L,297.5,308.8,1417,49.8,177,0,validacao,100-199 min
8763,H,297.5,308.8,1824,24,179,0,treino,100-199 min
8764,L,297.5,308.8,1603,36.7,184,0,treino,100-199 min
8765,L,297.4,308.8,1620,33.4,186,0,treino,100-199 min
8766,L,297.4,308.8,1353,49.4,188,0,teste,100-199 min
8767,L,297.5,308.8,1360,50.7,190,0,treino,100-199 min
8768,L,297.5,308.6,1380,53.5,192,0,validacao,100-199 min
8769,M,297.5,308.7,1363,53.6,194,0,treino,100-199 min
8770,M,297.4,308.6,1452,41.2,197,0,treino,100-199 min
8771,L,297.4,308.6,1680,32.8,200,0,treino,200+ min
8772,L,297.5,308.6,1536,39,202,0,treino,200+ min
8773,L,297.5,308.6,1621,28.9,0,0,treino,0-99 min
8774,L,297.5,308.6,1585,37.6,2,0,treino,0-99 min
8775,M,297.6,308.7,1408,51.5,4,0,treino,0-99 min
8776,H,297.5,308.6,1536,38.7,7,0,treino,0-99 min
8777,L,297.5,308.6,1352,52.6,12,0,treino,0-99 min
8778,H,297.5,308.6,1481,38.8,14,0,treino,0-99 min
8779,L,297.5,308.7,1454,45,19,0,treino,0-99 min
8780,M,297.5,308.6,1349,51.5,21,0,validacao,0-99 min
8781,M,297.5,308.6,1327,52.1,24,0,treino,0-99 min
8782,L,297.6,308.7,1552,42.3,27,0,treino,0-99 min
8783,L,297.5,308.7,1456,44.7,29,0,treino,0-99 min
8784,M,297.6,308.6,1254,45.8,31,0,validacao,0-99 min
8785,L,297.5,308.6,1437,43.3,34,0,validacao,0-99 min
8786,L,297.5,308.6,1694,27.1,36,0,treino,0-99 min
8787,L,297.5,308.5,1306,50.7,38,0,treino,0-99 min
8788,M,297.5,308.5,1699,30.1,40,0,teste,0-99 min
8789,L,297.4,308.5,1369,53.2,43,0,validacao,0-99 min
8790,L,297.4,308.5,1471,43.9,45,0,treino,0-99 min
8791,L,297.4,308.5,1410,43.9,47,0,treino,0-99 min
8792,M,297.4,308.5,1412,45.5,49,0,validacao,0-99 min
8793,L,297.4,308.5,1418,51.2,52,0,teste,0-99 min
8794,L,297.4,308.5,1782,25.9,54,0,validacao,0-99 min
8795,M,297.4,308.5,1497,36.4,56,0,treino,0-99 min
8796,L,297.3,308.4,1459,39.4,59,0,treino,0-99 min
8797,L,297.2,308.3,1796,23.8,61,0,treino,0-99 min
8798,L,297.2,308.3,1569,31.2,63,0,treino,0-99 min
8799,L,297.3,308.4,1469,46.7,65,0,treino,0-99 min
8800,L,297.3,308.4,1472,41.3,67,0,teste,0-99 min
8801,L,297.4,308.5,1475,47.2,69,0,treino,0-99 min
8802,L,297.4,308.6,1488,36.4,71,0,teste,0-99 min
8803,L,297.4,308.6,1524,43.1,73,0,treino,0-99 min
8804,L,297.4,308.5,1486,48.6,75,0,treino,0-99 min
8805,M,297.5,308.6,1255,60.7,77,0,teste,0-99 min
8806,M,297.4,308.6,1469,42.6,80,0,treino,0-99 min
8807,L,297.4,308.5,1692,34.3,83,0,treino,0-99 min
8808,M,297.4,308.6,1604,32.8,85,0,validacao,0-99 min
8809,L,297.4,308.6,1446,48.1,88,0,treino,0-99 min
8810,L,297.3,308.5,1503,43.3,90,0,treino,0-99 min
8811,M,297.3,308.5,1625,32.8,92,0,treino,0-99 min
8812,L,297.2,308.5,1574,35.8,95,0,treino,0-99 min
8813,M,297.2,308.4,1378,41.9,97,0,teste,0-99 min
8814,L,297.1,308.4,1693,29.5,100,0,treino,100-199 min
8815,L,297.2,308.4,1462,51.2,102,0,treino,100-199 min
8816,H,297.3,308.5,1435,55,104,0,treino,100-199 min
8817,M,297.2,308.5,1425,45.8,109,0,treino,100-199 min
8818,H,297.3,308.6,1376,53.5,112,0,treino,100-199 min
8819,M,297.4,308.7,1481,48,117,0,treino,100-199 min
8820,H,297.4,308.7,1349,48.9,120,0,treino,100-199 min
8821,L,297.3,308.7,1551,40,125,0,treino,100-199 min
8822,H,297.4,308.7,1623,33.8,127,0,treino,100-199 min
8823,L,297.4,308.8,1462,49.7,132,0,treino,100-199 min
8824,M,297.3,308.8,1447,57.4,134,0,validacao,100-199 min
8825,M,297.3,308.9,1799,24.5,137,0,treino,100-199 min
8826,M,297.3,308.8,1548,41.3,140,0,treino,100-199 min
8827,M,297.2,308.8,1485,47.9,143,0,teste,100-199 min
8828,L,297.2,308.7,1463,49.9,146,0,teste,100-199 min
8829,L,297.3,308.7,1587,35.8,148,0,treino,100-199 min
8830,M,297.3,308.8,1469,44.1,150,0,validacao,100-199 min
8831,H,297.3,308.7,1430,42.8,153,0,treino,100-199 min
8832,H,297.4,308.7,1726,26.8,158,0,teste,100-199 min
8833,L,297.4,308.8,1651,34.1,163,0,treino,100-199 min
8834,L,297.4,308.8,1529,41.3,165,0,treino,100-199 min
8835,L,297.4,308.8,1473,46.2,167,0,teste,100-199 min
8836,H,297.4,308.8,1324,53.5,169,0,validacao,100-199 min
8837,L,297.4,308.9,1708,28.8,174,0,treino,100-199 min
8838,M,297.5,309.1,1540,38.5,176,0,treino,100-199 min
8839,L,297.5,309,1320,54.7,179,0,teste,100-199 min
8840,M,297.4,308.9,1376,39,181,0,treino,100-199 min
8841,M,297.3,308.7,1542,37,184,0,treino,100-199 min
8842,L,297.3,308.7,1506,39.3,187,0,treino,100-199 min
8843,L,297.3,308.7,1492,43.6,189,0,teste,100-199 min
8844,H,297.3,308.8,1564,38,191,0,treino,100-199 min
8845,H,297.4,308.9,1645,30.8,196,0,teste,100-199 min
8846,M,297.4,308.9,1348,59.1,201,0,validacao,200+ min
8847,M,297.4,308.8,1325,62.4,204,1,teste,200+ min
8848,L,297.5,308.9,1443,43.5,0,0,treino,0-99 min
8849,M,297.5,308.9,1436,44.8,2,0,validacao,0-99 min
8850,L,297.5,308.9,1596,30.7,5,0,teste,0-99 min
8851,L,297.6,309,1491,43.2,7,0,treino,0-99 min
8852,M,297.7,308.9,1573,35.1,9,0,treino,0-99 min
8853,L,297.7,308.9,1575,39.9,12,0,validacao,0-99 min
8854,L,297.7,308.9,1458,41.1,14,0,treino,0-99 min
8855,M,297.7,309,1433,41.8,16,0,treino,0-99 min
8856,L,297.7,308.9,1662,28.1,19,0,treino,0-99 min
8857,M,297.7,308.9,1327,63.7,21,0,validacao,0-99 min
8858,L,297.7,308.9,1742,26.3,24,0,treino,0-99 min
8859,L,297.8,308.9,1506,33.5,26,0,treino,0-99 min
8860,L,297.9,309.1,1457,44.4,28,0,validacao,0-99 min
8861,M,297.9,309.1,1488,37.3,30,0,treino,0-99 min
8862,L,297.9,309.1,1619,34.7,33,0,treino,0-99 min
8863,M,298,309.2,1558,41.7,35,0,validacao,0-99 min
8864,L,298,309.2,1731,28.7,38,0,treino,0-99 min
8865,M,298,309.1,1574,34.8,40,0,treino,0-99 min
8866,L,297.9,309,1290,49.8,43,0,teste,0-99 min
8867,H,297.9,308.9,1416,39.6,45,0,validacao,0-99 min
8868,L,297.9,308.9,1566,41.9,50,0,validacao,0-99 min
8869,L,297.9,309,1456,46.5,52,0,treino,0-99 min
8870,L,297.9,309,1528,37.5,54,0,treino,0-99 min
8871,M,297.9,309.1,1338,49.6,56,0,teste,0-99 min
8872,M,297.9,309.1,1558,39.2,59,0,treino,0-99 min
8873,M,297.9,309.1,1614,38.1,62,0,treino,0-99 min
8874,H,298,309.1,1557,36.4,65,0,treino,0-99 min
8875,L,298.1,309.3,1443,45.3,70,0,treino,0-99 min
8876,H,298.1,309.3,1332,51,72,0,treino,0-99 min
8877,M,298.1,309.3,1752,25.2,77,0,treino,0-99 min
8878,M,298.1,309.2,1460,45.8,80,0,validacao,0-99 min
8879,L,298.1,309.2,1802,26.9,83,0,validacao,0-99 min
8880,L,298,309.2,1527,39.5,85,0,treino,0-99 min
8881,L,298,309.2,1458,39.8,87,0,treino,0-99 min
8882,H,298,309.2,1520,37.9,89,0,validacao,0-99 min
8883,L,298,309.2,1378,49.7,94,0,validacao,0-99 min
8884,M,297.9,309.2,1529,38.1,96,0,teste,0-99 min
8885,L,298,309.2,1527,32.4,99,0,treino,0-99 min
8886,M,298,309.2,1438,42.9,101,0,treino,100-199 min
8887,L,297.9,309,1583,36.7,104,0,validacao,100-199 min
8888,L,297.8,308.9,1530,37.6,106,0,teste,100-199 min
8889,M,297.7,308.9,1530,39.1,108,0,treino,100-199 min
8890,M,297.7,308.8,2089,19.1,111,0,treino,100-199 min
8891,L,297.7,308.8,1616,34.2,114,0,validacao,100-199 min
8892,M,297.7,308.9,1681,28.3,116,0,treino,100-199 min
8893,L,297.6,308.8,1475,43,119,0,treino,100-199 min
8894,L,297.5,308.7,1371,46.5,121,0,teste,100-199 min
8895,M,297.5,308.7,1546,38,123,0,treino,100-199 min
8896,H,297.4,308.6,1461,40.1,126,0,teste,100-199 min
8897,L,297.4,308.7,1638,31.9,131,0,teste,100-199 min
8898,M,297.3,308.7,1577,35.6,133,0,treino,100-199 min
8899,L,297.4,308.6,1532,38.7,136,0,validacao,100-199 min
8900,M,297.3,308.5,1710,27.7,138,0,treino,100-199 min
8901,M,297.3,308.6,1584,29.4,141,0,validacao,100-199 min
8902,L,297.3,308.6,1446,50.1,144,0,teste,100-199 min
8903,H,297.4,308.7,1522,46.3,146,0,treino,100-199 min
8904,M,297.4,308.7,1382,49.9,151,0,treino,100-199 min
8905,L,297.4,308.7,1584,38.2,154,0,treino,100-199 min
8906,L,297.3,308.6,1385,55.2,156,0,treino,100-199 min
8907,L,297.3,308.7,1592,34.4,158,0,treino,100-199 min
8908,M,297.2,308.6,1404,43.7,160,0,treino,100-199 min
8909,L,297.2,308.5,1518,44.3,163,0,teste,100-199 min
8910,L,297.1,308.4,1529,40.4,165,0,treino,100-199 min
8911,L,297.1,308.4,1550,37,167,0,treino,100-199 min
8912,L,297.1,308.3,1773,23.8,169,0,teste,100-199 min
8913,L,297.2,308.5,1446,43.7,171,0,treino,100-199 min
8914,M,297.2,308.5,1487,46.9,173,0,validacao,100-199 min
8915,M,297.3,308.5,1524,49.3,176,0,validacao,100-199 min
8916,L,297.1,308.3,1403,54.1,179,0,treino,100-199 min
8917,L,297.1,308.2,2267,15.7,181,0,treino,100-199 min
8918,M,297.1,308.2,1529,37.9,183,0,treino,100-199 min
8919,L,297.1,308.2,1402,51.2,186,0,treino,100-199 min
8920,L,297.2,308.3,1693,28,188,0,validacao,100-199 min
8921,L,297.1,308.3,1496,45.8,190,0,treino,100-199 min
8922,L,297.1,308.1,1633,33.3,192,0,validacao,100-199 min
8923,L,297.1,308.2,1399,42.6,194,0,treino,100-199 min
8924,M,297,308.1,1363,45.3,196,0,treino,100-199 min
8925,H,297.1,308.2,1527,42.2,199,0,treino,100-199 min
8926,M,297.2,308.2,1405,42.5,204,0,teste,200+ min
8927,M,297.3,308.3,1459,59.6,207,1,treino,200+ min
8928,M,297.4,308.4,1789,25,210,0,treino,200+ min
8929,L,297.4,308.4,1531,41.5,213,0,validacao,200+ min
8930,M,297.4,308.4,1620,35.8,215,0,treino,200+ min
8931,L,297.4,308.4,1571,39.4,0,0,treino,0-99 min
8932,L,297.4,308.4,1434,39.9,2,0,treino,0-99 min
8933,L,297.4,308.4,1474,43.6,4,0,validacao,0-99 min
8934,M,297.3,308.3,1544,41.7,6,0,teste,0-99 min
8935,L,297.3,308.2,1601,35.7,9,0,teste,0-99 min
8936,L,297.4,308.3,1801,26.9,11,0,treino,0-99 min
8937,L,297.4,308.3,1465,42,13,0,treino,0-99 min
8938,M,297.4,308.4,1340,52.6,15,0,validacao,0-99 min
8939,M,297.4,308.4,1517,41,18,0,treino,0-99 min
8940,M,297.3,308.4,1434,44.8,21,0,teste,0-99 min
8941,H,297.3,308.3,1935,19.3,24,0,treino,0-99 min
8942,M,297.3,308.3,1595,32.2,29,0,treino,0-99 min
8943,L,297.3,308.3,2188,17,32,0,treino,0-99 min
8944,M,297.3,308.4,1449,44.4,34,0,treino,0-99 min
8945,L,297.3,308.3,1471,38.2,37,0,teste,0-99 min
8946,L,297.4,308.2,1639,33.8,39,0,treino,0-99 min
8947,M,297.3,308.2,1846,24.5,41,0,treino,0-99 min
8948,M,297.3,308.2,1452,38.2,44,0,treino,0-99 min
8949,M,297.4,308.3,1483,41.9,47,0,validacao,0-99 min
8950,L,297.4,308.3,1284,60.3,50,0,treino,0-99 min
8951,L,297.4,308.2,1419,50,52,0,treino,0-99 min
8952,L,297.3,308.1,1763,28.4,54,0,treino,0-99 min
8953,M,297.2,308,1478,42.5,56,0,treino,0-99 min
8954,L,297.3,308,1518,36,59,0,treino,0-99 min
8955,L,297.3,308,1447,49,61,0,treino,0-99 min
8956,M,297.4,308,1355,55.1,63,0,treino,0-99 min
8957,L,297.4,308.1,1348,57.4,66,0,validacao,0-99 min
8958,L,297.4,308.1,1348,53.7,68,0,teste,0-99 min
8959,M,297.4,308.1,1734,27.7,70,0,treino,0-99 min
8960,L,297.3,308,1420,46.5,73,0,treino,0-99 min
8961,L,297.3,307.9,1797,24.7,75,0,treino,0-99 min
8962,M,297.3,308,1403,45,77,0,treino,0-99 min
8963,L,297.3,307.9,1628,30.2,80,0,teste,0-99 min
8964,M,297.2,307.9,1687,30.4,82,0,treino,0-99 min
8965,M,297.2,307.9,1456,44.9,85,0,teste,0-99 min
8966,L,297.1,307.9,1496,44.7,88,0,validacao,0-99 min
8967,L,297.1,307.8,1636,30.3,90,0,validacao,0-99 min
8968,L,297.1,307.8,1536,40.4,92,0,teste,0-99 min
8969,L,297.1,307.8,1454,50.6,94,0,treino,0-99 min
8970,L,297,307.8,1396,50,96,0,treino,0-99 min
8971,L,297,307.6,1575,37.4,98,0,treino,0-99 min
8972,L,296.9,307.6,1514,35.7,100,0,teste,100-199 min
8973,M,296.8,307.4,1455,49.9,102,0,treino,100-199 min
8974,L,296.8,307.4,1549,48.3,105,0,validacao,100-199 min
8975,L,296.8,307.5,1474,42.4,107,0,treino,100-199 min
8976,H,296.7,307.4,1661,34.2,109,0,teste,100-199 min
8977,L,296.7,307.4,1535,34.6,114,0,teste,100-199 min
8978,M,296.9,307.5,1556,31.2,116,0,treino,100-199 min
8979,L,296.9,307.6,1435,45,119,0,treino,100-199 min
8980,M,296.9,307.5,1332,51.1,121,0,teste,100-199 min
8981,L,297,307.6,1513,42.4,124,0,treino,100-199 min
8982,L,297,307.7,1502,39.4,126,0,treino,100-199 min
8983,L,297,307.7,1315,60.1,128,0,treino,100-199 min
8984,M,297,307.7,1261,51.1,130,0,teste,100-199 min
8985,L,297.1,307.8,1406,60.4,133,0,treino,100-199 min
8986,L,297.1,307.8,1584,42.3,135,0,treino,100-199 min
8987,M,297.1,307.8,1443,43.9,137,0,teste,100-199 min
8988,L,297.2,307.9,1580,35.8,140,0,validacao,100-199 min
8989,L,297.2,307.9,1825,24.6,142,0,validacao,100-199 min
8990,L,297.2,307.9,1469,48.2,144,0,treino,100-199 min
8991,L,297.2,307.9,1493,38.4,146,0,validacao,100-199 min
8992,M,297.3,308,1598,29.4,148,0,teste,100-199 min
8993,H,297.2,307.9,1450,37.2,151,0,treino,100-199 min
8994,M,297.2,307.9,1632,37.5,156,0,treino,100-199 min
8995,M,297.1,307.9,1980,20.3,159,0,treino,100-199 min
8996,L,297.2,308,1474,43.7,162,0,treino,100-199 min
8997,L,297.2,307.9,1540,37.1,164,0,treino,100-199 min
8998,M,297.1,307.9,1609,38.9,166,0,teste,100-199 min
8999,L,297.1,308,1467,42.8,169,0,treino,100-199 min
9000,L,297.1,307.9,1492,39.4,171,0,treino,100-199 min
9001,L,297,307.9,1493,46.1,173,0,treino,100-199 min
9002,L,297,307.8,1500,39.9,175,0,teste,100-199 min
9003,L,297.1,307.8,1477,36.6,177,0,treino,100-199 min
9004,L,297.1,307.9,1342,49.1,179,0,treino,100-199 min
9005,M,297.1,307.8,1538,34.3,181,0,treino,100-199 min
9006,L,297.2,307.9,1337,58.1,184,0,treino,100-199 min
9007,L,297.3,307.9,1417,41.8,186,0,treino,100-199 min
9008,L,297.4,308,1383,46.2,188,0,treino,100-199 min
9009,M,297.4,308,1440,42.4,190,0,teste,100-199 min
9010,L,297.3,307.9,1579,34.4,193,0,validacao,100-199 min
9011,L,297.2,307.9,1441,40,195,0,treino,100-199 min
9012,M,297.2,307.9,1530,35.9,197,0,treino,100-199 min
9013,L,297.2,308,1705,26,200,0,treino,200+ min
9014,H,297.2,308,1435,43,202,0,treino,200+ min
9015,M,297.2,308.1,1340,61.3,207,1,treino,200+ min
9016,L,297.2,308.1,1431,49.7,210,1,teste,200+ min
9017,L,297.3,308.2,1396,52.7,212,1,teste,200+ min
9018,M,297.3,308.1,1369,52,214,0,treino,200+ min
9019,L,297.3,308.1,1615,35.4,217,1,treino,200+ min
9020,L,297.2,308.1,1662,31.3,0,0,teste,0-99 min
9021,L,297.3,308.2,1553,33.5,2,0,treino,0-99 min
9022,M,297.4,308.2,1536,34.6,4,0,treino,0-99 min
9023,L,297.4,308.3,1548,46.6,7,0,validacao,0-99 min
9024,L,297.4,308.3,1706,30.9,9,0,teste,0-99 min
9025,L,297.4,308.3,1366,45.5,11,0,treino,0-99 min
9026,L,297.5,308.4,1440,35.9,13,0,teste,0-99 min
9027,M,297.5,308.4,1685,28.1,15,0,treino,0-99 min
9028,M,297.4,308.3,1444,44,18,0,treino,0-99 min
9029,L,297.4,308.3,1395,48.7,21,0,validacao,0-99 min
9030,L,297.4,308.3,1483,38.8,23,0,validacao,0-99 min
9031,M,297.5,308.4,1403,44.3,25,0,treino,0-99 min
9032,H,297.5,308.4,1793,23.9,28,0,teste,0-99 min
9033,L,297.4,308.3,1723,28.8,33,0,treino,0-99 min
9034,L,297.4,308.2,1386,41,35,0,treino,0-99 min
9035,H,297.4,308.2,1585,46.2,37,0,validacao,0-99 min
9036,M,297.3,308.1,1731,27.7,42,0,validacao,0-99 min
9037,L,297.3,308.3,1519,37.7,45,0,treino,0-99 min
9038,L,297.3,308.2,1896,24.4,47,0,teste,0-99 min
9039,L,297.3,308.3,2358,14.9,49,0,teste,0-99 min
9040,M,297.3,308.3,1341,51.9,51,0,treino,0-99 min
9041,L,297.3,308.3,1550,37,54,0,treino,0-99 min
9042,L,297.3,308.3,1309,61.5,56,0,treino,0-99 min
9043,M,297.3,308.4,1599,32.9,58,0,teste,0-99 min
9044,L,297.4,308.4,1343,40,61,0,teste,0-99 min
9045,L,297.4,308.4,1378,39.9,63,0,treino,0-99 min
9046,L,297.4,308.4,1603,34.6,65,0,treino,0-99 min
9047,L,297.4,308.4,1664,28.1,67,0,treino,0-99 min
9048,L,297.3,308.4,1488,37.4,69,0,treino,0-99 min
9049,M,297.3,308.4,1370,50.5,71,0,treino,0-99 min
9050,L,297.3,308.5,1545,34.3,74,0,validacao,0-99 min
9051,M,297.4,308.5,1566,31.4,76,0,treino,0-99 min
9052,L,297.4,308.6,1820,24.6,79,0,treino,0-99 min
9053,M,297.4,308.6,1901,22.1,81,0,treino,0-99 min
9054,M,297.4,308.5,1638,32.2,84,0,validacao,0-99 min
9055,M,297.3,308.4,1521,38.2,87,0,teste,0-99 min
9056,H,297.3,308.4,1864,23.1,90,0,treino,0-99 min
9057,L,297.3,308.3,1430,41.9,95,0,treino,0-99 min
9058,M,297.3,308.4,1686,34.5,97,0,validacao,0-99 min
9059,M,297.2,308.3,1326,57.2,100,0,treino,100-199 min
9060,L,297.2,308.3,1805,25.6,103,0,treino,100-199 min
9061,H,297.2,308.3,1453,45.8,105,0,treino,100-199 min
9062,M,297.2,308.4,1863,26,110,0,treino,100-199 min
9063,L,297.2,308.3,1576,35.3,113,0,treino,100-199 min
9064,L,297.2,308.3,1419,39.7,115,0,treino,100-199 min
9065,L,297.2,308.4,1833,25.2,117,0,treino,100-199 min
9066,H,297.2,308.4,2182,17.3,119,0,treino,100-199 min
9067,L,297.2,308.3,1656,30.3,124,0,validacao,100-199 min
9068,L,297.1,308.2,1351,56.6,126,0,teste,100-199 min
9069,H,297.1,308.2,1790,30.3,128,0,treino,100-199 min
9070,M,297.2,308.2,1678,28.1,133,0,teste,100-199 min
9071,L,297.1,308.2,1427,45.2,136,0,treino,100-199 min
9072,L,297,308.1,1429,54,138,0,teste,100-199 min
9073,H,297.2,308.1,1770,27.2,140,0,treino,100-199 min
9074,L,297.2,308.1,1689,31.2,145,0,validacao,100-199 min
9075,M,297.2,308.1,1554,41.3,147,0,validacao,100-199 min
9076,L,297.3,308.1,1506,36,150,0,teste,100-199 min
9077,L,297.2,308.1,1474,44.3,152,0,teste,100-199 min
9078,L,297.3,308.1,1762,26.1,154,0,validacao,100-199 min
9079,L,297.3,308.1,1566,35.7,156,0,treino,100-199 min
9080,H,297.3,308.1,1554,42.4,158,0,teste,100-199 min
9081,L,297.2,308,1869,25.4,163,0,treino,100-199 min
9082,L,297.3,308,1527,35.1,165,0,treino,100-199 min
9083,L,297.2,307.9,1309,49.6,167,0,validacao,100-199 min
9084,M,297.2,307.9,1541,35.7,169,0,treino,100-199 min
9085,L,297.2,307.9,1326,75.4,172,1,validacao,100-199 min
9086,H,297.1,307.9,1365,54,174,0,treino,100-199 min
9087,L,297.1,307.8,1428,43.7,179,0,treino,100-199 min
9088,L,297.1,307.8,1681,27.6,181,0,validacao,100-199 min
9089,M,297.1,307.9,1662,26.9,183,0,validacao,100-199 min
9090,L,297.2,307.9,1989,20.3,186,0,validacao,100-199 min
9091,M,297.2,307.9,1747,29,188,0,treino,100-199 min
9092,M,297.2,308,1765,31.1,191,0,teste,100-199 min
9093,L,297.3,308.1,1568,34.4,194,0,validacao,100-199 min
9094,M,297.3,308.1,1709,30.6,196,0,treino,100-199 min
9095,M,297.3,308.1,1370,58.8,199,0,treino,100-199 min
9096,L,297.3,308.1,1458,45.7,202,0,treino,200+ min
9097,L,297.2,308.1,1712,30.9,204,0,treino,200+ min
9098,L,297.3,308.1,1642,36.9,206,0,validacao,200+ min
9099,L,297.3,308.1,1468,49.8,0,0,treino,0-99 min
9100,H,297.3,308.1,1477,52.3,2,0,treino,0-99 min
9101,L,297.3,308.2,1446,53.5,7,0,treino,0-99 min
9102,H,297.3,308.2,1653,31.4,9,0,treino,0-99 min
9103,L,297.3,308.3,1494,38.2,14,0,treino,0-99 min
9104,L,297.3,308.2,1490,41,16,0,treino,0-99 min
9105,M,297.4,308.3,1550,47.8,18,0,teste,0-99 min
9106,M,297.3,308.2,1677,34.9,21,0,treino,0-99 min
9107,L,297.4,308.3,1854,21.8,24,0,treino,0-99 min
9108,M,297.5,308.5,1662,30.3,26,0,treino,0-99 min
9109,M,297.5,308.6,1440,38.8,29,0,teste,0-99 min
9110,L,297.5,308.6,1513,39.7,32,0,teste,0-99 min
9111,M,297.6,308.6,1389,49,34,0,validacao,0-99 min
9112,L,297.6,308.6,1351,51,37,0,treino,0-99 min
9113,M,297.6,308.6,1482,38.3,39,0,treino,0-99 min
9114,L,297.6,308.6,1744,28.5,42,0,treino,0-99 min
9115,L,297.6,308.7,1476,39,44,0,teste,0-99 min
9116,M,297.6,308.6,1444,48.2,46,0,treino,0-99 min
9117,H,297.6,308.7,1659,32.1,49,0,validacao,0-99 min
9118,M,297.6,308.7,1475,46.6,54,0,treino,0-99 min
9119,L,297.6,308.6,1526,42.1,57,0,validacao,0-99 min
9120,M,297.4,308.4,1675,29.5,59,0,treino,0-99 min
9121,L,297.4,308.4,1525,38.7,62,0,treino,0-99 min
9122,L,297.3,308.3,1396,45.9,64,0,treino,0-99 min
9123,L,297.4,308.4,1580,41.2,66,0,teste,0-99 min
9124,L,297.4,308.5,1462,42.8,68,0,validacao,0-99 min
9125,L,297.4,308.4,1426,50.4,70,0,validacao,0-99 min
9126,L,297.4,308.5,1569,34.2,72,0,treino,0-99 min
9127,L,297.4,308.5,1477,40.7,74,0,teste,0-99 min
9128,L,297.4,308.5,1761,27.2,76,0,teste,0-99 min
9129,M,297.5,308.6,1486,45.9,78,0,treino,0-99 min
9130,L,297.6,308.6,1664,30.1,81,0,validacao,0-99 min
9131,L,297.6,308.6,1576,32.7,83,0,teste,0-99 min
9132,H,297.6,308.6,1463,46.7,85,0,treino,0-99 min
9133,M,297.6,308.6,1585,42,90,0,treino,0-99 min
9134,L,297.7,308.7,1479,45.7,93,0,validacao,0-99 min
9135,L,297.7,308.7,1449,40.2,95,0,treino,0-99 min
9136,H,297.7,308.8,1404,50.3,97,0,teste,0-99 min
9137,L,297.7,308.7,1694,29.1,102,0,treino,100-199 min
9138,L,297.7,308.7,1731,28.4,104,0,teste,100-199 min
9139,L,297.6,308.6,1522,37,106,0,validacao,100-199 min
9140,L,297.5,308.5,1536,36.9,108,0,treino,100-199 min
9141,L,297.5,308.5,1373,39.9,110,0,validacao,100-199 min
9142,L,297.5,308.5,1597,36.4,112,0,treino,100-199 min
9143,L,297.6,308.5,1678,34.2,114,0,treino,100-199 min
9144,L,297.6,308.5,1452,42.6,116,0,treino,100-199 min
9145,M,297.5,308.5,1447,41.6,118,0,validacao,100-199 min
9146,L,297.6,308.5,1574,37.1,121,0,treino,100-199 min
9147,L,297.6,308.6,1528,40,123,0,teste,100-199 min
9148,L,297.7,308.7,1688,27.2,125,0,treino,100-199 min
9149,L,297.6,308.6,1393,40.4,127,0,validacao,100-199 min
9150,M,297.5,308.6,1429,50.5,129,0,treino,100-199 min
9151,M,297.5,308.6,1347,57,132,0,treino,100-199 min
9152,L,297.6,308.6,1553,40.5,135,0,treino,100-199 min
9153,L,297.5,308.6,1260,53.6,137,0,treino,100-199 min
9154,L,297.5,308.6,1546,33.8,139,0,treino,100-199 min
9155,L,297.5,308.6,1596,36,141,0,treino,100-199 min
9156,L,297.5,308.5,1340,57.4,143,0,validacao,100-199 min
9157,M,297.5,308.4,1369,54.8,145,0,treino,100-199 min
9158,L,297.5,308.5,1462,52.3,148,0,validacao,100-199 min
9159,H,297.4,308.4,1487,46.2,150,0,validacao,100-199 min
9160,M,297.5,308.6,1510,35.5,155,0,teste,100-199 min
9161,H,297.5,308.5,1671,28,158,0,teste,100-199 min
9162,M,297.5,308.5,1612,30,163,0,treino,100-199 min
9163,M,297.6,308.6,1509,39.7,166,0,treino,100-199 min
9164,L,297.6,308.6,1415,47.3,169,0,treino,100-199 min
9165,L,297.6,308.6,2384,14.4,171,0,treino,100-199 min
9166,L,297.6,308.6,1326,62.4,173,0,treino,100-199 min
9167,M,297.6,308.6,1390,53.4,175,0,treino,100-199 min
9168,M,297.6,308.7,1392,41.2,178,0,treino,100-199 min
9169,H,297.6,308.8,1385,44.4,181,0,treino,100-199 min
9170,L,297.7,308.8,1896,24.5,186,0,validacao,100-199 min
9171,L,297.7,308.7,1474,46.8,188,0,treino,100-199 min
9172,M,297.7,308.8,1388,45.6,190,0,treino,100-199 min
9173,L,297.7,308.9,1715,27.2,193,0,treino,100-199 min
9174,H,297.8,308.9,1650,32.2,195,0,treino,100-199 min
9175,L,297.8,308.9,1871,25.6,200,1,teste,200+ min
9176,L,297.8,309,1403,64.2,0,1,treino,0-99 min
9177,L,297.8,308.9,1518,40.4,2,0,treino,0-99 min
9178,L,297.9,309.1,1504,43,4,0,treino,0-99 min
9179,L,297.8,309,1340,56.9,6,0,treino,0-99 min
9180,H,297.9,309.1,1435,44.7,8,0,treino,0-99 min
9181,L,297.9,309.1,1507,36.9,13,0,treino,0-99 min
9182,L,297.9,309.1,1521,36.1,15,0,teste,0-99 min
9183,M,297.8,309,1576,45,17,0,treino,0-99 min
9184,L,297.9,309.1,1543,36.6,20,0,treino,0-99 min
9185,L,298,309.2,1665,36.6,22,0,treino,0-99 min
9186,L,297.9,309.1,1442,50.3,24,0,treino,0-99 min
9187,L,297.9,309,1629,29,26,0,treino,0-99 min
9188,L,297.9,309,1379,47.3,28,0,validacao,0-99 min
9189,L,297.9,309,1502,40.2,30,0,treino,0-99 min
9190,L,297.9,309.1,1595,32,32,0,teste,0-99 min
9191,M,298,309,1439,38.5,34,0,treino,0-99 min
9192,M,297.9,309,1970,21.6,37,0,teste,0-99 min
9193,L,297.9,309,1562,35.8,40,0,treino,0-99 min
9194,M,297.9,309,1530,40.9,42,0,validacao,0-99 min
9195,L,297.9,308.9,1393,40.6,45,0,treino,0-99 min
9196,L,297.9,309,1532,37.6,47,0,treino,0-99 min
9197,L,298,308.9,1607,37.7,49,0,treino,0-99 min
9198,M,297.9,308.8,1469,49,51,0,validacao,0-99 min
9199,M,297.9,308.8,1538,37.6,54,0,treino,0-99 min
9200,L,297.9,308.8,1613,31.4,57,0,treino,0-99 min
9201,M,297.9,308.8,1602,32.1,59,0,validacao,0-99 min
9202,L,297.8,308.7,1404,44.2,62,0,treino,0-99 min
9203,L,297.8,308.8,1548,36.9,64,0,treino,0-99 min
9204,L,297.8,308.8,1559,35.2,66,0,treino,0-99 min
9205,L,297.8,308.8,1621,36.1,68,0,teste,0-99 min
9206,L,297.8,308.8,1579,32.9,70,0,treino,0-99 min
9207,M,297.9,308.9,1547,44,72,0,treino,0-99 min
9208,L,297.9,308.8,1386,48.6,75,0,teste,0-99 min
9209,L,298,308.9,1406,40.9,77,0,treino,0-99 min
9210,M,298,309,1393,55.9,79,0,treino,0-99 min
9211,M,297.9,309,2456,13.9,82,0,treino,0-99 min
9212,M,298,309,1409,49.1,85,0,treino,0-99 min
9213,L,298,308.9,1390,53.9,88,0,teste,0-99 min
9214,L,298,309,1679,32.4,90,0,treino,0-99 min
9215,L,298,308.9,1508,37.1,92,0,treino,0-99 min
9216,L,297.9,308.8,1681,31.7,94,0,validacao,0-99 min
9217,H,297.7,308.8,1469,43.7,96,0,treino,0-99 min
9218,L,297.8,308.8,1421,49.6,101,0,treino,100-199 min
9219,L,297.7,308.8,1354,50.2,103,0,treino,100-199 min
9220,M,297.7,308.8,1350,57,105,0,treino,100-199 min
9221,L,297.8,308.9,1282,58.1,108,0,treino,100-199 min
9222,M,297.8,309,1675,30,110,0,validacao,100-199 min
9223,M,297.9,309,1525,38.5,113,0,validacao,100-199 min
9224,L,297.9,309,1382,43.9,116,0,treino,100-199 min
9225,L,297.9,309,1450,46.8,118,0,validacao,100-199 min
9226,L,298,309.1,1820,23.6,120,0,teste,100-199 min
9227,L,298,309.1,1822,23.5,122,0,treino,100-199 min
9228,L,298,309.1,1473,44.3,124,0,treino,100-199 min
9229,M,298.1,309.1,1572,37.5,126,0,treino,100-199 min
9230,M,298.1,309,2042,17.8,129,0,teste,100-199 min
9231,L,298.2,309.2,1922,22.6,132,0,treino,100-199 min
9232,L,298.2,309.1,1539,36.5,134,0,teste,100-199 min
9233,L,298.2,309.1,1350,52,136,0,teste,100-199 min
9234,L,298.3,309.1,1403,45.1,138,0,treino,100-199 min
9235,L,298.3,309.1,1904,20.3,140,0,teste,100-199 min
9236,M,298.2,308.9,1592,35.2,142,0,treino,100-199 min
9237,L,298.1,308.7,1556,31.6,145,0,teste,100-199 min
9238,M,298.1,308.8,1811,25.4,147,0,validacao,100-199 min
9239,M,298.2,308.8,1456,41.2,150,0,treino,100-199 min
9240,H,298.2,308.8,1436,51.9,153,0,treino,100-199 min
9241,M,298.1,308.7,1362,49.6,158,0,treino,100-199 min
9242,L,298.1,308.7,1683,29.1,161,0,treino,100-199 min
9243,M,298.2,308.7,1269,60.9,163,0,validacao,100-199 min
9244,L,298.3,308.8,1454,49,166,0,teste,100-199 min
9245,L,298.3,308.8,1767,27.3,168,0,treino,100-199 min
9246,L,298.3,308.9,1708,27.3,170,0,treino,100-199 min
9247,L,298.3,308.9,1862,27,172,0,treino,100-199 min
9248,L,298.3,308.9,1695,30.7,174,0,treino,100-199 min
9249,M,298.3,309.1,1488,40.6,176,0,teste,100-199 min
9250,L,298.3,309,1657,32.2,179,0,treino,100-199 min
9251,H,298.3,309,1823,25.9,181,0,treino,100-199 min
9252,M,298.2,309.1,1651,28.8,186,0,validacao,100-199 min
9253,M,298.1,309,1533,36.1,189,0,treino,100-199 min
9254,M,298.2,309,1508,40.5,192,0,treino,100-199 min
9255,L,298.3,309.1,1616,31.1,195,0,treino,100-199 min
9256,L,298.2,309,1651,31.5,197,0,treino,100-199 min
9257,L,298.2,309.1,1569,35.2,199,0,teste,100-199 min
9258,M,298.3,309.1,1296,58.7,201,0,validacao,200+ min
9259,H,298.3,309,1379,43.2,0,0,treino,0-99 min
9260,M,298.2,309,1694,28,5,0,teste,0-99 min
9261,L,298.2,309,1377,57.8,8,0,treino,0-99 min
9262,H,298.3,309,1470,38.4,10,0,treino,0-99 min
9263,M,298.3,309.1,1404,47,15,0,treino,0-99 min
9264,L,298.3,309.1,1593,40.1,18,0,validacao,0-99 min
9265,M,298.3,309,1526,36.9,20,0,validacao,0-99 min
9266,M,298.3,308.9,1390,49.7,23,0,treino,0-99 min
9267,L,298.2,308.9,1737,25.5,26,0,validacao,0-99 min
9268,L,298.2,308.8,1362,57.3,28,0,treino,0-99 min
9269,L,298.2,308.8,1666,31.5,30,0,validacao,0-99 min
9270,L,298.2,308.8,1354,60.9,32,0,teste,0-99 min
9271,L,298.2,308.8,1302,60.4,34,0,treino,0-99 min
9272,L,298.2,308.7,1991,20.5,36,0,treino,0-99 min
9273,L,298.2,308.6,1353,54.1,38,0,teste,0-99 min
9274,H,298.2,308.7,1520,35.7,40,0,treino,0-99 min
9275,L,298.2,308.7,1428,54.9,45,0,treino,0-99 min
9276,L,298.2,308.7,1605,29.4,47,0,validacao,0-99 min
9277,L,298.1,308.7,1691,30.3,49,0,teste,0-99 min
9278,L,298.2,308.7,1447,48.4,51,0,validacao,0-99 min
9279,H,298.2,308.8,1606,39.9,53,0,treino,0-99 min
9280,M,298.2,308.8,1645,28.2,58,0,treino,0-99 min
9281,H,298.2,308.8,1470,43.3,61,0,treino,0-99 min
9282,L,298.2,308.9,1336,45,66,0,treino,0-99 min
9283,M,298.2,308.9,1414,44.3,68,0,teste,0-99 min
9284,M,298.3,309,1802,27.5,71,0,treino,0-99 min
9285,L,298.2,308.9,1683,31.7,74,0,treino,0-99 min
9286,M,298.2,309,1410,47.6,76,0,treino,0-99 min
9287,L,298.2,308.9,1605,32,79,0,teste,0-99 min
9288,L,298.2,308.9,1709,28.1,81,0,treino,0-99 min
9289,L,298.2,308.9,1444,53.1,83,0,treino,0-99 min
9290,L,298.2,308.9,1367,45,85,0,treino,0-99 min
9291,L,298.2,309,1418,44.2,87,0,treino,0-99 min
9292,L,298.2,309,1353,57.8,89,0,teste,0-99 min
9293,L,298.2,309,1643,34.1,91,0,treino,0-99 min
9294,L,298.3,309.1,1437,38,93,0,validacao,0-99 min
9295,L,298.1,309,1437,36.2,95,0,treino,0-99 min
9296,M,298.2,309,1413,47.9,97,0,treino,0-99 min
9297,H,298.2,309,1524,39.1,100,0,treino,100-199 min
9298,M,298.1,308.9,1479,43.4,105,0,validacao,100-199 min
9299,L,298.1,308.9,1313,50.6,108,0,validacao,100-199 min
9300,M,298.1,308.9,1335,50.4,110,0,treino,100-199 min
9301,L,298.1,308.9,1367,41.9,113,0,teste,100-199 min
9302,M,298.1,308.9,1459,50.3,115,0,treino,100-199 min
9303,M,298.1,308.9,1804,25.1,118,0,treino,100-199 min
9304,L,298.2,309,1491,38.3,121,0,treino,100-199 min
9305,L,298.3,309.1,1537,43,123,0,treino,100-199 min
9306,H,298.3,309.1,1646,30.2,125,0,treino,100-199 min
9307,M,298.3,309.2,1783,28.3,130,0,validacao,100-199 min
9308,L,298.3,309.1,1395,49.8,133,0,treino,100-199 min
9309,L,298.4,309.1,1423,48,135,0,teste,100-199 min
9310,L,298.3,309.2,1562,37.6,137,0,treino,100-199 min
9311,L,298.4,309.3,1549,40.8,139,0,treino,100-199 min
9312,L,298.4,309.4,1540,43.2,141,0,teste,100-199 min
9313,H,298.5,309.4,1573,33.6,143,0,teste,100-199 min
9314,L,298.5,309.4,1418,45.1,148,0,teste,100-199 min
9315,M,298.5,309.4,1565,33.7,150,0,treino,100-199 min
9316,L,298.5,309.5,1569,41,153,0,treino,100-199 min
9317,H,298.5,309.4,1417,41.2,155,0,teste,100-199 min
9318,L,298.5,309.5,1480,38.1,160,0,teste,100-199 min
9319,L,298.5,309.4,1364,44.5,162,0,treino,100-199 min
9320,L,298.5,309.4,1911,21.5,164,0,treino,100-199 min
9321,L,298.4,309.3,1409,43.1,166,0,teste,100-199 min
9322,L,298.4,309.2,1335,53.5,168,0,treino,100-199 min
9323,M,298.5,309.3,1512,38.1,170,0,treino,100-199 min
9324,L,298.6,309.4,1447,40.2,173,0,validacao,100-199 min
9325,L,298.6,309.3,1537,37.6,175,0,treino,100-199 min
9326,M,298.6,309.3,1510,40.8,177,0,treino,100-199 min
9327,L,298.6,309.3,1677,31.2,180,0,treino,100-199 min
9328,L,298.5,309.2,1504,33.7,182,0,treino,100-199 min
9329,H,298.5,309.1,2051,19,184,0,validacao,100-199 min
9330,L,298.5,309.1,1474,41.3,189,0,treino,100-199 min
9331,M,298.4,309,1507,36.1,191,0,treino,100-199 min
9332,L,298.4,308.9,1496,37.9,194,0,teste,100-199 min
9333,M,298.5,309,1921,22,196,0,treino,100-199 min
9334,L,298.5,309,1450,40.5,199,0,treino,100-199 min
9335,L,298.4,308.9,1402,44.8,201,0,treino,200+ min
9336,L,298.4,308.9,1501,50,203,0,treino,200+ min
9337,L,298.5,308.9,1725,31.9,205,0,treino,200+ min
9338,H,298.5,308.9,1500,40.3,207,0,teste,200+ min
9339,H,298.5,309,1531,30.8,212,0,teste,200+ min
9340,L,298.5,309,1458,44.8,217,0,validacao,200+ min
9341,H,298.4,308.9,1577,37.1,0,0,validacao,0-99 min
9342,M,298.3,308.9,1363,46.1,5,0,treino,0-99 min
9343,H,298.3,308.9,1706,31.8,8,0,validacao,0-99 min
9344,M,298.3,308.8,1391,50.4,13,0,treino,0-99 min
9345,L,298.2,308.8,1616,33.7,16,0,treino,0-99 min
9346,L,298.2,308.8,1442,47,18,0,treino,0-99 min
9347,M,298.2,308.8,1626,40.4,20,0,treino,0-99 min
9348,M,298.2,308.7,1426,42.6,23,0,teste,0-99 min
9349,L,298.2,308.7,1436,49.1,26,0,validacao,0-99 min
9350,M,298.2,308.7,1599,36.2,28,0,treino,0-99 min
9351,L,298.2,308.7,2186,17.8,31,0,validacao,0-99 min
9352,L,298.3,308.8,1645,30.4,33,0,treino,0-99 min
9353,L,298.2,308.7,1780,27.9,35,0,treino,0-99 min
9354,L,298.2,308.8,1345,44.3,37,0,teste,0-99 min
9355,M,298.2,308.8,1607,31.9,39,0,teste,0-99 min
9356,L,298.3,308.9,1708,28,42,0,treino,0-99 min
9357,L,298.3,308.9,1270,52.7,44,0,treino,0-99 min
9358,M,298.3,308.9,1646,25.4,46,0,treino,0-99 min
9359,L,298.2,308.7,1407,45.1,49,0,treino,0-99 min
9360,M,298.1,308.7,1581,47.4,51,0,treino,0-99 min
9361,L,298,308.6,1532,42.6,54,0,treino,0-99 min
9362,L,298,308.6,1610,33.1,56,0,treino,0-99 min
9363,M,298,308.5,1682,33,58,0,treino,0-99 min
9364,L,297.9,308.5,1519,34.3,61,0,treino,0-99 min
9365,L,297.9,308.5,1683,28.5,63,0,validacao,0-99 min
9366,M,298,308.6,1254,55.8,65,0,treino,0-99 min
9367,L,298,308.5,1461,48,68,0,teste,0-99 min
9368,L,297.9,308.5,1472,45.1,70,0,treino,0-99 min
9369,L,297.7,308.4,1510,38.6,72,0,treino,0-99 min
9370,M,297.7,308.3,1547,36.8,74,0,validacao,0-99 min
9371,H,297.7,308.4,1418,51.9,77,0,treino,0-99 min
9372,L,297.7,308.4,1289,51.3,82,0,teste,0-99 min
9373,L,297.7,308.4,1487,41.4,84,0,teste,0-99 min
9374,L,297.7,308.5,1453,45.5,86,0,treino,0-99 min
9375,M,297.8,308.5,1466,44.7,88,0,treino,0-99 min
9376,H,297.7,308.4,1288,49.5,91,0,treino,0-99 min
9377,H,297.7,308.4,1738,27.7,96,0,treino,0-99 min
9378,H,297.7,308.3,1488,41,101,0,treino,100-199 min
9379,L,297.6,308.3,1816,28.8,106,0,treino,100-199 min
9380,L,297.5,308.2,1419,48.5,108,0,treino,100-199 min
9381,L,297.4,308.1,1435,45.7,110,0,treino,100-199 min
9382,M,297.5,308.1,1480,42.4,112,0,teste,100-199 min
9383,L,297.5,308.2,1610,33.6,115,0,treino,100-199 min
9384,H,297.5,308.1,1548,38.2,117,0,treino,100-199 min
9385,M,297.6,308.1,1379,57.4,122,0,treino,100-199 min
9386,M,297.5,308.1,1907,23.5,125,0,teste,100-199 min
9387,M,297.5,308,2033,16.7,128,0,teste,100-199 min
9388,H,297.4,307.9,1390,52,131,0,validacao,100-199 min
9389,M,297.5,307.9,1544,37.9,136,0,validacao,100-199 min
9390,L,297.6,308,1258,57.4,139,0,treino,100-199 min
9391,M,297.5,308,1560,39,141,0,validacao,100-199 min
9392,H,297.6,308.2,2071,18.5,144,0,treino,100-199 min
9393,L,297.6,308.1,1437,46.3,149,0,validacao,100-199 min
9394,H,297.7,308.2,1489,43,151,0,teste,100-199 min
9395,L,297.7,308.2,1334,53,156,0,teste,100-199 min
9396,L,297.7,308.2,1500,39.9,158,0,teste,100-199 min
9397,L,297.8,308.3,1498,47.3,160,0,validacao,100-199 min
9398,M,297.7,308.2,1370,53.4,162,0,treino,100-199 min
9399,H,297.7,308.2,1526,40.1,165,0,validacao,100-199 min
9400,L,297.8,308.3,1477,44.8,170,0,treino,100-199 min
9401,L,297.7,308.2,1446,43.9,172,0,validacao,100-199 min
9402,M,297.7,308.2,1720,25.6,174,0,treino,100-199 min
9403,L,297.7,308.1,1734,30.7,177,0,teste,100-199 min
9404,L,297.7,308.1,1697,29.1,179,0,treino,100-199 min
9405,L,297.7,308.2,2007,19.3,181,0,treino,100-199 min
9406,M,297.7,308.1,1469,48.8,183,0,treino,100-199 min
9407,M,297.7,308.1,2189,15.6,186,0,validacao,100-199 min
9408,L,297.8,308.3,1435,50.1,189,0,treino,100-199 min
9409,H,297.9,308.4,1637,34.5,191,0,treino,100-199 min
9410,L,298,308.5,1664,28.3,196,0,treino,100-199 min
9411,M,298,308.5,1666,31,198,0,teste,100-199 min
9412,L,298,308.5,1404,46.6,201,0,teste,200+ min
9413,L,298,308.5,1702,26.7,203,0,validacao,200+ min
9414,L,298.1,308.6,1439,44.9,205,0,teste,200+ min
9415,L,298.1,308.6,1354,53.9,207,1,teste,200+ min
9416,M,298.2,308.7,1361,44.2,0,0,treino,0-99 min
9417,M,298.1,308.5,1463,45.9,3,0,validacao,0-99 min
9418,H,298.1,308.4,1515,43.8,6,0,treino,0-99 min
9419,L,298,308.4,1432,46.2,11,0,treino,0-99 min
9420,L,298,308.4,1911,22,13,0,teste,0-99 min
9421,L,298,308.4,1472,42,15,0,treino,0-99 min
9422,M,298.1,308.5,1382,54.5,17,0,treino,0-99 min
9423,L,298.1,308.5,1665,29.6,20,0,treino,0-99 min
9424,L,298.1,308.5,1676,30.5,22,0,treino,0-99 min
9425,M,298,308.5,1585,33,24,0,validacao,0-99 min
9426,M,298.1,308.6,1415,46.3,27,0,treino,0-99 min
9427,L,298.1,308.7,1341,55.7,30,0,treino,0-99 min
9428,L,298.2,308.8,1540,34.8,32,0,teste,0-99 min
9429,H,298.2,308.8,1837,28.4,34,0,treino,0-99 min
9430,L,298.2,308.8,1498,36,39,0,treino,0-99 min
9431,L,298.1,308.7,1671,28.8,41,0,treino,0-99 min
9432,L,298,308.6,1430,57,43,0,teste,0-99 min
9433,L,298,308.7,1619,40.1,45,0,validacao,0-99 min
9434,M,298,308.7,1430,51.9,47,0,treino,0-99 min
9435,L,298,308.6,1626,33.3,50,0,treino,0-99 min
9436,L,298,308.7,1443,49.3,52,0,validacao,0-99 min
9437,L,298,308.6,1481,42.5,54,0,treino,0-99 min
9438,M,298.1,308.7,1527,43,56,0,treino,0-99 min
9439,M,298.1,308.7,1315,56.8,59,0,treino,0-99 min
9440,M,298.1,308.8,1433,48.2,62,0,treino,0-99 min
9441,M,298.1,308.8,1378,53.5,65,0,teste,0-99 min
9442,L,298.1,308.8,1432,43.4,68,0,treino,0-99 min
9443,M,298.1,308.8,1394,47.9,70,0,treino,0-99 min
9444,H,298,308.8,1411,53.8,73,0,treino,0-99 min
9445,L,298.1,308.9,2136,15.9,78,0,treino,0-99 min
9446,M,298.2,309,1446,45.8,80,0,treino,0-99 min
9447,H,298.1,308.9,1388,53.5,83,0,teste,0-99 min
9448,M,298.1,308.9,1323,51.7,88,0,treino,0-99 min
9449,L,298.2,309,1780,29.3,91,0,treino,0-99 min
9450,M,298.1,308.8,1434,41.8,93,0,validacao,0-99 min
9451,M,298,308.7,1494,42.6,96,0,teste,0-99 min
9452,H,298,308.7,1536,39.6,99,0,treino,0-99 min
9453,M,298,308.7,1392,53.4,104,0,teste,100-199 min
9454,H,298.2,309,1360,56.8,107,0,treino,100-199 min
9455,L,298.4,309.2,1583,35.4,112,0,treino,100-199 min
9456,L,298.5,309.2,1983,20.2,114,0,treino,100-199 min
9457,L,298.5,309.3,1630,33.3,116,0,treino,100-199 min
9458,M,298.5,309.3,1692,26.7,118,0,validacao,100-199 min
9459,L,298.4,309.1,1417,40.6,121,0,teste,100-199 min
9460,L,298.4,309.1,1579,36.1,123,0,teste,100-199 min
9461,M,298.4,309.2,1399,45.2,125,0,treino,100-199 min
9462,M,298.4,309.2,1414,46.4,128,0,treino,100-199 min
9463,L,298.5,309.3,1570,40.1,131,0,validacao,100-199 min
9464,M,298.5,309.3,1552,36.8,133,0,validacao,100-199 min
9465,L,298.6,309.4,1440,48.2,136,0,treino,100-199 min
9466,M,298.6,309.4,1460,43.8,138,0,treino,100-199 min
9467,L,298.6,309.4,1471,48,141,0,validacao,100-199 min
9468,L,298.6,309.3,1702,27.6,143,0,validacao,100-199 min
9469,L,298.6,309.4,1375,55.4,145,0,teste,100-199 min
9470,L,298.6,309.4,1698,33.2,147,0,treino,100-199 min
9471,H,298.6,309.4,1439,47.1,149,0,treino,100-199 min
9472,M,298.6,309.4,1774,27.5,154,0,teste,100-199 min
9473,M,298.7,309.4,1375,48.3,157,0,treino,100-199 min
9474,L,298.7,309.5,1446,40,160,0,treino,100-199 min
9475,M,298.7,309.6,1455,46.8,162,0,treino,100-199 min
9476,L,298.8,309.6,1523,41.9,165,0,teste,100-199 min
9477,M,298.8,309.6,1692,31.9,167,0,teste,100-199 min
9478,M,298.8,309.6,1693,33.3,170,0,treino,100-199 min
9479,L,298.8,309.6,1890,24,173,0,validacao,100-199 min
9480,H,298.9,309.6,1600,33.5,175,0,treino,100-199 min
9481,M,298.9,309.6,1434,43.8,180,0,treino,100-199 min
9482,L,298.9,309.6,1365,50.9,183,0,validacao,100-199 min
9483,H,298.8,309.6,1309,57.4,185,0,teste,100-199 min
9484,H,298.9,309.6,1546,35.3,190,0,treino,100-199 min
9485,L,298.9,309.6,1663,33.7,195,0,teste,100-199 min
9486,L,298.9,309.6,1589,34.2,197,0,treino,100-199 min
9487,M,298.9,309.6,1472,46,199,0,teste,100-199 min
9488,L,298.9,309.6,1583,39.8,202,0,validacao,200+ min
9489,M,298.9,309.6,1567,34.5,204,0,teste,200+ min
9490,L,298.9,309.7,1407,41.9,207,0,teste,200+ min
9491,M,299,309.7,1418,44.7,209,0,treino,200+ min
9492,M,299,309.7,1489,40.7,212,0,treino,200+ min
9493,L,299.1,309.9,1586,36.6,215,0,teste,200+ min
9494,L,299.1,309.8,1398,55.4,217,1,treino,200+ min
9495,L,299.2,309.9,1516,41.4,219,0,treino,200+ min
9496,H,299.3,310,1373,44.8,221,0,treino,200+ min
9497,M,299.2,310,1349,50.4,226,0,treino,200+ min
9498,H,299.1,309.9,1443,40.3,0,0,treino,0-99 min
9499,H,299.2,310.1,1542,36.1,5,0,validacao,0-99 min
9500,L,299.2,310.1,1534,37.7,10,0,treino,0-99 min
9501,L,299.2,310.2,1697,30.6,12,0,validacao,0-99 min
9502,L,299.3,310.3,1396,47.4,14,0,treino,0-99 min
9503,L,299.3,310.2,1495,49.2,16,0,treino,0-99 min
9504,M,299.2,310.3,1551,44.8,18,0,teste,0-99 min
9505,L,299.2,310.3,1440,47,21,0,validacao,0-99 min
9506,L,299.2,310.3,1429,40.1,23,0,treino,0-99 min
9507,H,299.3,310.4,1548,41.6,25,0,teste,0-99 min
9508,L,299.3,310.5,1505,38.8,30,0,treino,0-99 min
9509,L,299.2,310.4,1611,36.4,32,0,treino,0-99 min
9510,M,299.2,310.4,1502,39.8,34,0,teste,0-99 min
9511,M,299.2,310.4,1504,43.3,37,0,treino,0-99 min
9512,L,299.1,310.3,1449,40.7,40,0,teste,0-99 min
9513,L,299,310.2,1575,37.8,42,0,treino,0-99 min
9514,M,299,310.2,1598,33.4,44,0,validacao,0-99 min
9515,L,299,310.1,1416,45.9,47,0,treino,0-99 min
9516,L,299,310.2,1682,28.8,49,0,treino,0-99 min
9517,L,298.9,310.1,1341,54.5,51,0,treino,0-99 min
9518,L,298.9,310.1,1523,39.1,53,0,teste,0-99 min
9519,L,299,310.1,1580,41.9,55,0,validacao,0-99 min
9520,L,299,310.1,1531,36,57,0,treino,0-99 min
9521,L,299,310.1,1375,48.9,59,0,treino,0-99 min
9522,M,298.9,310.1,1484,40.4,61,0,treino,0-99 min
9523,M,299,310.2,1657,32.3,64,0,validacao,0-99 min
9524,L,299,310.2,1494,40.6,67,0,validacao,0-99 min
9525,H,299,310.3,1658,27.6,69,0,validacao,0-99 min
9526,L,299.1,310.3,1411,42.1,74,0,treino,0-99 min
9527,M,299.2,310.4,1395,55.4,76,0,treino,0-99 min
9528,L,299.1,310.4,1550,43.9,79,0,validacao,0-99 min
9529,M,299.1,310.3,1233,59,81,0,treino,0-99 min
9530,L,299.1,310.3,1459,46.7,84,0,teste,0-99 min
9531,H,299.1,310.4,1405,53.6,86,0,teste,0-99 min
9532,L,299.2,310.5,1458,44.1,91,0,treino,0-99 min
9533,L,299.2,310.5,1384,48.7,93,0,treino,0-99 min
9534,L,299.2,310.5,1705,29.5,95,0,teste,0-99 min
9535,L,299.3,310.6,1443,45.7,97,0,teste,0-99 min
9536,M,299.3,310.6,1609,31.4,99,0,validacao,0-99 min
9537,L,299.3,310.5,1818,26,102,0,validacao,100-199 min
9538,M,299.3,310.6,1457,42.1,104,0,treino,100-199 min
9539,L,299.3,310.6,1480,45.1,107,0,teste,100-199 min
9540,L,299.4,310.8,1424,47.7,109,0,validacao,100-199 min
9541,M,299.4,310.8,1628,40.2,111,0,validacao,100-199 min
9542,M,299.5,310.8,1754,31.3,114,0,teste,100-199 min
9543,L,299.6,310.9,1716,28.5,117,0,teste,100-199 min
9544,M,299.5,310.9,1378,48.7,119,0,validacao,100-199 min
9545,L,299.6,311,1708,31,122,0,treino,100-199 min
9546,L,299.6,311,1430,38.3,124,0,treino,100-199 min
9547,M,299.7,311.2,1560,43.9,126,0,validacao,100-199 min
9548,L,299.6,311.1,1679,30.7,129,0,teste,100-199 min
9549,L,299.6,311.1,1521,37.2,131,0,teste,100-199 min
9550,M,299.6,311.1,1649,33.8,133,0,treino,100-199 min
9551,M,299.5,311,1451,43.3,136,0,treino,100-199 min
9552,L,299.4,310.8,1391,48.9,139,0,treino,100-199 min
9553,M,299.3,310.8,1523,40.9,141,0,treino,100-199 min
9554,L,299.3,310.7,1495,39.2,144,0,treino,100-199 min
9555,M,299.3,310.7,1440,45.5,146,0,teste,100-199 min
9556,H,299.4,310.8,1585,31.4,149,0,teste,100-199 min
9557,L,299.5,310.8,1374,48.3,154,0,treino,100-199 min
9558,M,299.5,310.8,1507,40.2,156,0,treino,100-199 min
9559,M,299.5,310.9,1577,34.6,159,0,teste,100-199 min
9560,L,299.5,310.9,1496,38.5,162,0,treino,100-199 min
9561,L,299.6,310.9,1487,42.5,164,0,treino,100-199 min
9562,L,299.6,310.9,1853,26.3,166,0,treino,100-199 min
9563,M,299.7,311,1435,50.1,168,0,treino,100-199 min
9564,M,299.8,311.1,1763,25.5,171,0,treino,100-199 min
9565,L,299.8,311.1,1820,24.9,174,0,treino,100-199 min
9566,M,299.8,311.1,1498,38.1,176,0,treino,100-199 min
9567,L,299.8,311.1,1603,35.1,179,0,treino,100-199 min
9568,L,299.8,311.1,1412,42.5,181,0,validacao,100-199 min
9569,L,299.8,311.1,1588,38,183,0,teste,100-199 min
9570,M,299.8,311,1948,20,185,0,treino,100-199 min
9571,L,299.7,310.9,1384,48.2,188,0,treino,100-199 min
9572,L,299.7,310.8,1589,36,190,0,treino,100-199 min
9573,M,299.7,310.8,1405,47.6,192,0,treino,100-199 min
9574,L,299.7,310.9,1491,40.1,195,0,treino,100-199 min
9575,H,299.7,310.8,1418,46.6,197,0,treino,100-199 min
9576,M,299.6,310.8,1603,35.4,202,0,validacao,200+ min
9577,L,299.6,310.7,1922,23.3,205,1,treino,200+ min
9578,M,299.5,310.7,1364,49.5,0,0,treino,0-99 min
9579,L,299.4,310.7,1551,41.2,3,0,validacao,0-99 min
9580,L,299.5,310.7,1589,33.5,5,0,treino,0-99 min
9581,M,299.5,310.7,1423,56.5,7,0,treino,0-99 min
9582,L,299.4,310.6,1418,53.1,10,0,treino,0-99 min
9583,M,299.3,310.5,1404,47.5,12,0,treino,0-99 min
9584,L,299.3,310.5,1281,59.8,15,0,teste,0-99 min
9585,L,299.3,310.5,1529,41.3,17,0,treino,0-99 min
9586,M,299.3,310.5,1563,42.1,19,0,validacao,0-99 min
9587,L,299.4,310.6,1348,54.5,22,0,validacao,0-99 min
9588,M,299.3,310.5,1462,40.5,24,0,validacao,0-99 min
9589,H,299.3,310.4,1510,45.5,27,0,validacao,0-99 min
9590,L,299.2,310.4,1472,43.3,32,0,teste,0-99 min
9591,M,299.2,310.4,1325,52,34,0,treino,0-99 min
9592,L,299.2,310.4,1570,37.3,37,0,treino,0-99 min
9593,L,299.2,310.4,1379,46.8,39,0,validacao,0-99 min
9594,L,299.1,310.2,1352,52.8,41,0,treino,0-99 min
9595,L,299.1,310.3,1727,28.7,43,0,treino,0-99 min
9596,H,299,310.1,1432,50,45,0,teste,0-99 min
9597,L,298.9,310.1,1466,43.4,50,0,treino,0-99 min
9598,L,298.9,310.1,1510,38,52,0,validacao,0-99 min
9599,L,299,310.2,1490,41.1,54,0,validacao,0-99 min
9600,L,299,310.1,1463,37.4,56,0,validacao,0-99 min
9601,M,298.9,310,1561,45.3,58,0,treino,0-99 min
9602,L,298.9,310.1,2109,18,61,0,teste,0-99 min
9603,L,298.9,310.2,1705,32.5,63,0,treino,0-99 min
9604,M,298.9,310.1,1549,40.2,65,0,treino,0-99 min
9605,H,299,310.2,1637,38,68,0,treino,0-99 min
9606,M,298.9,310.1,1484,37.9,73,0,treino,0-99 min
9607,L,298.9,310.1,1401,44.4,76,0,treino,0-99 min
9608,L,298.9,310.1,1571,36.8,78,0,treino,0-99 min
9609,M,298.9,310.1,1513,41.5,80,0,treino,0-99 min
9610,L,299,310.1,1470,40.3,83,0,treino,0-99 min
9611,L,299,310.1,1505,41.3,85,0,treino,0-99 min
9612,L,299,310.2,1432,42.2,87,0,treino,0-99 min
9613,M,299,310.2,1625,31.8,89,0,treino,0-99 min
9614,L,299,310.2,1377,62.5,92,1,validacao,0-99 min
9615,M,299.1,310.3,1441,43.9,94,0,treino,0-99 min
9616,M,299,310.2,1564,39.9,97,0,validacao,0-99 min
9617,L,298.9,310.1,1580,37.3,100,0,validacao,100-199 min
9618,L,299,310.2,1516,35.3,102,0,validacao,100-199 min
9619,L,299,310.1,1447,42.8,104,0,treino,100-199 min
9620,M,298.9,310,1323,52.9,106,0,treino,100-199 min
9621,L,298.9,310,1470,45.9,109,0,teste,100-199 min
9622,M,299,310,2049,19.5,111,0,treino,100-199 min
9623,L,298.9,310,1794,27.2,114,0,validacao,100-199 min
9624,L,298.9,310.1,1356,47.8,116,0,treino,100-199 min
9625,H,299,310.1,1555,38.6,118,0,teste,100-199 min
9626,M,299,310.1,1487,47.5,123,0,treino,100-199 min
9627,M,299,310,1341,58.9,126,0,teste,100-199 min
9628,M,298.9,310,1487,36.6,129,0,treino,100-199 min
9629,H,299,310,1569,34.3,132,0,treino,100-199 min
9630,H,299,310.1,2053,19.7,137,0,treino,100-199 min
9631,L,299,310.1,1583,35.8,142,0,treino,100-199 min
9632,L,299,310,1672,33.2,144,0,treino,100-199 min
9633,M,299,310,1337,57.4,146,0,treino,100-199 min
9634,H,299.1,310.1,1421,41.2,149,0,teste,100-199 min
9635,L,299.1,310.2,1425,52.7,154,0,treino,100-199 min
9636,L,299.2,310.2,1609,33.2,156,0,teste,100-199 min
9637,L,299.2,310.3,1507,41.3,158,0,teste,100-199 min
9638,L,299.2,310.3,1463,38.9,160,0,treino,100-199 min
9639,H,299.3,310.4,1393,44.9,162,0,treino,100-199 min
9640,L,299.3,310.4,1725,26.8,167,0,treino,100-199 min
9641,L,299.4,310.5,1514,36.1,169,0,treino,100-199 min
9642,L,299.3,310.4,1365,53.9,171,0,teste,100-199 min
9643,L,299.4,310.5,1372,46.3,173,0,treino,100-199 min
9644,L,299.4,310.4,1509,40.6,175,0,teste,100-199 min
9645,L,299.3,310.4,1629,32.6,177,0,treino,100-199 min
9646,L,299.4,310.5,1749,28.1,179,0,validacao,100-199 min
9647,L,299.4,310.4,1582,31.7,181,0,treino,100-199 min
9648,L,299.2,310.2,1458,47,183,0,treino,100-199 min
9649,L,299.1,310.1,1416,41.2,185,0,teste,100-199 min
9650,H,299.1,310,1657,33.1,187,0,treino,100-199 min
9651,M,299.1,310,1437,41.1,192,0,teste,100-199 min
9652,M,299.1,310,1580,36,195,0,treino,100-199 min
9653,M,299,310,1488,46.3,198,0,treino,100-199 min
9654,L,299,309.9,1373,55.7,201,1,treino,200+ min
9655,L,299.1,310,1367,56.3,203,1,treino,200+ min
9656,H,299.1,310,1431,49.5,205,0,teste,200+ min
9657,L,299,310.1,1623,33,210,0,teste,200+ min
9658,L,299,310,1484,39.6,212,0,treino,200+ min
9659,L,299,309.9,1548,34.5,214,0,treino,200+ min
9660,L,298.9,309.8,1287,61.9,216,1,treino,200+ min
9661,M,298.9,309.8,1392,43.1,218,0,treino,200+ min
9662,H,299,310,1458,44.9,221,0,treino,200+ min
9663,M,299.1,310.1,1570,30.9,226,0,teste,200+ min
9664,L,299.1,310.1,1435,48.8,229,1,treino,200+ min
9665,L,299.1,310.2,1317,54.8,231,1,teste,200+ min
9666,L,299.2,310.3,1610,33.3,233,0,teste,200+ min
9667,M,299.1,310.3,1838,24,235,0,treino,200+ min
9668,L,299.2,310.3,1352,48.9,238,1,treino,200+ min
9669,L,299.1,310.3,1619,35.2,240,0,treino,200+ min
9670,L,299.1,310.3,1619,31.1,242,0,treino,200+ min
9671,L,299,310.2,1690,30.7,244,0,treino,200+ min
9672,L,299,310.2,1412,44.1,246,0,teste,200+ min
9673,H,299,310.2,1744,31.5,0,0,treino,0-99 min
9674,M,299,310.1,1593,35.4,5,0,teste,0-99 min
9675,L,299.1,310.2,1695,29.6,8,0,treino,0-99 min
9676,M,299,310.2,1298,57.2,10,0,treino,0-99 min
9677,L,299,310.1,1886,21.2,13,0,teste,0-99 min
9678,L,299,310.1,2033,19.3,15,0,treino,0-99 min
9679,M,299.1,310.2,1711,28.1,17,0,treino,0-99 min
9680,L,299.1,310.2,1598,33.4,20,0,treino,0-99 min
9681,L,299.1,310.1,1894,24.2,22,0,treino,0-99 min
9682,M,299.1,310.1,1412,44.4,24,0,treino,0-99 min
9683,L,299.1,310,1394,46.6,27,0,validacao,0-99 min
9684,M,299,310,1338,56.4,29,0,treino,0-99 min
9685,H,298.9,309.9,1376,51,32,0,treino,0-99 min
9686,L,299,310,1360,48.1,37,0,teste,0-99 min
9687,L,299.1,310.1,1486,40.7,39,0,treino,0-99 min
9688,M,299.1,310.1,1649,31.6,41,0,treino,0-99 min
9689,L,299.1,310.1,1367,45.6,44,0,treino,0-99 min
9690,L,299,310.1,1362,59.5,46,0,validacao,0-99 min
9691,M,298.9,310,1520,35.6,48,0,treino,0-99 min
9692,L,299,310,1582,31.9,51,0,treino,0-99 min
9693,M,299,310,1667,30,53,0,validacao,0-99 min
9694,L,298.9,310,1693,28.8,56,0,validacao,0-99 min
9695,L,298.9,310,1559,33.4,58,0,validacao,0-99 min
9696,L,298.9,309.9,1592,32,60,0,treino,0-99 min
9697,L,298.9,309.9,1404,39.8,62,0,validacao,0-99 min
9698,M,298.8,309.8,1413,45.5,64,0,treino,0-99 min
9699,L,298.8,309.8,1663,28.2,67,0,treino,0-99 min
9700,L,298.8,309.8,1508,36.3,69,0,validacao,0-99 min
9701,M,298.9,309.8,1353,53.7,71,0,treino,0-99 min
9702,L,298.8,309.8,1485,42.4,74,0,treino,0-99 min
9703,L,298.9,310,1633,31.2,76,0,treino,0-99 min
9704,L,298.9,310,1422,43.6,78,0,treino,0-99 min
9705,L,298.9,310.1,1577,41.4,80,0,treino,0-99 min
9706,L,298.9,310,1482,41.1,82,0,validacao,0-99 min
9707,M,299,310.1,1705,30.1,84,0,treino,0-99 min
9708,L,299,310.1,1699,32.9,87,0,treino,0-99 min
9709,L,299,310.1,1664,29.7,89,0,treino,0-99 min
9710,M,299,310,1486,34.6,91,0,validacao,0-99 min
9711,L,299.1,310.1,1336,61.3,94,0,treino,0-99 min
9712,H,299.1,310.1,1429,42.9,96,0,treino,0-99 min
9713,M,299.1,310.2,1456,48.4,101,0,treino,100-199 min
9714,L,299.1,310.2,1496,45,104,0,teste,100-199 min
9715,L,299.1,310.1,1894,20.1,106,0,treino,100-199 min
9716,L,299.1,310.1,1373,55.6,108,0,treino,100-199 min
9717,H,299,310,1387,45.2,110,0,treino,100-199 min
9718,L,298.9,309.9,1500,44.2,115,0,treino,100-199 min
9719,L,298.9,309.9,1517,36.6,117,0,treino,100-199 min
9720,L,298.9,309.9,1309,56.2,119,0,validacao,100-199 min
9721,M,298.9,309.9,1357,54.5,121,0,treino,100-199 min
9722,L,298.8,309.8,1490,40.6,124,0,treino,100-199 min
9723,H,298.8,309.8,1911,21.6,126,0,validacao,100-199 min
9724,L,298.8,309.8,1599,33.6,131,0,treino,100-199 min
9725,M,298.8,309.7,2098,19,133,0,teste,100-199 min
9726,M,298.7,309.7,1629,27.9,136,0,treino,100-199 min
9727,L,298.8,309.8,1557,37.2,139,0,treino,100-199 min
9728,L,298.8,309.8,1461,39.4,141,0,teste,100-199 min
9729,L,298.8,309.8,1563,33.7,143,0,validacao,100-199 min
9730,L,298.7,309.8,1695,29,145,0,treino,100-199 min
9731,L,298.8,310,1528,36.7,147,0,validacao,100-199 min
9732,L,298.8,310,1389,49.6,149,0,validacao,100-199 min
9733,L,298.9,310,2231,17.4,151,0,treino,100-199 min
9734,M,298.9,310.1,1442,42.9,153,0,teste,100-199 min
9735,H,298.9,310.1,1458,44.3,156,0,treino,100-199 min
9736,L,299,310.1,1444,47.7,161,0,treino,100-199 min
9737,M,298.9,310,1348,58.2,163,0,teste,100-199 min
9738,L,298.9,310,1791,27.6,166,0,validacao,100-199 min
9739,L,299,310,1509,38,168,0,validacao,100-199 min
9740,L,298.9,310,1515,42.9,170,0,treino,100-199 min
9741,M,298.9,310.1,1655,31.5,172,0,treino,100-199 min
9742,L,298.9,310.1,1495,42.9,175,0,teste,100-199 min
9743,L,298.9,310.2,1623,37.2,177,0,treino,100-199 min
9744,L,298.9,310.2,1562,42.5,179,0,teste,100-199 min
9745,L,298.8,310.1,1574,36.2,181,0,teste,100-199 min
9746,L,298.8,310,1611,32.4,183,0,treino,100-199 min
9747,L,298.8,310,1403,45.6,185,0,validacao,100-199 min
9748,L,298.8,310.1,1481,47.4,187,0,treino,100-199 min
9749,M,298.9,310.1,1441,41.2,189,0,treino,100-199 min
9750,H,298.8,310.1,1483,45.4,192,0,treino,100-199 min
9751,L,298.7,310,1555,32.6,197,0,treino,100-199 min
9752,L,298.6,309.9,1615,28.8,199,0,teste,100-199 min
9753,L,298.6,309.8,1561,32.6,201,0,treino,200+ min
9754,L,298.5,309.8,1593,35.1,203,0,treino,200+ min
9755,M,298.5,309.7,1552,34,205,0,validacao,200+ min
9756,H,298.5,309.7,1561,35.3,208,0,teste,200+ min
9757,L,298.6,309.8,1597,35.9,213,0,treino,200+ min
9758,M,298.6,309.9,1517,34,215,0,treino,200+ min
9759,L,298.6,309.8,2271,16.2,218,1,validacao,200+ min
9760,L,298.5,309.7,1613,36.7,0,0,teste,0-99 min
9761,M,298.5,309.6,1509,47.3,2,0,treino,0-99 min
9762,L,298.6,309.7,1703,26.1,5,0,treino,0-99 min
9763,L,298.6,309.7,1925,22.1,7,0,teste,0-99 min
9764,M,298.6,309.6,1635,29.7,9,0,teste,0-99 min
9765,L,298.5,309.5,1294,66.7,12,1,validacao,0-99 min
9766,L,298.6,309.6,1472,39.1,14,0,teste,0-99 min
9767,H,298.6,309.6,1449,42.5,16,0,treino,0-99 min
9768,L,298.6,309.6,1563,35,21,0,treino,0-99 min
9769,L,298.6,309.6,1611,35.7,23,0,validacao,0-99 min
9770,L,298.6,309.6,1386,48.6,25,0,validacao,0-99 min
9771,H,298.6,309.5,1584,31.8,27,0,treino,0-99 min
9772,M,298.7,309.6,1424,50.4,32,0,treino,0-99 min
9773,L,298.5,309.5,1561,34.8,35,0,treino,0-99 min
9774,L,298.5,309.4,1560,37.9,37,0,treino,0-99 min
9775,H,298.6,309.5,1375,41,39,0,validacao,0-99 min
9776,M,298.6,309.5,1684,27.8,44,0,treino,0-99 min
9777,M,298.6,309.6,1397,54.1,47,0,treino,0-99 min
9778,L,298.6,309.6,1387,57.6,50,0,treino,0-99 min
9779,H,298.7,309.7,1311,54.5,52,0,teste,0-99 min
9780,L,298.8,309.8,1509,36.2,57,0,treino,0-99 min
9781,M,298.8,309.8,1477,46.7,59,0,treino,0-99 min
9782,L,298.8,309.9,1441,41.6,62,0,treino,0-99 min
9783,L,298.7,309.9,1404,47.1,64,0,treino,0-99 min
9784,H,298.8,309.9,1466,44.6,66,0,treino,0-99 min
9785,M,298.7,309.8,1435,48.8,71,0,treino,0-99 min
9786,H,298.7,309.7,1697,29.8,74,0,treino,0-99 min
9787,M,298.7,309.6,1738,27.3,79,0,treino,0-99 min
9788,H,298.6,309.5,1420,50.4,82,0,treino,0-99 min
9789,M,298.5,309.5,1535,39.8,87,0,treino,0-99 min
9790,L,298.6,309.6,1715,28.4,90,0,treino,0-99 min
9791,L,298.6,309.5,1483,43.2,92,0,treino,0-99 min
9792,M,298.5,309.4,1521,37.5,94,0,treino,0-99 min
9793,H,298.5,309.4,1573,36,97,0,validacao,0-99 min
9794,H,298.5,309.4,1414,46.7,102,0,treino,100-199 min
9795,L,298.5,309.3,1590,33.9,107,0,validacao,100-199 min
9796,L,298.5,309.3,1623,33.1,109,0,treino,100-199 min
9797,H,298.4,309.3,1694,30.9,111,0,treino,100-199 min
9798,M,298.4,309.2,1597,33.5,116,0,treino,100-199 min
9799,L,298.5,309.3,1471,44.7,119,0,treino,100-199 min
9800,M,298.5,309.3,1551,34.7,121,0,teste,100-199 min
9801,H,298.5,309.3,1421,50.3,124,0,validacao,100-199 min
9802,M,298.4,309.3,1496,45.6,129,0,teste,100-199 min
9803,H,298.4,309.3,1984,19.2,132,0,validacao,100-199 min
9804,L,298.4,309.2,1692,29.8,137,0,teste,100-199 min
9805,L,298.4,309.1,1467,42.5,139,0,treino,100-199 min
9806,L,298.4,309.2,1651,28.5,141,0,validacao,100-199 min
9807,L,298.3,309.1,1417,60.5,143,0,validacao,100-199 min
9808,L,298.2,309,1413,55,145,0,treino,100-199 min
9809,M,298.2,309,1441,44.2,147,0,teste,100-199 min
9810,M,298.2,309,1353,50.3,150,0,treino,100-199 min
9811,L,298.1,309,1502,40.9,153,0,teste,100-199 min
9812,L,298.2,309,1610,31.7,155,0,treino,100-199 min
9813,M,298.2,309.1,1411,45.8,157,0,validacao,100-199 min
9814,L,298.3,309.1,1387,52.3,160,0,treino,100-199 min
9815,H,298.3,309.1,1430,40.9,162,0,treino,100-199 min
9816,M,298.4,309.1,1576,38.8,167,0,validacao,100-199 min
9817,M,298.5,309.2,1721,29.4,170,0,teste,100-199 min
9818,M,298.5,309.3,1465,42.4,173,0,treino,100-199 min
9819,M,298.6,309.4,1407,45.1,176,0,treino,100-199 min
9820,M,298.6,309.4,1464,36.9,179,0,treino,100-199 min
9821,M,298.6,309.5,1568,36.7,182,0,treino,100-199 min
9822,L,298.6,309.4,1667,35.6,185,0,treino,100-199 min
9823,L,298.5,309.4,1360,60.9,187,1,treino,100-199 min
9824,M,298.5,309.3,1488,43.7,189,0,treino,100-199 min
9825,L,298.4,309.3,1504,39.3,192,0,treino,100-199 min
9826,L,298.4,309.2,1610,32.4,194,0,treino,100-199 min
9827,L,298.4,309.2,1345,52.7,196,0,treino,100-199 min
9828,M,298.3,309.3,1376,57,198,0,teste,100-199 min
9829,L,298.4,309.4,1385,50,201,0,treino,200+ min
9830,M,298.4,309.4,1429,41.8,203,0,treino,200+ min
9831,L,298.3,309.3,1337,56.1,206,1,teste,200+ min
9832,L,298.4,309.3,1542,35.4,208,0,treino,200+ min
9833,L,298.4,309.2,2118,17.7,210,0,treino,200+ min
9834,L,298.3,309.1,1386,45.3,212,0,treino,200+ min
9835,M,298.3,309.1,1632,32.7,0,0,validacao,0-99 min
9836,L,298.4,309.3,1545,36.9,3,0,treino,0-99 min
9837,M,298.4,309.3,1390,53.6,5,0,treino,0-99 min
9838,M,298.4,309.3,1355,50.6,8,0,teste,0-99 min
9839,L,298.4,309.2,1425,45.5,11,0,treino,0-99 min
9840,M,298.4,309.2,1491,51.2,13,0,validacao,0-99 min
9841,H,298.3,309.2,1486,42.4,16,0,validacao,0-99 min
9842,M,298.3,309.2,1359,51.4,21,0,treino,0-99 min
9843,L,298.4,309.3,1395,47.6,24,0,validacao,0-99 min
9844,L,298.3,309.2,1383,52.1,26,0,treino,0-99 min
9845,H,298.3,309.1,1484,37,28,0,treino,0-99 min
9846,L,298.3,309.1,1421,47.4,33,0,treino,0-99 min
9847,L,298.3,309,1339,58.8,35,0,validacao,0-99 min
9848,L,298.4,309.1,1362,46.1,37,0,treino,0-99 min
9849,H,298.5,309.2,1568,40.6,39,0,validacao,0-99 min
9850,L,298.6,309.4,2312,15.5,44,0,treino,0-99 min
9851,M,298.5,309.3,1498,34.6,46,0,teste,0-99 min
9852,M,298.5,309.3,1761,27.2,49,0,treino,0-99 min
9853,L,298.6,309.4,1316,51.4,52,0,validacao,0-99 min
9854,L,298.6,309.4,1525,37.8,54,0,treino,0-99 min
9855,H,298.6,309.4,1362,45.3,56,0,teste,0-99 min
9856,L,298.7,309.6,1516,38.5,61,0,teste,0-99 min
9857,L,298.6,309.5,1450,44.2,63,0,treino,0-99 min
9858,M,298.6,309.5,1366,55,65,0,teste,0-99 min
9859,L,298.5,309.5,1547,33.1,68,0,teste,0-99 min
9860,M,298.6,309.5,1580,33.9,70,0,treino,0-99 min
9861,H,298.7,309.6,1755,26.9,73,0,treino,0-99 min
9862,M,298.7,309.6,1800,24.8,78,0,teste,0-99 min
9863,M,298.8,309.7,1439,45.8,81,0,treino,0-99 min
9864,L,298.9,309.8,1411,56.3,84,0,validacao,0-99 min
9865,M,298.9,309.9,1645,31.4,86,0,validacao,0-99 min
9866,M,298.9,309.8,2450,13.9,89,0,validacao,0-99 min
9867,L,299,309.9,1630,34,92,0,treino,0-99 min
9868,L,299,309.9,1411,44.7,94,0,treino,0-99 min
9869,L,298.9,309.9,1526,35.4,96,0,treino,0-99 min
9870,L,298.9,309.9,1590,31.3,98,0,treino,0-99 min
9871,H,299,309.9,1884,25.6,100,0,validacao,100-199 min
9872,M,298.9,309.8,1947,21.7,105,0,treino,100-199 min
9873,L,298.9,309.9,1373,52.1,108,0,treino,100-199 min
9874,L,298.9,309.8,1616,36.5,110,0,treino,100-199 min
9875,M,298.9,309.9,1449,44.1,112,0,teste,100-199 min
9876,M,298.9,309.8,1363,50.6,115,0,validacao,100-199 min
9877,H,298.8,309.7,1461,55.1,118,0,treino,100-199 min
9878,L,298.8,309.7,1374,58.6,123,0,treino,100-199 min
9879,L,298.7,309.7,1293,59.1,125,0,treino,100-199 min
9880,M,298.8,309.8,1490,38.6,127,0,treino,100-199 min
9881,L,298.8,309.8,1753,27.5,130,0,treino,100-199 min
9882,L,298.8,309.8,1493,38.5,132,0,teste,100-199 min
9883,L,298.8,309.8,1895,22,134,0,treino,100-199 min
9884,H,298.7,309.6,1654,34.3,136,0,treino,100-199 min
9885,L,298.7,309.5,1673,30.8,141,0,validacao,100-199 min
9886,L,298.8,309.6,1613,27.7,143,0,teste,100-199 min
9887,L,298.8,309.6,1903,22.3,145,0,teste,100-199 min
9888,L,298.8,309.5,1368,44.7,147,0,treino,100-199 min
9889,M,298.8,309.6,1575,34.4,149,0,treino,100-199 min
9890,H,298.8,309.6,1516,40.2,152,0,teste,100-199 min
9891,L,298.8,309.5,1645,32.8,157,0,validacao,100-199 min
9892,L,298.8,309.5,1374,48.1,159,0,treino,100-199 min
9893,H,298.9,309.7,1407,48.6,161,0,validacao,100-199 min
9894,M,298.9,309.6,1284,55.3,166,0,teste,100-199 min
9895,L,298.9,309.5,1645,31.1,169,0,validacao,100-199 min
9896,L,298.8,309.4,1387,54.1,171,0,treino,100-199 min
9897,M,298.8,309.3,1618,35.1,173,0,treino,100-199 min
9898,L,298.8,309.3,1357,47.1,176,0,validacao,100-199 min
9899,L,298.7,309.2,1396,44.8,178,0,treino,100-199 min
9900,L,298.7,309.2,1586,31.4,180,0,treino,100-199 min
9901,H,298.7,309.2,1449,42.3,182,0,validacao,100-199 min
9902,M,298.7,309.2,1423,48.9,187,0,treino,100-199 min
9903,H,298.7,309.3,1402,45.3,190,0,treino,100-199 min
9904,M,298.7,309.2,1437,45.7,195,0,treino,100-199 min
9905,L,298.6,309.1,1537,35.7,198,0,teste,100-199 min
9906,M,298.7,309.1,1423,49.5,200,0,treino,200+ min
9907,M,298.6,309.1,1587,37.3,203,0,treino,200+ min
9908,M,298.6,309.1,1487,43.2,206,0,treino,200+ min
9909,L,298.6,309,1456,47.7,0,0,treino,0-99 min
9910,L,298.7,309.1,1607,32.7,2,0,treino,0-99 min
9911,L,298.6,309,1469,46,4,0,treino,0-99 min
9912,M,298.6,309,1481,40.8,6,0,treino,0-99 min
9913,L,298.6,308.9,1327,58.8,9,0,teste,0-99 min
9914,L,298.5,308.8,1589,30.6,11,0,treino,0-99 min
9915,L,298.5,308.8,1670,29.6,13,0,treino,0-99 min
9916,M,298.5,308.7,1662,28.3,15,0,validacao,0-99 min
9917,M,298.5,308.8,1553,34.9,18,0,treino,0-99 min
9918,M,298.5,308.8,1557,36,21,0,validacao,0-99 min
9919,L,298.4,308.8,1352,56.7,24,0,treino,0-99 min
9920,L,298.5,308.8,1305,58.7,26,0,treino,0-99 min
9921,H,298.5,308.7,1450,43.9,28,0,validacao,0-99 min
9922,M,298.5,308.7,1347,48.5,33,0,treino,0-99 min
9923,H,298.6,308.8,1566,39.1,36,0,treino,0-99 min
9924,M,298.5,308.7,1615,33.3,41,0,treino,0-99 min
9925,M,298.5,308.6,1384,54.4,44,0,teste,0-99 min
9926,M,298.5,308.7,1367,47.3,47,0,validacao,0-99 min
9927,M,298.5,308.6,1897,20.2,50,0,treino,0-99 min
9928,L,298.5,308.6,1522,36.9,53,0,treino,0-99 min
9929,M,298.4,308.5,1576,27.4,55,0,treino,0-99 min
9930,H,298.4,308.4,1479,39.2,58,0,treino,0-99 min
9931,L,298.3,308.3,1452,45.5,63,0,treino,0-99 min
9932,L,298.3,308.3,1432,46.9,65,0,validacao,0-99 min
9933,L,298.3,308.2,1663,28.4,67,0,treino,0-99 min
9934,L,298.3,308.3,1597,32.4,69,0,treino,0-99 min
9935,L,298.3,308.2,1472,44.3,71,0,validacao,0-99 min
9936,L,298.4,308.3,1452,48.5,73,0,validacao,0-99 min
9937,H,298.3,308.2,1534,33.2,75,0,validacao,0-99 min
9938,L,298.3,308.1,1505,46.1,80,0,validacao,0-99 min
9939,L,298.3,308.1,1528,33.9,82,0,treino,0-99 min
9940,H,298.3,308.1,2636,12.8,84,0,treino,0-99 min
9941,M,298.3,308.1,1722,28.6,89,0,treino,0-99 min
9942,L,298.4,308.1,1395,44,92,0,treino,0-99 min
9943,L,298.4,308.1,1375,50.8,94,0,treino,0-99 min
9944,M,298.3,308,1766,26,96,0,validacao,0-99 min
9945,L,298.3,307.9,1399,47.8,99,0,treino,0-99 min
9946,L,298.3,308,1578,37.8,101,0,treino,100-199 min
9947,L,298.3,307.9,1502,42,103,0,treino,100-199 min
9948,M,298.2,307.9,1529,36.6,105,0,treino,100-199 min
9949,L,298.2,307.8,1804,25.1,108,0,validacao,100-199 min
9950,M,298.2,307.8,1411,53.4,110,0,treino,100-199 min
9951,L,298.1,307.8,1413,54.1,113,0,teste,100-199 min
9952,L,298.2,307.8,1355,59.4,115,0,teste,100-199 min
9953,L,298.2,307.8,1429,46.9,117,0,validacao,100-199 min
9954,L,298.1,307.8,1565,35.3,119,0,validacao,100-199 min
9955,M,298.1,307.9,1446,42.8,121,0,teste,100-199 min
9956,M,298.2,307.9,1462,38.8,124,0,validacao,100-199 min
9957,M,298.2,307.8,1578,34.5,127,0,validacao,100-199 min
9958,L,298.1,307.8,1606,33,130,0,treino,100-199 min
9959,M,298.1,307.8,1525,35.9,132,0,treino,100-199 min
9960,L,298.1,307.8,1379,49.1,135,0,treino,100-199 min
9961,L,298.2,307.8,1575,35,137,0,teste,100-199 min
9962,L,298.2,307.9,1399,54.9,139,0,validacao,100-199 min
9963,L,298.2,307.9,1429,49.4,141,0,treino,100-199 min
9964,L,298.3,307.9,1435,39.9,143,0,validacao,100-199 min
9965,L,298.3,307.9,1766,26.5,145,0,validacao,100-199 min
9966,L,298.3,307.9,1703,28.9,147,0,treino,100-199 min
9967,L,298.3,307.9,1507,41.2,149,0,treino,100-199 min
9968,M,298.3,307.9,1609,32.4,151,0,validacao,100-199 min
9969,L,298.4,308,1605,32.4,154,0,treino,100-199 min
9970,L,298.4,308.1,1491,50,156,0,teste,100-199 min
9971,H,298.4,308.1,1891,24.7,158,0,treino,100-199 min
9972,H,298.5,308.2,1563,44.6,163,0,validacao,100-199 min
9973,L,298.6,308.2,1390,51.4,168,0,treino,100-199 min
9974,L,298.5,308.2,1444,40.5,170,0,treino,100-199 min
9975,L,298.6,308.2,1361,68.2,172,1,validacao,100-199 min
9976,M,298.6,308.3,1589,34.1,174,0,treino,100-199 min
9977,L,298.6,308.2,1705,26.3,177,0,treino,100-199 min
9978,L,298.6,308.3,1422,40.4,179,0,treino,100-199 min
9979,H,298.6,308.3,1377,52.1,181,0,teste,100-199 min
9980,L,298.5,308.3,1334,49.8,186,0,treino,100-199 min
9981,L,298.6,308.4,1559,36.6,188,0,validacao,100-199 min
9982,L,298.7,308.5,1353,47,190,0,teste,100-199 min
9983,M,298.7,308.4,1507,45.7,192,0,teste,100-199 min
9984,L,298.7,308.4,1694,28.7,195,0,treino,100-199 min
9985,H,298.7,308.4,1432,42.8,197,0,treino,100-199 min
9986,H,298.7,308.5,1572,35.6,202,0,validacao,200+ min
9987,M,298.8,308.6,1507,42.3,207,0,teste,200+ min
9988,M,298.8,308.6,1500,37.1,210,0,teste,200+ min
9989,L,298.9,308.6,1771,24.1,213,0,treino,200+ min
9990,M,298.8,308.5,1577,33.2,0,0,treino,0-99 min
9991,L,298.8,308.5,1527,36.2,3,0,treino,0-99 min
9992,M,298.9,308.4,1827,26.1,5,0,treino,0-99 min
9993,L,298.8,308.4,1484,39.2,8,0,validacao,0-99 min
9994,L,298.8,308.4,1401,47.3,10,0,treino,0-99 min
9995,L,298.8,308.3,1634,27.9,12,0,validacao,0-99 min
9996,M,298.8,308.4,1604,29.5,14,0,treino,0-99 min
9997,H,298.9,308.4,1632,31.8,17,0,validacao,0-99 min
9998,M,299,308.6,1645,33.4,22,0,teste,0-99 min
9999,H,299,308.7,1408,48.5,25,0,treino,0-99 min
10000,M,299,308.7,1500,40.2,30,0,treino,0-99 min
